Invoice #,Invoice Date,Supplier,Commodity,Business Unit,Cost Centre,PO Number,Total,Currency,Contract ID,Item Description,Quantity,Unit Price
INV-500886,2025-04-01,Shorewell Safety Ltd,Safety & PPE,Corporate,CC-900,PO-4584079,4516,GBP,CT-2024-114,"Safety boots, S3",80,56.45
INV-501350,2025-04-01,Coastway Logistics BV,Logistics & Freight,Offshore Wind,CC-110,PO-4518374,3802.78,EUR,CT-2024-122,,,
INV-501371,2025-04-01,Coastway Logistics BV,Logistics & Freight,Corporate,CC-900,PO-4541222,6242.1,EUR,CT-2024-122,,,
INV-501540,2025-04-01,Pembury Civils PLC,Construction & Civils,Corporate,CC-900,PO-4558035,2829.59,GBP,CT-2024-128,,,
INV-501556,2025-04-01,Juniper Recruitment Ltd,Temporary Labour,Ports & Terminals,CC-220,PO-4503234,6605.86,GBP,CT-2025-129,,,
INV-501633,2025-04-01,Ironbridge Diving Services Limited,Marine Services,Offshore Wind,CC-110,PO-4566981,6022.94,GBP,CT-2025-133,,,
INV-501692,2025-04-01,Saltmarsh Kitchens PLC,Catering & Hospitality,Corporate,CC-900,PO-4554189,6964.25,GBP,,,,
INV-502113,2025-04-01,Windrush Travel A/S,Travel & Accommodation,Marine Fleet,CC-330,PO-4558134,7283.89,EUR,,,,
INV-502200,2025-04-01,Clearwater Staffing Ltd,Temporary Labour,Marine Fleet,CC-330,PO-4574434,4234.57,GBP,,,,
INV-502249,2025-04-01,Lanyard Fasteners & Co,MRO & Spare Parts,Corporate,CC-900,PO-4594505,6135.48,GBP,,"Stainless bolts M12x50, box of 50",156,39.33
INV-503035,2025-04-01,Deepwell Furniture Ltd,Office Supplies,Marine Fleet,CC-330,PO-4595452,330.56,GBP,,"Toner cartridge, black, high yield",4,82.64
INV-501347,2025-04-02,Coastway Logistics BV,Logistics & Freight,Corporate,CC-900,PO-4524202,8971.27,EUR,CT-2024-122,,,
INV-501588,2025-04-02,Starboard Fasteners BV,MRO & Spare Parts,Ports & Terminals,CC-220,PO-4574136,12361.2,EUR,CT-2024-130,Gate valve DN50 PN16,60,206.02
INV-501745,2025-04-02,Anchorline Marine PLC,Marine Services,Ports & Terminals,CC-220,PO-4556415,12903.28,GBP,,,,
INV-501975,2025-04-02,Whitcombe Haulage SAS,Logistics & Freight,Offshore Wind,CC-110,PO-4550664,6502.16,EUR,,,,
INV-502233,2025-04-02,Bayfront Partners & Co,Professional Services,Marine Fleet,CC-330,PO-4580697,4726.89,GBP,,,,
INV-502255,2025-04-02,Harrowgate Fasteners Ltd,MRO & Spare Parts,Corporate,CC-900,PO-4549410,2584,GBP,CT-2024-166,"Stainless bolts M12x50, box of 50",68,38
INV-502741,2025-04-02,Oakridge Advisory Limited,Professional Services,Ports & Terminals,CC-220,PO-4556017,789.6,GBP,,,,
INV-503168,2025-04-02,Harrowgate Networks Inc,IT Hardware & Software,Corporate,CC-900,,315.58,USD,,27in monitor,1,315.58
INV-503370,2025-04-02,Eastholme Consulting Ltd,Professional Services,Ports & Terminals,CC-220,,18,GBP,,,,
INV-500298,2025-04-03,Anchorline Advisory PLC,Professional Services,Marine Fleet,CC-330,PO-4552089,15559.09,GBP,CT-2025-105,,,
INV-500558,2025-04-03,Coastway Fuels Inc,Fuel & Lubricants,Corporate,CC-900,PO-4552440,7275.95,USD,CT-2025-109,,,
INV-500763,2025-04-03,Foxley Systems Inc,IT Hardware & Software,Corporate,CC-900,PO-4509824,13992.53,USD,CT-2024-112,Docking station USB-C,53,264.01
INV-500779,2025-04-03,Foxley Systems Inc,IT Hardware & Software,Corporate,CC-900,PO-4582060,5280.2,USD,CT-2024-112,Docking station USB-C,20,264.01
INV-500828,2025-04-03,Shorewell Digital LLC,IT Hardware & Software,Offshore Wind,CC-110,PO-4561979,7266.25,USD,CT-2025-113,"Laptop, 14in business",5,1453.25
INV-501358,2025-04-03,Coastway Logistics BV,Logistics & Freight,Ports & Terminals,CC-220,PO-4512786,2553.24,EUR,CT-2024-122,,,
INV-502610,2025-04-03,Whitcombe Telecom & Co,Telecoms,Ports & Terminals,CC-220,PO-4547813,2728.39,GBP,,,,
INV-502649,2025-04-03,Pembury Couriers Ltd,Logistics & Freight,Offshore Wind,CC-110,PO-4578365,919.53,GBP,,,,
INV-502698,2025-04-03,Ironbridge Software Ltd,IT Hardware & Software,Marine Fleet,CC-330,,1579.64,GBP,,Rugged tablet,1,1579.64
INV-500136,2025-04-04,Ravensworth Pumps Limited,MRO & Spare Parts,Marine Fleet,CC-330,PO-4518951,22577.4,GBP,CT-2024-102,Ball bearing 6205-2RS,3390,6.66
INV-501375,2025-04-04,Coastway Logistics BV,Logistics & Freight,Ports & Terminals,CC-220,PO-4522870,8349.59,EUR,,,,
INV-501687,2025-04-04,Saltmarsh Kitchens PLC,Catering & Hospitality,Corporate,CC-900,,9292.38,GBP,,,,
INV-502538,2025-04-04,Lowther Advisory Ltd,Professional Services,Ports & Terminals,CC-220,PO-4546536,2583.81,GBP,,,,
INV-502668,2025-04-04,Clearwater Bearings SAS,MRO & Spare Parts,Ports & Terminals,CC-220,,2776.56,EUR,,"Stainless bolts M12x50, box of 50",69,40.24
INV-502913,2025-04-04,Wavecrest Creative & Co,Marketing & Events,Corporate,CC-900,,422.46,GBP,,,,
INV-500183,2025-04-05,Ironbridge Stationers Ltd,Office Supplies,Marine Fleet,CC-330,PO-4589448,17327.28,GBP,CT-2025-103,"Toner cartridge, black, high yield",219,79.12
INV-500260,2025-04-05,Wavecrest Couriers SAS,Logistics & Freight,Marine Fleet,CC-330,PO-4550152,14096.5,EUR,CT-2024-104,,,
INV-500321,2025-04-05,Anchorline Advisory PLC,Professional Services,Marine Fleet,CC-330,PO-4538502,12335.07,GBP,CT-2025-105,,,
INV-500485,2025-04-05,Castlegate Media Ltd,Marketing & Events,Ports & Terminals,CC-220,PO-4544448,9210.21,GBP,CT-2024-108,,,
INV-501206,2025-04-05,Heathmere Cleaning Limited,Facilities Management,Marine Fleet,CC-330,PO-4562870,3674.25,GBP,CT-2024-120,,,
INV-501582,2025-04-05,Starboard Fasteners BV,MRO & Spare Parts,Offshore Wind,CC-110,PO-4520125,10571.75,EUR,CT-2024-130,Ball bearing 6205-2RS,1225,8.63
INV-502462,2025-04-05,Stonehaven Digital LLC,IT Hardware & Software,Marine Fleet,CC-330,PO-4545827,9725.4,USD,CT-2024-188,27in monitor,27,360.2
INV-502669,2025-04-05,Clearwater Bearings SAS,MRO & Spare Parts,Offshore Wind,CC-110,PO-4519664,9595.65,EUR,,"Hydraulic hose 1/2in, per metre",795,12.07
INV-502746,2025-04-05,Oakridge Advisory Limited,Professional Services,Ports & Terminals,CC-220,PO-4553395,1284.71,GBP,,,,
INV-502863,2025-04-05,Kingsway Cleaning PLC,Facilities Management,Marine Fleet,CC-330,PO-4537903,594.18,GBP,,,,
INV-503039,2025-04-05,Oakridge Creative Ltd,Marketing & Events,Marine Fleet,CC-330,,1120.74,GBP,,,,
INV-500163,2025-04-06,Ravensworth Pumps Limited,MRO & Spare Parts,Marine Fleet,CC-330,PO-4510024,12717.36,GBP,CT-2024-102,"Hydraulic hose 1/2in, per metre",1039,12.24
INV-500527,2025-04-06,Castlegate Media Ltd,Marketing & Events,Offshore Wind,CC-110,PO-4599785,6446.73,GBP,CT-2024-108,,,
INV-501032,2025-04-06,Juniper Events & Co,Marketing & Events,Ports & Terminals,CC-220,PO-4577049,9714.12,GBP,CT-2025-117,,,
INV-501195,2025-04-06,Heathmere Cleaning Limited,Facilities Management,Marine Fleet,CC-330,PO-4567060,1532.4,GBP,CT-2024-120,,,
INV-502041,2025-04-06,Clearwater Civils Ltd,Construction & Civils,Ports & Terminals,CC-220,PO-4521035,3801.37,GBP,,,,
INV-502273,2025-04-06,Juniper Staffing Limited,Temporary Labour,Corporate,CC-900,,1177.82,GBP,CT-2024-168,,,
INV-500182,2025-04-07,Ironbridge Stationers Ltd,Office Supplies,Marine Fleet,CC-330,PO-4535884,20690.53,GBP,CT-2025-103,Ergonomic office chair,119,173.87
INV-500310,2025-04-07,Anchorline Advisory PLC,Professional Services,Marine Fleet,CC-330,PO-4518706,16119.93,GBP,CT-2025-105,,,
INV-500396,2025-04-07,Clearwater Facilities Ltd,Facilities Management,Ports & Terminals,CC-220,PO-4578681,7628.77,GBP,CT-2025-107,,,
INV-500419,2025-04-07,Clearwater Facilities Ltd,Facilities Management,Ports & Terminals,CC-220,PO-4561903,4694.18,GBP,CT-2025-107,,,
INV-500443,2025-04-07,Clearwater Facilities Ltd,Facilities Management,Ports & Terminals,CC-220,PO-4584239,3576.97,GBP,CT-2025-107,,,
INV-501134,2025-04-07,Kingsway Fasteners PLC,MRO & Spare Parts,Marine Fleet,CC-330,PO-4554981,5341.54,GBP,CT-2025-119,"Hydraulic hose 1/2in, per metre",409,13.06
INV-501826,2025-04-07,Quarrymead Terminals A/S,Port & Terminal Services,Ports & Terminals,CC-220,PO-4502233,4204.9,EUR,,,,
INV-502593,2025-04-07,Wavecrest Industrial Ltd,MRO & Spare Parts,Marine Fleet,CC-330,PO-4570016,2279.86,GBP,,Centrifugal pump seal kit,22,103.63
INV-502596,2025-04-07,Upton Build & Co,Construction & Civils,Corporate,CC-900,,1037.51,GBP,,,,
INV-502986,2025-04-07,Stonehaven Networks & Co,IT Hardware & Software,Ports & Terminals,CC-220,PO-4514319,167.54,GBP,,Docking station USB-C,1,167.54
INV-503281,2025-04-07,Westerly Engineering Supplies Limited,MRO & Spare Parts,Marine Fleet,CC-330,PO-4576283,225.86,GBP,,Centrifugal pump seal kit,2,112.93
INV-502046,2025-04-08,Clearwater Civils Ltd,Construction & Civils,Ports & Terminals,CC-220,PO-4504674,5150.39,GBP,,,,
INV-500067,2025-04-09,Westerly Safety PLC,Safety & PPE,Offshore Wind,CC-110,,29968.32,GBP,CT-2025-101,"Nitrile gloves, box of 100",4028,7.44
INV-500613,2025-04-09,Quarrymead Stevedoring A/S,Port & Terminal Services,Ports & Terminals,CC-220,PO-4531334,7186.03,EUR,,,,
INV-501459,2025-04-09,Merrow Events Ltd,Marketing & Events,Ports & Terminals,CC-220,PO-4503690,4667.11,GBP,CT-2024-124,,,
INV-501579,2025-04-09,Starboard Fasteners BV,MRO & Spare Parts,Ports & Terminals,CC-220,PO-4586829,6559.6,EUR,CT-2024-130,"Stainless bolts M12x50, box of 50",124,52.9
INV-501709,2025-04-09,Thistle Software LLC,IT Hardware & Software,Corporate,CC-900,PO-4524554,12014.31,USD,,Docking station USB-C,49,245.19
INV-502065,2025-04-09,Keelson Diving Services & Co,Marine Services,Ports & Terminals,CC-220,PO-4549056,4764.59,GBP,,,,
INV-502458,2025-04-09,Stonehaven Digital LLC,IT Hardware & Software,Marine Fleet,CC-330,PO-4545885,8174.44,USD,CT-2024-188,Rugged tablet,4,2043.61
INV-502530,2025-04-09,Stonehaven Haulage BV,Logistics & Freight,Ports & Terminals,CC-220,PO-4576692,2636.2,EUR,CT-2024-198,,,
INV-502594,2025-04-09,Wavecrest Industrial Ltd,MRO & Spare Parts,Marine Fleet,CC-330,PO-4535644,1966.86,GBP,,Ball bearing 6205-2RS,294,6.69
INV-503194,2025-04-09,Ironbridge Workwear Ltd,Safety & PPE,Corporate,CC-900,PO-4575790,172.56,GBP,,"Hi-vis jacket, class 3",6,28.76
INV-500384,2025-04-10,Clearwater Facilities Ltd,Facilities Management,Ports & Terminals,CC-220,PO-4535547,7454.98,GBP,CT-2025-107,,,
INV-500803,2025-04-10,Shorewell Digital LLC,IT Hardware & Software,Ports & Terminals,CC-220,,9351.9,USD,CT-2025-113,Rugged tablet,5,1870.38
INV-500877,2025-04-10,Shorewell Safety Ltd,Safety & PPE,Corporate,CC-900,PO-4508040,8441.85,GBP,CT-2024-114,"Ear defenders, SNR 30",501,16.85
INV-500944,2025-04-10,Blackwater Travel PLC,Travel & Accommodation,Offshore Wind,CC-110,PO-4509526,7063.55,GBP,CT-2025-115,,,
INV-501609,2025-04-10,Upton Kitchens Ltd,Catering & Hospitality,Offshore Wind,CC-110,PO-4517472,6660.83,GBP,CT-2024-132,,,
INV-502067,2025-04-10,Keelson Diving Services & Co,Marine Services,Offshore Wind,CC-110,PO-4528858,1926.26,GBP,,,,
INV-502275,2025-04-10,Juniper Staffing Limited,Temporary Labour,Corporate,CC-900,,1627.84,GBP,,,,
INV-503348,2025-04-10,Fairhaven Hydraulics Ltd,MRO & Spare Parts,Offshore Wind,CC-110,PO-4562076,33.48,GBP,,Ball bearing 6205-2RS,6,5.58
INV-500697,2025-04-11,Bayfront Hydraulics Ltd,MRO & Spare Parts,Offshore Wind,CC-110,PO-4524107,7193.74,GBP,CT-2025-111,"Stainless bolts M12x50, box of 50",158,45.53
INV-500726,2025-04-11,Bayfront Hydraulics Ltd,MRO & Spare Parts,Offshore Wind,CC-110,PO-4554431,3450.9,GBP,CT-2025-111,Centrifugal pump seal kit,30,115.03
INV-502009,2025-04-11,Bayfront Advisory Ltd,Professional Services,Marine Fleet,CC-330,PO-4533390,3713.85,GBP,,,,
INV-502013,2025-04-11,Kingsway Facilities Ltd,Facilities Management,Marine Fleet,CC-330,PO-4567984,3386.8,GBP,CT-2025-153,,,
INV-502290,2025-04-11,Juniper Staffing Limited,Temporary Labour,Corporate,CC-900,PO-4508888,1203.09,GBP,CT-2024-168,,,
INV-502971,2025-04-11,Tarnside Training Ltd,Training & Development,Ports & Terminals,CC-220,PO-4512698,1285.7,GBP,,,,
INV-503066,2025-04-11,Portland Legal & Co,Professional Services,Corporate,CC-900,,640.4,GBP,,,,
INV-500697,2025-04-11,Bayfront Hydraulics Ltd,MRO & Spare Parts,Offshore Wind,CC-110,PO-4524107,7193.74,GBP,CT-2025-111,"Stainless bolts M12x50, box of 50",158,45.53
INV-500366,2025-04-12,Merrow Workwear Ltd,Safety & PPE,Offshore Wind,CC-110,PO-4516900,23167.65,GBP,CT-2024-106,"Ear defenders, SNR 30",1045,22.17
INV-500586,2025-04-12,Coastway Fuels Inc,Fuel & Lubricants,Corporate,CC-900,PO-4550487,16455.09,USD,CT-2025-109,,,
INV-500624,2025-04-12,Quarrymead Stevedoring A/S,Port & Terminal Services,Ports & Terminals,CC-220,PO-4582512,9854.81,EUR,CT-2024-110,,,
INV-500708,2025-04-12,Bayfront Hydraulics Ltd,MRO & Spare Parts,Offshore Wind,CC-110,PO-4543358,7860.94,GBP,CT-2025-111,Ball bearing 6205-2RS,1058,7.43
INV-500717,2025-04-12,Bayfront Hydraulics Ltd,MRO & Spare Parts,Offshore Wind,CC-110,PO-4571923,8433.05,GBP,,Ball bearing 6205-2RS,1135,7.43
INV-500970,2025-04-12,Oakridge Valves PLC,MRO & Spare Parts,Offshore Wind,CC-110,PO-4519607,4436.31,GBP,CT-2024-116,Centrifugal pump seal kit,43,103.17
INV-501063,2025-04-12,Stonehaven Construction PLC,Construction & Civils,Offshore Wind,CC-110,PO-4581412,4285.44,GBP,CT-2024-118,,,
INV-501109,2025-04-12,Kingsway Fasteners PLC,MRO & Spare Parts,Marine Fleet,CC-330,PO-4538955,4407,GBP,CT-2025-119,Gate valve DN50 PN16,26,169.5
INV-501295,2025-04-12,Juniper Learning PLC,Training & Development,Ports & Terminals,CC-220,PO-4542821,2098.71,GBP,CT-2025-121,,,
INV-501862,2025-04-12,Deepwell Diving Services PLC,Marine Services,Marine Fleet,CC-330,PO-4594908,9088.71,GBP,,,,
INV-501998,2025-04-12,Bayfront Advisory Ltd,Professional Services,Marine Fleet,CC-330,,3519.44,GBP,,,,
INV-502424,2025-04-12,Saltmarsh Cleaning & Co,Facilities Management,Ports & Terminals,CC-220,PO-4586453,4015.92,GBP,CT-2025-183,,,
INV-502532,2025-04-12,Stonehaven Haulage BV,Logistics & Freight,Ports & Terminals,CC-220,PO-4567772,3045.73,EUR,CT-2024-198,,,
INV-503190,2025-04-12,Thistle Diving Services PLC,Marine Services,Offshore Wind,CC-110,PO-4530542,262,GBP,,,,
INV-500290,2025-04-13,Anchorline Advisory PLC,Professional Services,Marine Fleet,CC-330,PO-4517670,11183.46,GBP,CT-2025-105,,,
INV-500316,2025-04-13,Anchorline Advisory PLC,Professional Services,Marine Fleet,CC-330,PO-4505598,13028.5,GBP,,,,
INV-500880,2025-04-13,Shorewell Safety Ltd,Safety & PPE,Corporate,CC-900,PO-4537376,7923.38,GBP,CT-2024-114,"Nitrile gloves, box of 100",1102,7.19
INV-501279,2025-04-13,Juniper Learning PLC,Training & Development,Ports & Terminals,CC-220,PO-4596877,3686.43,GBP,CT-2025-121,,,
INV-501302,2025-04-13,Juniper Learning PLC,Training & Development,Ports & Terminals,CC-220,,3148.98,GBP,CT-2025-121,,,
INV-501370,2025-04-13,Coastway Logistics BV,Logistics & Freight,Corporate,CC-900,,6305.72,EUR,CT-2024-122,,,
INV-501932,2025-04-13,Lanyard Kitchens Ltd,Catering & Hospitality,Corporate,CC-900,PO-4533350,3965.68,GBP,CT-2025-149,,,
INV-502305,2025-04-13,Wavecrest Travel Limited,Travel & Accommodation,Ports & Terminals,CC-220,PO-4506521,2045.1,GBP,,,,
INV-502354,2025-04-13,Quarrymead Events Ltd,Marketing & Events,Ports & Terminals,CC-220,PO-4538996,2752.73,GBP,,,,
INV-502633,2025-04-13,Stonehaven PPE Supplies A/S,Safety & PPE,Marine Fleet,CC-330,PO-4555012,2650.5,EUR,,"Nitrile gloves, box of 100",285,9.3
INV-503343,2025-04-13,Kingsway Recruitment PLC,Temporary Labour,Ports & Terminals,CC-220,PO-4564640,27.51,GBP,,,,
INV-500171,2025-04-14,Ironbridge Stationers Ltd,Office Supplies,Marine Fleet,CC-330,,24922.8,GBP,CT-2025-103,"Toner cartridge, black, high yield",315,79.12
INV-500370,2025-04-14,Merrow Workwear Ltd,Safety & PPE,Ports & Terminals,CC-220,,18731.66,GBP,CT-2024-106,"Nitrile gloves, box of 100",1978,9.47
INV-500884,2025-04-14,Shorewell Safety Ltd,Safety & PPE,Corporate,CC-900,PO-4534001,3995.32,GBP,CT-2024-114,"Safety helmet, EN397",266,15.02
INV-501114,2025-04-14,Kingsway Fasteners PLC,MRO & Spare Parts,Ports & Terminals,CC-220,PO-4551768,2881.5,GBP,CT-2025-119,Gate valve DN50 PN16,17,169.5
INV-501995,2025-04-14,Bayfront Advisory Ltd,Professional Services,Marine Fleet,CC-330,PO-4595273,2674.78,GBP,,,,
INV-502126,2025-04-14,Windrush Travel A/S,Travel & Accommodation,Marine Fleet,CC-330,,7626.24,EUR,,,,
INV-502420,2025-04-14,Saltmarsh Cleaning & Co,Facilities Management,Ports & Terminals,CC-220,PO-4587042,3523.71,GBP,CT-2025-183,,,
INV-502426,2025-04-14,Saltmarsh Cleaning & Co,Facilities Management,Ports & Terminals,CC-220,PO-4572979,5082.13,GBP,CT-2025-183,,,
INV-502466,2025-04-14,Harrowgate Maintenance Ltd,Facilities Management,Marine Fleet,CC-330,PO-4551954,2350.44,GBP,CT-2025-189,,,
INV-503020,2025-04-14,Seacroft Civils PLC,Construction & Civils,Marine Fleet,CC-330,PO-4526357,431.71,GBP,,,,
INV-500790,2025-04-15,Shorewell Digital LLC,IT Hardware & Software,Ports & Terminals,CC-220,PO-4569973,9890.1,USD,CT-2025-113,27in monitor,30,329.67
INV-500942,2025-04-15,Blackwater Travel PLC,Travel & Accommodation,Marine Fleet,CC-330,PO-4578332,6243.41,GBP,CT-2025-115,,,
INV-501696,2025-04-15,Saltmarsh Kitchens PLC,Catering & Hospitality,Corporate,CC-900,PO-4534380,10796.64,GBP,,,,
INV-502405,2025-04-15,Fairhaven Facilities Ltd,Facilities Management,Offshore Wind,CC-110,PO-4582192,2134.84,GBP,,,,
INV-502586,2025-04-15,Wavecrest Industrial Ltd,MRO & Spare Parts,Marine Fleet,CC-330,PO-4550380,3199.56,GBP,,"Stainless bolts M12x50, box of 50",78,41.02
INV-503311,2025-04-15,Vantage Terminals PLC,Port & Terminal Services,Marine Fleet,CC-330,,319.18,GBP,,,,
INV-500710,2025-04-16,Bayfront Hydraulics Ltd,MRO & Spare Parts,Offshore Wind,CC-110,PO-4517294,7102.68,GBP,CT-2025-111,"Stainless bolts M12x50, box of 50",156,45.53
INV-500816,2025-04-16,Shorewell Digital LLC,IT Hardware & Software,Ports & Terminals,CC-220,PO-4594960,5813,USD,,"Laptop, 14in business",4,1453.25
INV-501536,2025-04-16,Pembury Civils PLC,Construction & Civils,Ports & Terminals,CC-220,PO-4582234,5701.33,GBP,CT-2024-128,,,
INV-501797,2025-04-16,Tarnside Staffing Ltd,Temporary Labour,Marine Fleet,CC-330,PO-4552692,3894.97,GBP,,,,
INV-502606,2025-04-16,Whitcombe Telecom & Co,Telecoms,Ports & Terminals,CC-220,PO-4553621,3541.69,GBP,,,,
INV-502848,2025-04-16,Solent Terminals Ltd,Port & Terminal Services,Ports & Terminals,CC-220,PO-4505979,1029.37,GBP,,,,
INV-502892,2025-04-16,Tarnside Hotels Ltd,Travel & Accommodation,Marine Fleet,CC-330,PO-4530430,979.36,GBP,,,,
INV-503243,2025-04-16,Windrush Legal Ltd,Professional Services,Corporate,CC-900,PO-4576088,90.87,GBP,,,,
INV-500100,2025-04-17,Westerly Safety PLC,Safety & PPE,Corporate,CC-900,PO-4513624,14865.8,GBP,CT-2025-101,"Safety helmet, EN397",956,15.55
INV-500769,2025-04-17,Foxley Systems Inc,IT Hardware & Software,Corporate,CC-900,PO-4583751,12096.49,USD,CT-2024-112,"Laptop, 14in business",7,1728.07
INV-501756,2025-04-17,Anchorline Marine PLC,Marine Services,Marine Fleet,CC-330,,7854.31,GBP,,,,
INV-501946,2025-04-17,Lanyard Kitchens Ltd,Catering & Hospitality,Offshore Wind,CC-110,PO-4568401,1618.98,GBP,CT-2025-149,,,
INV-502312,2025-04-17,Eastholme Partners Ltd,Professional Services,Offshore Wind,CC-110,PO-4587276,8261.65,GBP,,,,
INV-502665,2025-04-17,Westerly Comms Ltd,Telecoms,Offshore Wind,CC-110,PO-4540480,2482.51,GBP,,,,
INV-500311,2025-04-18,Anchorline Advisory PLC,Professional Services,Marine Fleet,CC-330,,21315.04,GBP,CT-2025-105,,,
INV-500439,2025-04-18,Clearwater Facilities Ltd,Facilities Management,Ports & Terminals,CC-220,PO-4597658,8253.12,GBP,CT-2025-107,,,
INV-500455,2025-04-18,Castlegate Media Ltd,Marketing & Events,Offshore Wind,CC-110,PO-4589328,9934.13,GBP,CT-2024-108,,,
INV-501151,2025-04-18,Kingsway Fasteners PLC,MRO & Spare Parts,Marine Fleet,CC-330,PO-4581573,2373,GBP,CT-2025-119,Gate valve DN50 PN16,14,169.5
INV-501509,2025-04-18,Greystone Telecom Ltd,Telecoms,Corporate,CC-900,PO-4509748,15191.51,GBP,CT-2025-127,,,
INV-501575,2025-04-18,Juniper Recruitment Ltd,Temporary Labour,Ports & Terminals,CC-220,PO-4532533,6663.56,GBP,CT-2025-129,,,
INV-501832,2025-04-18,Greystone Systems Inc,IT Hardware & Software,Marine Fleet,CC-330,PO-4531687,10323.13,USD,CT-2025-143,27in monitor,29,355.97
INV-501906,2025-04-18,Castlegate Utilities Ltd,Energy & Utilities,Offshore Wind,CC-110,PO-4553150,4280.94,GBP,,,,
INV-502569,2025-04-18,Mariner PPE Supplies PLC,Safety & PPE,Offshore Wind,CC-110,,26339.46,GBP,,"Safety boots, S3",357,73.78
INV-502634,2025-04-18,Stonehaven PPE Supplies A/S,Safety & PPE,Corporate,CC-900,PO-4532877,1417.66,EUR,,"Safety helmet, EN397",73,19.42
INV-500036,2025-04-19,Wavecrest Bearings Ltd,MRO & Spare Parts,Corporate,CC-900,PO-4578316,17770.5,GBP,CT-2024-100,Gate valve DN50 PN16,110,161.55
INV-500059,2025-04-19,Wavecrest Bearings Ltd,MRO & Spare Parts,Corporate,CC-900,PO-4501677,22456.09,GBP,CT-2024-100,Ball bearing 6205-2RS,3317,6.77
INV-500116,2025-04-19,Ravensworth Pumps Limited,MRO & Spare Parts,Offshore Wind,CC-110,PO-4551493,10618.27,GBP,CT-2024-102,Centrifugal pump seal kit,103,103.09
INV-500129,2025-04-19,Ravensworth Pumps Limited,MRO & Spare Parts,Marine Fleet,CC-330,PO-4513134,25714.26,GBP,,Ball bearing 6205-2RS,3861,6.66
INV-500342,2025-04-19,Merrow Workwear Ltd,Safety & PPE,Ports & Terminals,CC-220,PO-4534195,21828.84,GBP,CT-2024-106,"Hi-vis jacket, class 3",759,28.76
INV-500667,2025-04-19,Bayfront Hydraulics Ltd,MRO & Spare Parts,Offshore Wind,CC-110,PO-4564511,3369.27,GBP,CT-2025-111,Gate valve DN50 PN16,19,177.33
INV-500675,2025-04-19,Bayfront Hydraulics Ltd,MRO & Spare Parts,Offshore Wind,CC-110,PO-4568349,9275.14,GBP,CT-2025-111,"Hydraulic hose 1/2in, per metre",679,13.66
INV-500734,2025-04-19,Foxley Systems Inc,IT Hardware & Software,Offshore Wind,CC-110,PO-4571299,10192.26,USD,CT-2024-112,27in monitor,26,392.01
INV-500787,2025-04-19,Shorewell Digital LLC,IT Hardware & Software,Ports & Terminals,CC-220,PO-4546753,8719.5,USD,CT-2025-113,"Laptop, 14in business",6,1453.25
INV-501249,2025-04-19,Heathmere Cleaning Limited,Facilities Management,Marine Fleet,CC-330,PO-4596569,3560.55,GBP,,,,
INV-501679,2025-04-19,Saltmarsh Kitchens PLC,Catering & Hospitality,Corporate,CC-900,PO-4527531,8794.53,GBP,,,,
INV-502232,2025-04-19,Bayfront Partners & Co,Professional Services,Ports & Terminals,CC-220,PO-4548858,6390.45,GBP,,,,
INV-502321,2025-04-19,Stonehaven Build Ltd,Construction & Civils,Ports & Terminals,CC-220,PO-4533647,4524.38,GBP,,,,
INV-502333,2025-04-19,Pembury Diving Services Ltd,Marine Services,Offshore Wind,CC-110,,4975.94,GBP,,,,
INV-502739,2025-04-19,Oakridge Advisory Limited,Professional Services,Ports & Terminals,CC-220,PO-4564571,1488.54,GBP,,,,
INV-500421,2025-04-20,Clearwater Facilities Ltd,Facilities Management,Ports & Terminals,CC-220,PO-4533007,7451.03,GBP,CT-2025-107,,,
INV-500463,2025-04-20,Castlegate Media Ltd,Marketing & Events,Offshore Wind,CC-110,PO-4557195,4166.08,GBP,,,,
INV-500499,2025-04-20,Castlegate Media Ltd,Marketing & Events,Offshore Wind,CC-110,PO-4554295,11138.45,GBP,CT-2024-108,,,
INV-500829,2025-04-20,Shorewell Digital LLC,IT Hardware & Software,Ports & Terminals,CC-220,PO-4596451,11222.28,USD,,Rugged tablet,6,1870.38
INV-501225,2025-04-20,Heathmere Cleaning Limited,Facilities Management,Marine Fleet,CC-330,PO-4518541,5321.18,GBP,CT-2024-120,,,
INV-501983,2025-04-20,Whitcombe Haulage SAS,Logistics & Freight,Ports & Terminals,CC-220,PO-4599355,3244.89,EUR,,,,
INV-502536,2025-04-20,Lowther Advisory Ltd,Professional Services,Ports & Terminals,CC-220,PO-4510780,2059.68,GBP,,,,
INV-502908,2025-04-20,Wavecrest Creative & Co,Marketing & Events,Corporate,CC-900,PO-4533146,544.16,GBP,,,,
INV-502965,2025-04-20,Greystone Media & Co,Marketing & Events,Offshore Wind,CC-110,PO-4531560,665.75,GBP,,,,
INV-503034,2025-04-20,Deepwell Furniture Ltd,Office Supplies,Marine Fleet,CC-330,,363.22,GBP,,Ergonomic office chair,2,181.61
INV-503245,2025-04-20,Yarrow Property Care Ltd,Facilities Management,Ports & Terminals,CC-220,,127.67,GBP,,,,
INV-503288,2025-04-20,Quarrymead Bunkering Inc,Fuel & Lubricants,Ports & Terminals,CC-220,,103.29,USD,,,,
INV-500513,2025-04-21,Castlegate Media Ltd,Marketing & Events,Offshore Wind,CC-110,PO-4530335,6469.31,GBP,CT-2024-108,,,
INV-501066,2025-04-21,Stonehaven Construction PLC,Construction & Civils,Corporate,CC-900,PO-4553843,9527.57,GBP,CT-2024-118,,,
INV-501452,2025-04-21,Merrow Events Ltd,Marketing & Events,Ports & Terminals,CC-220,PO-4524900,1578.01,GBP,CT-2024-124,,,
INV-501963,2025-04-21,Tarnside Haulage PLC,Logistics & Freight,Offshore Wind,CC-110,PO-4595848,2743.36,GBP,,,,
INV-503077,2025-04-21,Thistle Office Supplies Ltd,Office Supplies,Ports & Terminals,CC-220,PO-4509713,337.04,GBP,,"Lever arch files, pack of 10",22,15.32
INV-503188,2025-04-21,Thistle Diving Services PLC,Marine Services,Offshore Wind,CC-110,PO-4551718,180.8,GBP,,,,
INV-500125,2025-04-22,Ravensworth Pumps Limited,MRO & Spare Parts,Marine Fleet,CC-330,PO-4558346,26022.24,GBP,CT-2024-102,"Hydraulic hose 1/2in, per metre",2126,12.24
INV-501224,2025-04-22,Heathmere Cleaning Limited,Facilities Management,Marine Fleet,CC-330,PO-4586523,2273.73,GBP,CT-2024-120,,,
INV-501973,2025-04-22,Whitcombe Haulage SAS,Logistics & Freight,Offshore Wind,CC-110,PO-4591169,2504.96,EUR,,,,
INV-502106,2025-04-22,Driftwood Bearings & Co,MRO & Spare Parts,Marine Fleet,CC-330,,1464.96,GBP,,"Hydraulic hose 1/2in, per metre",109,13.44
INV-502358,2025-04-22,Quarrymead Events Ltd,Marketing & Events,Ports & Terminals,CC-220,PO-4500399,4259.79,GBP,,,,
INV-502886,2025-04-22,Brightmoor Workwear Ltd,Safety & PPE,Ports & Terminals,CC-220,PO-4506303,985.32,GBP,,"Nitrile gloves, box of 100",119,8.28
INV-503260,2025-04-22,Keelson Hydraulics Ltd,MRO & Spare Parts,Marine Fleet,CC-330,,99.19,GBP,,Centrifugal pump seal kit,1,99.19
INV-500010,2025-04-23,Wavecrest Bearings Ltd,MRO & Spare Parts,Corporate,CC-900,PO-4588144,26559.4,GBP,CT-2024-100,"Hydraulic hose 1/2in, per metre",2135,12.44
INV-500107,2025-04-23,Westerly Safety PLC,Safety & PPE,Offshore Wind,CC-110,PO-4501564,33930.1,GBP,CT-2025-101,"Safety helmet, EN397",2182,15.55
INV-500191,2025-04-23,Ironbridge Stationers Ltd,Office Supplies,Marine Fleet,CC-330,PO-4536839,6824.1,GBP,,"A4 copier paper, box of 5 reams",345,19.78
INV-501289,2025-04-23,Juniper Learning PLC,Training & Development,Ports & Terminals,CC-220,PO-4552649,1678.79,GBP,CT-2025-121,,,
INV-501442,2025-04-23,Merrow Events Ltd,Marketing & Events,Ports & Terminals,CC-220,PO-4586816,6138.04,GBP,CT-2024-124,,,
INV-502304,2025-04-23,Wavecrest Travel Limited,Travel & Accommodation,Corporate,CC-900,PO-4596545,4404.28,GBP,,,,
INV-503093,2025-04-23,Merrow Catering & Co,Catering & Hospitality,Ports & Terminals,CC-220,PO-4554917,782.51,GBP,,,,
INV-500040,2025-04-24,Wavecrest Bearings Ltd,MRO & Spare Parts,Corporate,CC-900,PO-4506226,23747.85,GBP,CT-2024-100,Gate valve DN50 PN16,147,161.55
INV-500425,2025-04-24,Clearwater Facilities Ltd,Facilities Management,Ports & Terminals,CC-220,PO-4572276,3492.26,GBP,CT-2025-107,,,
INV-500478,2025-04-24,Castlegate Media Ltd,Marketing & Events,Offshore Wind,CC-110,PO-4554400,3685.49,GBP,CT-2024-108,,,
INV-500982,2025-04-24,Oakridge Valves PLC,MRO & Spare Parts,Marine Fleet,CC-330,PO-4511216,3143.52,GBP,CT-2024-116,Ball bearing 6205-2RS,472,6.66
INV-501312,2025-04-24,Juniper Learning PLC,Training & Development,Ports & Terminals,CC-220,PO-4559015,1739.87,GBP,CT-2025-121,,,
INV-501560,2025-04-24,Juniper Recruitment Ltd,Temporary Labour,Ports & Terminals,CC-220,PO-4524626,6929.89,GBP,CT-2025-129,,,
INV-501664,2025-04-24,Merrow Facilities Ltd,Facilities Management,Corporate,CC-900,PO-4532567,6226.9,GBP,CT-2024-134,,,
INV-501786,2025-04-24,Tarnside Staffing Ltd,Temporary Labour,Offshore Wind,CC-110,PO-4595129,2978.43,GBP,,,,
INV-501788,2025-04-24,Tarnside Staffing Ltd,Temporary Labour,Marine Fleet,CC-330,,5526.41,GBP,,,,
INV-502740,2025-04-24,Oakridge Advisory Limited,Professional Services,Ports & Terminals,CC-220,PO-4574479,1515.89,GBP,,,,
INV-500072,2025-04-25,Westerly Safety PLC,Safety & PPE,Offshore Wind,CC-110,PO-4553634,28358.61,GBP,CT-2025-101,"Ear defenders, SNR 30",1627,17.43
INV-500166,2025-04-25,Ravensworth Pumps Limited,MRO & Spare Parts,Marine Fleet,CC-330,,24235.2,GBP,CT-2024-102,"Hydraulic hose 1/2in, per metre",1980,12.24
INV-501634,2025-04-25,Ironbridge Diving Services Limited,Marine Services,Offshore Wind,CC-110,,3849.78,GBP,CT-2025-133,,,
INV-502320,2025-04-25,Stonehaven Build Ltd,Construction & Civils,Ports & Terminals,CC-220,PO-4589716,2701.4,GBP,,,,
INV-502515,2025-04-25,Deepwell Towage PLC,Marine Services,Offshore Wind,CC-110,PO-4522873,2266.8,GBP,,,,
INV-502755,2025-04-25,Yarrow Port Services BV,Port & Terminal Services,Marine Fleet,CC-330,PO-4533362,3346.76,EUR,,,,
INV-502958,2025-04-25,Galeforce Media PLC,Marketing & Events,Offshore Wind,CC-110,PO-4572191,830.77,GBP,,,,
INV-503095,2025-04-25,Foxley Pumps PLC,MRO & Spare Parts,Offshore Wind,CC-110,PO-4545013,429.75,GBP,,Gate valve DN50 PN16,3,143.25
INV-500683,2025-04-26,Bayfront Hydraulics Ltd,MRO & Spare Parts,Offshore Wind,CC-110,PO-4555196,9411.74,GBP,,"Hydraulic hose 1/2in, per metre",689,13.66
INV-501148,2025-04-26,Kingsway Fasteners PLC,MRO & Spare Parts,Offshore Wind,CC-110,PO-4580669,2437.12,GBP,CT-2025-119,"Stainless bolts M12x50, box of 50",56,43.52
INV-501372,2025-04-26,Coastway Logistics BV,Logistics & Freight,Corporate,CC-900,PO-4529439,4450.92,EUR,CT-2024-122,,,
INV-501438,2025-04-26,Merrow Events Ltd,Marketing & Events,Offshore Wind,CC-110,PO-4559748,1887.36,GBP,CT-2024-124,,,
INV-501960,2025-04-26,Tarnside Haulage PLC,Logistics & Freight,Marine Fleet,CC-330,PO-4512705,3575.38,GBP,,,,
INV-502063,2025-04-26,Keelson Diving Services & Co,Marine Services,Offshore Wind,CC-110,PO-4582545,2543.61,GBP,,,,
INV-500025,2025-04-27,Wavecrest Bearings Ltd,MRO & Spare Parts,Corporate,CC-900,PO-4518282,29980.4,GBP,CT-2024-100,"Hydraulic hose 1/2in, per metre",2410,12.44
INV-500376,2025-04-27,Merrow Workwear Ltd,Safety & PPE,Ports & Terminals,CC-220,PO-4556297,8685.52,GBP,,"Hi-vis jacket, class 3",302,28.76
INV-501659,2025-04-27,Merrow Facilities Ltd,Facilities Management,Corporate,CC-900,PO-4548706,6834.97,GBP,CT-2024-134,,,
INV-501833,2025-04-27,Greystone Systems Inc,IT Hardware & Software,Marine Fleet,CC-330,PO-4550246,9414.96,USD,CT-2025-143,"Laptop, 14in business",6,1569.16
INV-502865,2025-04-27,Kingsway Cleaning PLC,Facilities Management,Ports & Terminals,CC-220,PO-4580972,517.77,GBP,,,,
INV-503065,2025-04-27,Portland Legal & Co,Professional Services,Ports & Terminals,CC-220,PO-4572677,487.04,GBP,,,,
INV-503154,2025-04-27,Upton Academy Ltd,Training & Development,Corporate,CC-900,PO-4578530,593.14,GBP,,,,
INV-503350,2025-04-27,Fairhaven Hydraulics Ltd,MRO & Spare Parts,Offshore Wind,CC-110,,86.4,GBP,,Centrifugal pump seal kit,1,86.4
INV-503366,2025-04-27,Eastholme Consulting Ltd,Professional Services,Ports & Terminals,CC-220,PO-4509124,18,GBP,,,,
INV-500093,2025-04-28,Westerly Safety PLC,Safety & PPE,Offshore Wind,CC-110,PO-4524789,17412.57,GBP,CT-2025-101,"Ear defenders, SNR 30",999,17.43
INV-500313,2025-04-28,Anchorline Advisory PLC,Professional Services,Marine Fleet,CC-330,PO-4521803,14016.56,GBP,CT-2025-105,,,
INV-500326,2025-04-28,Anchorline Advisory PLC,Professional Services,Marine Fleet,CC-330,PO-4596138,5892.34,GBP,CT-2025-105,,,
INV-500535,2025-04-28,Coastway Fuels Inc,Fuel & Lubricants,Corporate,CC-900,PO-4508459,16328.05,USD,CT-2025-109,,,
INV-501333,2025-04-28,Coastway Logistics BV,Logistics & Freight,Corporate,CC-900,PO-4599960,2542.77,EUR,CT-2024-122,,,
INV-501349,2025-04-28,Coastway Logistics BV,Logistics & Freight,Corporate,CC-900,PO-4500939,4730.96,EUR,CT-2024-122,,,
INV-501404,2025-04-28,Starboard Pumps & Co,MRO & Spare Parts,Offshore Wind,CC-110,PO-4535829,6592.08,GBP,CT-2025-123,"Hydraulic hose 1/2in, per metre",484,13.62
INV-501427,2025-04-28,Merrow Events Ltd,Marketing & Events,Corporate,CC-900,PO-4536997,2103.06,GBP,CT-2024-124,,,
INV-501721,2025-04-28,Driftwood Industrial & Co,MRO & Spare Parts,Corporate,CC-900,PO-4576314,4687.14,GBP,,Ball bearing 6205-2RS,818,5.73
INV-502160,2025-04-28,Pembury Engineering Supplies Ltd,MRO & Spare Parts,Ports & Terminals,CC-220,,3415.2,GBP,CT-2024-160,Gate valve DN50 PN16,20,170.76
INV-502346,2025-04-28,Coastway Hotels & Co,Travel & Accommodation,Corporate,CC-900,PO-4504189,2870.79,GBP,,,,
INV-503083,2025-04-28,Windrush Media PLC,Marketing & Events,Ports & Terminals,CC-220,PO-4549914,251.53,GBP,,,,
INV-503110,2025-04-28,Solent Academy Limited,Training & Development,Corporate,CC-900,PO-4589443,202.04,GBP,,,,
INV-503234,2025-04-28,Pembury PPE Supplies Ltd,Safety & PPE,Marine Fleet,CC-330,PO-4587614,52.4,GBP,,"Hi-vis jacket, class 3",2,26.2
INV-500304,2025-04-29,Anchorline Advisory PLC,Professional Services,Marine Fleet,CC-330,PO-4529384,20629.97,GBP,CT-2025-105,,,
INV-500606,2025-04-29,Quarrymead Stevedoring A/S,Port & Terminal Services,Ports & Terminals,CC-220,PO-4502341,12853.4,EUR,CT-2024-110,,,
INV-500773,2025-04-29,Foxley Systems Inc,IT Hardware & Software,Marine Fleet,CC-330,PO-4555412,10976.28,USD,CT-2024-112,27in monitor,28,392.01
INV-500925,2025-04-29,Blackwater Travel PLC,Travel & Accommodation,Marine Fleet,CC-330,PO-4570631,13858.52,GBP,CT-2025-115,,,
INV-501095,2025-04-29,Stonehaven Construction PLC,Construction & Civils,Offshore Wind,CC-110,,6189.64,GBP,CT-2024-118,,,
INV-501510,2025-04-29,Greystone Telecom Ltd,Telecoms,Corporate,CC-900,PO-4578960,16917.16,GBP,CT-2025-127,,,
INV-502057,2025-04-29,Keelson Diving Services & Co,Marine Services,Offshore Wind,CC-110,PO-4572186,1357.1,GBP,,,,
INV-502398,2025-04-29,Shorewell Cleaning & Co,Facilities Management,Offshore Wind,CC-110,PO-4566196,4523.05,GBP,CT-2024-180,,,
INV-502401,2025-04-29,Shorewell Cleaning & Co,Facilities Management,Offshore Wind,CC-110,PO-4566195,3463.18,GBP,CT-2024-180,,,
INV-502603,2025-04-29,Upton Build & Co,Construction & Civils,Offshore Wind,CC-110,PO-4505457,1992.31,GBP,,,,
INV-500266,2025-04-30,Wavecrest Couriers SAS,Logistics & Freight,Marine Fleet,CC-330,PO-4552365,24983.2,EUR,CT-2024-104,,,
INV-500509,2025-04-30,Castlegate Media Ltd,Marketing & Events,Offshore Wind,CC-110,PO-4519682,3908.67,GBP,CT-2024-108,,,
INV-501016,2025-04-30,Oakridge Valves PLC,MRO & Spare Parts,Ports & Terminals,CC-220,PO-4538712,3234,GBP,CT-2024-116,"Hydraulic hose 1/2in, per metre",264,12.25
INV-501153,2025-04-30,Kingsway Fasteners PLC,MRO & Spare Parts,Corporate,CC-900,PO-4506780,4597.12,GBP,CT-2025-119,"Hydraulic hose 1/2in, per metre",352,13.06
INV-502612,2025-04-30,Coastway Transfers PLC,Travel & Accommodation,Ports & Terminals,CC-220,,1535.23,GBP,,,,
INV-500101,2025-05-01,Westerly Safety PLC,Safety & PPE,Offshore Wind,CC-110,,17027.25,GBP,CT-2025-101,"Safety helmet, EN397",1095,15.55
INV-500516,2025-05-01,Castlegate Media Ltd,Marketing & Events,Offshore Wind,CC-110,PO-4588439,8073.27,GBP,CT-2024-108,,,
INV-500594,2025-05-01,Coastway Fuels Inc,Fuel & Lubricants,Corporate,CC-900,PO-4517860,16357.93,USD,CT-2025-109,,,
INV-500869,2025-05-01,Shorewell Safety Ltd,Safety & PPE,Corporate,CC-900,PO-4591609,3736.35,GBP,CT-2024-114,"Hi-vis jacket, class 3",171,21.85
INV-501374,2025-05-01,Coastway Logistics BV,Logistics & Freight,Corporate,CC-900,PO-4575083,6302.04,EUR,CT-2024-122,,,
INV-501978,2025-05-01,Whitcombe Haulage SAS,Logistics & Freight,Offshore Wind,CC-110,,7527.52,EUR,,,,
INV-502686,2025-05-01,Blackwater Advisory Ltd,Professional Services,Offshore Wind,CC-110,,1711.42,GBP,,,,
INV-502839,2025-05-01,Upton Hotels Ltd,Travel & Accommodation,Ports & Terminals,CC-220,,12368.14,GBP,,,,
INV-503183,2025-05-01,Keelson Civils & Co,Construction & Civils,Marine Fleet,CC-330,PO-4511567,1858.23,GBP,,,,
INV-503291,2025-05-01,Wavecrest Office Supplies Limited,Office Supplies,Corporate,CC-900,,340.34,GBP,,"Lever arch files, pack of 10",26,13.09
INV-500603,2025-05-02,Quarrymead Stevedoring A/S,Port & Terminal Services,Corporate,CC-900,PO-4507404,9804.19,EUR,CT-2024-110,,,
INV-500700,2025-05-02,Bayfront Hydraulics Ltd,MRO & Spare Parts,Offshore Wind,CC-110,PO-4503886,8013.28,GBP,CT-2025-111,"Stainless bolts M12x50, box of 50",176,45.53
INV-500756,2025-05-02,Foxley Systems Inc,IT Hardware & Software,Corporate,CC-900,PO-4545428,11120.4,USD,CT-2024-112,Rugged tablet,5,2224.08
INV-500830,2025-05-02,Shorewell Digital LLC,IT Hardware & Software,Ports & Terminals,CC-220,PO-4500180,2906.5,USD,,"Laptop, 14in business",2,1453.25
INV-501941,2025-05-02,Lanyard Kitchens Ltd,Catering & Hospitality,Offshore Wind,CC-110,,3694.14,GBP,CT-2025-149,,,
INV-502223,2025-05-02,Merrow Office Supplies & Co,Office Supplies,Corporate,CC-900,PO-4515663,4716.9,GBP,,"Toner cartridge, black, high yield",54,87.35
INV-502343,2025-05-02,Coastway Hotels & Co,Travel & Accommodation,Corporate,CC-900,PO-4583309,1765.93,GBP,,,,
INV-503025,2025-05-02,Merrow Energy & Co,Energy & Utilities,Corporate,CC-900,PO-4515253,340.68,GBP,,,,
INV-503318,2025-05-02,Northstar Hospitality Limited,Catering & Hospitality,Corporate,CC-900,,111.45,GBP,,,,
INV-500538,2025-05-03,Coastway Fuels Inc,Fuel & Lubricants,Ports & Terminals,CC-220,PO-4589855,13592.16,USD,CT-2025-109,,,
INV-500911,2025-05-03,Shorewell Safety Ltd,Safety & PPE,Marine Fleet,CC-330,PO-4582935,3206.74,GBP,CT-2024-114,"Nitrile gloves, box of 100",446,7.19
INV-501082,2025-05-03,Stonehaven Construction PLC,Construction & Civils,Offshore Wind,CC-110,PO-4517348,3672.67,GBP,CT-2024-118,,,
INV-501356,2025-05-03,Coastway Logistics BV,Logistics & Freight,Offshore Wind,CC-110,PO-4503898,8015.16,EUR,CT-2024-122,,,
INV-502818,2025-05-03,Kingsway Kitchens Limited,Catering & Hospitality,Corporate,CC-900,PO-4558451,2833.91,GBP,,,,
INV-503049,2025-05-03,Seacroft Fasteners & Co,MRO & Spare Parts,Corporate,CC-900,PO-4568449,2535.26,GBP,,"Hydraulic hose 1/2in, per metre",199,12.74
INV-500324,2025-05-04,Anchorline Advisory PLC,Professional Services,Marine Fleet,CC-330,PO-4599379,9483.86,GBP,,,,
INV-500625,2025-05-04,Quarrymead Stevedoring A/S,Port & Terminal Services,Ports & Terminals,CC-220,PO-4541659,14098.49,EUR,CT-2024-110,,,
INV-501048,2025-05-04,Juniper Events & Co,Marketing & Events,Ports & Terminals,CC-220,PO-4593446,15198.5,GBP,CT-2025-117,,,
INV-501089,2025-05-04,Stonehaven Construction PLC,Construction & Civils,Offshore Wind,CC-110,PO-4550510,2751.3,GBP,CT-2024-118,,,
INV-501108,2025-05-04,Kingsway Fasteners PLC,MRO & Spare Parts,Marine Fleet,CC-330,,2034,GBP,CT-2025-119,Gate valve DN50 PN16,12,169.5
INV-501502,2025-05-04,Kingsway Staffing PLC,Temporary Labour,Corporate,CC-900,PO-4519130,11193.64,GBP,CT-2024-126,,,
INV-501903,2025-05-04,Castlegate Utilities Ltd,Energy & Utilities,Marine Fleet,CC-330,PO-4570867,3720.3,GBP,,,,
INV-500962,2025-05-05,Oakridge Valves PLC,MRO & Spare Parts,Offshore Wind,CC-110,PO-4524892,2544.8,GBP,CT-2024-116,Gate valve DN50 PN16,16,159.05
INV-501156,2025-05-05,Kingsway Fasteners PLC,MRO & Spare Parts,Marine Fleet,CC-330,PO-4511933,2272.44,GBP,CT-2025-119,"Hydraulic hose 1/2in, per metre",174,13.06
INV-501750,2025-05-05,Anchorline Marine PLC,Marine Services,Ports & Terminals,CC-220,PO-4553266,4716.71,GBP,,,,
INV-502055,2025-05-05,Keelson Diving Services & Co,Marine Services,Offshore Wind,CC-110,PO-4526812,2387.72,GBP,,,,
INV-502295,2025-05-05,Wavecrest Travel Limited,Travel & Accommodation,Corporate,CC-900,PO-4561954,3851.48,GBP,,,,
INV-502879,2025-05-05,Windrush Fasteners PLC,MRO & Spare Parts,Marine Fleet,CC-330,PO-4551280,1469.34,GBP,,Gate valve DN50 PN16,9,163.26
INV-502959,2025-05-05,Galeforce Media PLC,Marketing & Events,Offshore Wind,CC-110,PO-4536703,718.73,GBP,,,,
INV-503109,2025-05-05,Solent Academy Limited,Training & Development,Corporate,CC-900,PO-4539577,242.47,GBP,,,,
INV-500339,2025-05-06,Merrow Workwear Ltd,Safety & PPE,Marine Fleet,CC-330,PO-4503104,24633.42,GBP,,"Safety helmet, EN397",1246,19.77
INV-500433,2025-05-06,Clearwater Facilities Ltd,Facilities Management,Ports & Terminals,CC-220,PO-4571691,7829.13,GBP,CT-2025-107,,,
INV-500610,2025-05-06,Quarrymead Stevedoring A/S,Port & Terminal Services,Corporate,CC-900,PO-4572680,7419.46,EUR,CT-2024-110,,,
INV-500622,2025-05-06,Quarrymead Stevedoring A/S,Port & Terminal Services,Ports & Terminals,CC-220,PO-4538466,6070.12,EUR,CT-2024-110,,,
INV-500739,2025-05-06,Foxley Systems Inc,IT Hardware & Software,Corporate,CC-900,PO-4530181,10368.42,USD,,"Laptop, 14in business",6,1728.07
INV-500949,2025-05-06,Blackwater Travel PLC,Travel & Accommodation,Marine Fleet,CC-330,PO-4574229,15833.84,GBP,CT-2025-115,,,
INV-501423,2025-05-06,Merrow Events Ltd,Marketing & Events,Offshore Wind,CC-110,PO-4526303,4736,GBP,CT-2024-124,,,
INV-501658,2025-05-06,Merrow Facilities Ltd,Facilities Management,Ports & Terminals,CC-220,,5594.16,GBP,CT-2024-134,,,
INV-502356,2025-05-06,Quarrymead Events Ltd,Marketing & Events,Ports & Terminals,CC-220,PO-4501027,2431.03,GBP,,,,
INV-503351,2025-05-06,Fairhaven Hydraulics Ltd,MRO & Spare Parts,Offshore Wind,CC-110,PO-4585100,133.2,GBP,,Gate valve DN50 PN16,1,133.2
INV-500353,2025-05-07,Merrow Workwear Ltd,Safety & PPE,Ports & Terminals,CC-220,PO-4589520,8788.16,GBP,CT-2024-106,"Nitrile gloves, box of 100",928,9.47
INV-500404,2025-05-07,Clearwater Facilities Ltd,Facilities Management,Ports & Terminals,CC-220,PO-4510601,8975.37,GBP,CT-2025-107,,,
INV-500718,2025-05-07,Bayfront Hydraulics Ltd,MRO & Spare Parts,Offshore Wind,CC-110,PO-4586318,4787.91,GBP,CT-2025-111,Gate valve DN50 PN16,27,177.33
INV-500759,2025-05-07,Foxley Systems Inc,IT Hardware & Software,Marine Fleet,CC-330,PO-4570977,12152.31,USD,CT-2024-112,27in monitor,31,392.01
INV-501511,2025-05-07,Greystone Telecom Ltd,Telecoms,Corporate,CC-900,PO-4599792,8506.71,GBP,CT-2025-127,,,
INV-502317,2025-05-07,Stonehaven Build Ltd,Construction & Civils,Ports & Terminals,CC-220,PO-4582599,5960.53,GBP,,,,
INV-500281,2025-05-08,Wavecrest Couriers SAS,Logistics & Freight,Marine Fleet,CC-330,PO-4591927,15117.16,EUR,CT-2024-104,,,
INV-500532,2025-05-08,Castlegate Media Ltd,Marketing & Events,Corporate,CC-900,PO-4584953,4168.94,GBP,CT-2024-108,,,
INV-500672,2025-05-08,Bayfront Hydraulics Ltd,MRO & Spare Parts,Offshore Wind,CC-110,PO-4588002,9043.83,GBP,CT-2025-111,Gate valve DN50 PN16,51,177.33
INV-501093,2025-05-08,Stonehaven Construction PLC,Construction & Civils,Offshore Wind,CC-110,PO-4509303,2811.23,GBP,CT-2024-118,,,
INV-501248,2025-05-08,Heathmere Cleaning Limited,Facilities Management,Marine Fleet,CC-330,PO-4532296,2794.43,GBP,CT-2024-120,,,
INV-501352,2025-05-08,Coastway Logistics BV,Logistics & Freight,Corporate,CC-900,PO-4546371,8462.33,EUR,CT-2024-122,,,
INV-501425,2025-05-08,Merrow Events Ltd,Marketing & Events,Ports & Terminals,CC-220,PO-4570361,5792.6,GBP,CT-2024-124,,,
INV-501618,2025-05-08,Upton Kitchens Ltd,Catering & Hospitality,Offshore Wind,CC-110,PO-4519139,5339.2,GBP,CT-2024-132,,,
INV-501720,2025-05-08,Driftwood Industrial & Co,MRO & Spare Parts,Corporate,CC-900,PO-4563843,14720.37,GBP,,Ball bearing 6205-2RS,2569,5.73
INV-502170,2025-05-08,Pembury Engineering Supplies Ltd,MRO & Spare Parts,Marine Fleet,CC-330,PO-4546907,2902.92,GBP,CT-2024-160,Gate valve DN50 PN16,17,170.76
INV-502444,2025-05-08,Stonehaven Legal Ltd,Professional Services,Offshore Wind,CC-110,PO-4552415,3629.93,GBP,CT-2025-185,,,
INV-500128,2025-05-09,Ravensworth Pumps Limited,MRO & Spare Parts,Marine Fleet,CC-330,,25110.94,GBP,CT-2024-102,Gate valve DN50 PN16,158,158.93
INV-500145,2025-05-09,Ravensworth Pumps Limited,MRO & Spare Parts,Marine Fleet,CC-330,PO-4563307,23366.16,GBP,CT-2024-102,"Hydraulic hose 1/2in, per metre",1909,12.24
INV-500860,2025-05-09,Shorewell Safety Ltd,Safety & PPE,Corporate,CC-900,PO-4525210,4854.7,GBP,,"Safety boots, S3",86,56.45
INV-500963,2025-05-09,Oakridge Valves PLC,MRO & Spare Parts,Offshore Wind,CC-110,PO-4510229,4294.35,GBP,CT-2024-116,Gate valve DN50 PN16,27,159.05
INV-501045,2025-05-09,Juniper Events & Co,Marketing & Events,Ports & Terminals,CC-220,,7929.83,GBP,CT-2025-117,,,
INV-502315,2025-05-09,Stonehaven Build Ltd,Construction & Civils,Ports & Terminals,CC-220,PO-4555648,7348.56,GBP,,,,
INV-502361,2025-05-09,Stonehaven Property Care Ltd,Facilities Management,Offshore Wind,CC-110,,2557.25,GBP,,,,
INV-502474,2025-05-09,Solent Couriers PLC,Logistics & Freight,Marine Fleet,CC-330,,3252.05,GBP,,,,
INV-502599,2025-05-09,Upton Build & Co,Construction & Civils,Ports & Terminals,CC-220,,3163.23,GBP,,,,
INV-502853,2025-05-09,Solent Terminals Ltd,Port & Terminal Services,Marine Fleet,CC-330,,1069.9,GBP,,,,
INV-503340,2025-05-09,Kingsway Recruitment PLC,Temporary Labour,Ports & Terminals,CC-220,PO-4561679,20.07,GBP,,,,
INV-500054,2025-05-10,Wavecrest Bearings Ltd,MRO & Spare Parts,Corporate,CC-900,PO-4534293,33428.01,GBP,CT-2024-100,Centrifugal pump seal kit,319,104.79
INV-500146,2025-05-10,Ravensworth Pumps Limited,MRO & Spare Parts,Marine Fleet,CC-330,PO-4534437,18968.56,GBP,CT-2024-102,Centrifugal pump seal kit,184,103.09
INV-500528,2025-05-10,Castlegate Media Ltd,Marketing & Events,Offshore Wind,CC-110,PO-4597528,3890.28,GBP,CT-2024-108,,,
INV-501288,2025-05-10,Juniper Learning PLC,Training & Development,Marine Fleet,CC-330,PO-4584715,2015.52,GBP,CT-2025-121,,,
INV-501298,2025-05-10,Juniper Learning PLC,Training & Development,Ports & Terminals,CC-220,PO-4599608,2380.51,GBP,,,,
INV-501409,2025-05-10,Starboard Pumps & Co,MRO & Spare Parts,Offshore Wind,CC-110,,8372.37,GBP,CT-2025-123,Centrifugal pump seal kit,73,114.69
INV-501770,2025-05-10,Clearwater Catering Limited,Catering & Hospitality,Offshore Wind,CC-110,PO-4551599,10924.93,GBP,,,,
INV-502198,2025-05-10,Clearwater Staffing Ltd,Temporary Labour,Marine Fleet,CC-330,PO-4538877,3661.16,GBP,,,,
INV-502953,2025-05-10,Galeforce Media PLC,Marketing & Events,Offshore Wind,CC-110,,620.41,GBP,,,,
INV-502977,2025-05-10,Stonehaven Networks & Co,IT Hardware & Software,Ports & Terminals,CC-220,PO-4569940,1411.38,GBP,,Rugged tablet,1,1411.38
INV-501409,2025-05-10,Starboard Pumps & Co,MRO & Spare Parts,Offshore Wind,CC-110,,8372.37,GBP,CT-2025-123,Centrifugal pump seal kit,73,114.69
INV-500177,2025-05-11,Ironbridge Stationers Ltd,Office Supplies,Marine Fleet,CC-330,PO-4550654,15474.43,GBP,CT-2025-103,Ergonomic office chair,89,173.87
INV-500249,2025-05-11,Wavecrest Couriers SAS,Logistics & Freight,Marine Fleet,CC-330,PO-4537151,28238.36,EUR,CT-2024-104,,,
INV-500495,2025-05-11,Castlegate Media Ltd,Marketing & Events,Offshore Wind,CC-110,PO-4510425,7699.3,GBP,CT-2024-108,,,
INV-500698,2025-05-11,Bayfront Hydraulics Ltd,MRO & Spare Parts,Ports & Terminals,CC-220,PO-4590966,8334.51,GBP,CT-2025-111,Gate valve DN50 PN16,47,177.33
INV-501327,2025-05-11,Juniper Learning PLC,Training & Development,Ports & Terminals,CC-220,PO-4564808,4544.31,GBP,CT-2025-121,,,
INV-501914,2025-05-11,Castlegate Utilities Ltd,Energy & Utilities,Offshore Wind,CC-110,PO-4541631,4744.91,GBP,,,,
INV-502052,2025-05-11,Keelson Diving Services & Co,Marine Services,Offshore Wind,CC-110,PO-4556209,3128.4,GBP,,,,
INV-502100,2025-05-11,Driftwood Bearings & Co,MRO & Spare Parts,Corporate,CC-900,PO-4566635,3490.2,GBP,,Gate valve DN50 PN16,20,174.51
INV-503354,2025-05-11,Fairhaven Hydraulics Ltd,MRO & Spare Parts,Offshore Wind,CC-110,PO-4557261,86.4,GBP,,Centrifugal pump seal kit,1,86.4
INV-500220,2025-05-12,Ironbridge Stationers Ltd,Office Supplies,Marine Fleet,CC-330,PO-4519233,14257.34,GBP,CT-2025-103,Ergonomic office chair,82,173.87
INV-500323,2025-05-12,Anchorline Advisory PLC,Professional Services,Marine Fleet,CC-330,PO-4510174,13626.23,GBP,CT-2025-105,,,
INV-500473,2025-05-12,Castlegate Media Ltd,Marketing & Events,Offshore Wind,CC-110,PO-4524561,9277.88,GBP,CT-2024-108,,,
INV-501024,2025-05-12,Juniper Events & Co,Marketing & Events,Offshore Wind,CC-110,PO-4532468,15384.73,GBP,,,,
INV-501297,2025-05-12,Juniper Learning PLC,Training & Development,Ports & Terminals,CC-220,PO-4581001,2277.04,GBP,CT-2025-121,,,
INV-501557,2025-05-12,Juniper Recruitment Ltd,Temporary Labour,Ports & Terminals,CC-220,PO-4516632,8710.65,GBP,CT-2025-129,,,
INV-502411,2025-05-12,Fairhaven Facilities Ltd,Facilities Management,Offshore Wind,CC-110,PO-4596753,1967.75,GBP,,,,
INV-502595,2025-05-12,Upton Build & Co,Construction & Civils,Offshore Wind,CC-110,PO-4582230,2136.51,GBP,,,,
INV-502747,2025-05-12,Oakridge Advisory Limited,Professional Services,Marine Fleet,CC-330,PO-4595055,861.81,GBP,,,,
INV-502752,2025-05-12,Galeforce Bearings Ltd,MRO & Spare Parts,Marine Fleet,CC-330,PO-4560287,2612.7,GBP,,Centrifugal pump seal kit,30,87.09
INV-502849,2025-05-12,Solent Terminals Ltd,Port & Terminal Services,Marine Fleet,CC-330,PO-4539003,1182.72,GBP,,,,
INV-503275,2025-05-12,Mariner Industrial PLC,MRO & Spare Parts,Marine Fleet,CC-330,,115.84,GBP,,Centrifugal pump seal kit,1,115.84
INV-501301,2025-05-13,Juniper Learning PLC,Training & Development,Ports & Terminals,CC-220,PO-4534459,4959.28,GBP,CT-2025-121,,,
INV-501366,2025-05-13,Coastway Logistics BV,Logistics & Freight,Marine Fleet,CC-330,PO-4567451,6325.68,EUR,CT-2024-122,,,
INV-501785,2025-05-13,Tarnside Staffing Ltd,Temporary Labour,Marine Fleet,CC-330,PO-4519390,6922.48,GBP,,,,
INV-501898,2025-05-13,Castlegate Utilities Ltd,Energy & Utilities,Offshore Wind,CC-110,PO-4535013,4107.51,GBP,,,,
INV-502035,2025-05-13,Kingsway Facilities Ltd,Facilities Management,Corporate,CC-900,PO-4503916,2667.37,GBP,,,,
INV-502248,2025-05-13,Lanyard Fasteners & Co,MRO & Spare Parts,Corporate,CC-900,PO-4549657,5362,GBP,,Gate valve DN50 PN16,35,153.2
INV-502296,2025-05-13,Wavecrest Travel Limited,Travel & Accommodation,Ports & Terminals,CC-220,PO-4587081,2553.23,GBP,,,,
INV-502372,2025-05-13,Fairhaven Events Ltd,Marketing & Events,Corporate,CC-900,,5821.52,GBP,,,,
INV-502534,2025-05-13,Lowther Advisory Ltd,Professional Services,Ports & Terminals,CC-220,PO-4588994,1387.2,GBP,,,,
INV-502726,2025-05-13,Anchorline Maintenance & Co,Facilities Management,Marine Fleet,CC-330,PO-4503935,2472.72,GBP,,,,
INV-503265,2025-05-13,Keelson Hydraulics Ltd,MRO & Spare Parts,Marine Fleet,CC-330,,157.04,GBP,,"Stainless bolts M12x50, box of 50",4,39.26
CN-503385,2025-05-13,Starboard Fasteners BV,MRO & Spare Parts,Ports & Terminals,CC-900,PO-4557046,-4915.37,EUR,CT-2024-130,,,
INV-500021,2025-05-14,Wavecrest Bearings Ltd,MRO & Spare Parts,Marine Fleet,CC-330,PO-4555023,29450.8,GBP,CT-2024-100,"Stainless bolts M12x50, box of 50",710,41.48
INV-501612,2025-05-14,Upton Kitchens Ltd,Catering & Hospitality,Offshore Wind,CC-110,PO-4508659,9201.79,GBP,CT-2024-132,,,
INV-501897,2025-05-14,Castlegate Utilities Ltd,Energy & Utilities,Marine Fleet,CC-330,PO-4527909,3682.63,GBP,,,,
INV-501937,2025-05-14,Lanyard Kitchens Ltd,Catering & Hospitality,Offshore Wind,CC-110,PO-4569626,4017.55,GBP,CT-2025-149,,,
INV-502110,2025-05-14,Driftwood Bearings & Co,MRO & Spare Parts,Corporate,CC-900,PO-4549587,2083.2,GBP,,"Hydraulic hose 1/2in, per metre",155,13.44
INV-502378,2025-05-14,Thistle Facilities Limited,Facilities Management,Corporate,CC-900,,2079.45,GBP,CT-2024-178,,,
INV-502620,2025-05-14,Seacroft Partners Ltd,Professional Services,Marine Fleet,CC-330,PO-4524703,5482.98,GBP,,,,
INV-500414,2025-05-15,Clearwater Facilities Ltd,Facilities Management,Ports & Terminals,CC-220,PO-4562224,10931.5,GBP,CT-2025-107,,,
INV-500752,2025-05-15,Foxley Systems Inc,IT Hardware & Software,Ports & Terminals,CC-220,PO-4521610,12096.49,USD,CT-2024-112,"Laptop, 14in business",7,1728.07
INV-500824,2025-05-15,Shorewell Digital LLC,IT Hardware & Software,Ports & Terminals,CC-220,PO-4552159,10172.75,USD,,"Laptop, 14in business",7,1453.25
INV-500961,2025-05-15,Oakridge Valves PLC,MRO & Spare Parts,Offshore Wind,CC-110,PO-4587959,8134,GBP,CT-2024-116,"Hydraulic hose 1/2in, per metre",664,12.25
INV-502142,2025-05-15,Saltmarsh Travel Limited,Travel & Accommodation,Offshore Wind,CC-110,PO-4569337,2596.22,GBP,,,,
INV-502239,2025-05-15,Lanyard Fasteners & Co,MRO & Spare Parts,Ports & Terminals,CC-220,PO-4537420,2147.6,GBP,,"Hydraulic hose 1/2in, per metre",182,11.8
INV-502257,2025-05-15,Harrowgate Fasteners Ltd,MRO & Spare Parts,Corporate,CC-900,,3551.63,GBP,CT-2024-166,Centrifugal pump seal kit,37,95.99
INV-502772,2025-05-15,Quarrymead Partners PLC,Professional Services,Offshore Wind,CC-110,,1152.34,GBP,,,,
INV-502824,2025-05-15,Portland Events & Co,Marketing & Events,Offshore Wind,CC-110,,633.21,GBP,,,,
INV-502852,2025-05-15,Solent Terminals Ltd,Port & Terminal Services,Ports & Terminals,CC-220,PO-4524325,652.74,GBP,,,,
INV-503227,2025-05-15,Pembury PPE Supplies Ltd,Safety & PPE,Marine Fleet,CC-330,PO-4557190,51.78,GBP,,"Nitrile gloves, box of 100",6,8.63
INV-500469,2025-05-16,Castlegate Media Ltd,Marketing & Events,Offshore Wind,CC-110,PO-4507582,3425.43,GBP,CT-2024-108,,,
INV-501118,2025-05-16,Kingsway Fasteners PLC,MRO & Spare Parts,Corporate,CC-900,,5744.64,GBP,CT-2025-119,"Stainless bolts M12x50, box of 50",132,43.52
INV-501920,2025-05-16,Blackwater Stationers & Co,Office Supplies,Offshore Wind,CC-110,PO-4564387,6818.84,GBP,,"Toner cartridge, black, high yield",71,96.04
INV-502507,2025-05-16,Coastway Freight Limited,Logistics & Freight,Marine Fleet,CC-330,PO-4598127,7322.77,GBP,,,,
INV-502641,2025-05-16,Pembury Haulage & Co,Logistics & Freight,Marine Fleet,CC-330,PO-4566677,24497.94,GBP,,,,
INV-502719,2025-05-16,Kingsway Hospitality PLC,Catering & Hospitality,Ports & Terminals,CC-220,,1951.2,GBP,,,,
INV-500579,2025-05-17,Coastway Fuels Inc,Fuel & Lubricants,Offshore Wind,CC-110,PO-4529220,16477.65,USD,,,,
INV-500581,2025-05-17,Coastway Fuels Inc,Fuel & Lubricants,Corporate,CC-900,PO-4528229,16182.14,USD,CT-2025-109,,,
INV-501384,2025-05-17,Starboard Pumps & Co,MRO & Spare Parts,Offshore Wind,CC-110,PO-4558190,6543.03,GBP,CT-2025-123,Ball bearing 6205-2RS,883,7.41
INV-501488,2025-05-17,Coastway Property Care Limited,Facilities Management,Corporate,CC-900,PO-4506265,8336.95,GBP,,,,
INV-502645,2025-05-17,Pembury Couriers Ltd,Logistics & Freight,Offshore Wind,CC-110,,1526.06,GBP,,,,
INV-502807,2025-05-17,Stonehaven Diving Services A/S,Marine Services,Marine Fleet,CC-330,PO-4557959,1358.44,EUR,,,,
INV-502822,2025-05-17,Portland Events & Co,Marketing & Events,Ports & Terminals,CC-220,PO-4592480,470.57,GBP,,,,
INV-503026,2025-05-17,Merrow Energy & Co,Energy & Utilities,Corporate,CC-900,,187.46,GBP,,,,
INV-503200,2025-05-17,Keelson PPE Supplies Ltd,Safety & PPE,Ports & Terminals,CC-220,PO-4578786,129.06,GBP,,"Safety boots, S3",2,64.53
INV-503391,2025-05-17,Upton Kitchens,Catering & Hospitality,Offshore Wind,CC-900,,2034.68,GBP,,,,
INV-500536,2025-05-18,Coastway Fuels Inc,Fuel & Lubricants,Corporate,CC-900,PO-4564195,5779.22,USD,,,,
INV-500714,2025-05-18,Bayfront Hydraulics Ltd,MRO & Spare Parts,Offshore Wind,CC-110,PO-4535572,4433.25,GBP,CT-2025-111,Gate valve DN50 PN16,25,177.33
INV-500794,2025-05-18,Shorewell Digital LLC,IT Hardware & Software,Marine Fleet,CC-330,PO-4539047,5604.39,USD,CT-2025-113,27in monitor,17,329.67
INV-502185,2025-05-18,Westerly Water Ltd,Energy & Utilities,Offshore Wind,CC-110,,2050.13,GBP,,,,
INV-502185,2025-05-18,Westerly Water Ltd,Energy & Utilities,Offshore Wind,CC-110,,2050.13,GBP,,,,
INV-500261,2025-05-19,Wavecrest Couriers SAS,Logistics & Freight,Marine Fleet,CC-330,PO-4597686,26986.27,EUR,,,,
INV-501892,2025-05-19,Solent Training Limited,Training & Development,Ports & Terminals,CC-220,,4202.98,GBP,,,,
INV-503176,2025-05-19,Ironbridge Couriers BV,Logistics & Freight,Corporate,CC-900,PO-4502560,2187.76,EUR,,,,
INV-500106,2025-05-20,Westerly Safety PLC,Safety & PPE,Marine Fleet,CC-330,,10325.2,GBP,CT-2025-101,"Safety helmet, EN397",664,15.55
INV-500545,2025-05-20,Coastway Fuels Inc,Fuel & Lubricants,Corporate,CC-900,PO-4577022,18336.81,USD,CT-2025-109,,,
INV-500751,2025-05-20,Foxley Systems Inc,IT Hardware & Software,Corporate,CC-900,PO-4569419,4448.16,USD,CT-2024-112,Rugged tablet,2,2224.08
INV-501294,2025-05-20,Juniper Learning PLC,Training & Development,Ports & Terminals,CC-220,PO-4508173,2675.23,GBP,CT-2025-121,,,
INV-502256,2025-05-20,Harrowgate Fasteners Ltd,MRO & Spare Parts,Corporate,CC-900,PO-4552647,9114,GBP,CT-2024-166,Ball bearing 6205-2RS,1470,6.2
INV-502629,2025-05-20,Oakridge Events & Co,Marketing & Events,Marine Fleet,CC-330,PO-4501423,1040.37,GBP,,,,
INV-503192,2025-05-20,Thistle Diving Services PLC,Marine Services,Offshore Wind,CC-110,PO-4580168,211.91,GBP,,,,
INV-500109,2025-05-21,Ravensworth Pumps Limited,MRO & Spare Parts,Marine Fleet,CC-330,,18435.88,GBP,CT-2024-102,Gate valve DN50 PN16,116,158.93
INV-500416,2025-05-21,Clearwater Facilities Ltd,Facilities Management,Ports & Terminals,CC-220,PO-4593538,7008.76,GBP,CT-2025-107,,,
INV-500680,2025-05-21,Bayfront Hydraulics Ltd,MRO & Spare Parts,Offshore Wind,CC-110,PO-4587569,4026.05,GBP,CT-2025-111,Centrifugal pump seal kit,35,115.03
INV-500757,2025-05-21,Foxley Systems Inc,IT Hardware & Software,Corporate,CC-900,PO-4524326,6672.24,USD,CT-2024-112,Rugged tablet,3,2224.08
INV-500948,2025-05-21,Blackwater Travel PLC,Travel & Accommodation,Marine Fleet,CC-330,PO-4510341,17343.05,GBP,CT-2025-115,,,
INV-502753,2025-05-21,Lanyard Academy Ltd,Training & Development,Corporate,CC-900,PO-4548295,6358.15,GBP,,,,
INV-502917,2025-05-21,Keelson Towage Ltd,Marine Services,Marine Fleet,CC-330,PO-4579446,481.46,GBP,,,,
INV-503125,2025-05-21,Lanyard Events & Co,Marketing & Events,Marine Fleet,CC-330,PO-4549727,1284.76,GBP,,,,
INV-503273,2025-05-21,Mariner Industrial PLC,MRO & Spare Parts,Marine Fleet,CC-330,,178.58,GBP,,Gate valve DN50 PN16,1,178.58
INV-500152,2025-05-22,Ravensworth Pumps Limited,MRO & Spare Parts,Marine Fleet,CC-330,PO-4558161,18594.81,GBP,,Gate valve DN50 PN16,117,158.93
INV-500254,2025-05-22,Wavecrest Couriers SAS,Logistics & Freight,Marine Fleet,CC-330,PO-4534299,11712.7,EUR,CT-2024-104,,,
INV-501353,2025-05-22,Coastway Logistics BV,Logistics & Freight,Corporate,CC-900,PO-4516396,7525,EUR,CT-2024-122,,,
INV-501735,2025-05-22,Starboard Maintenance Ltd,Facilities Management,Ports & Terminals,CC-220,PO-4587488,7818.93,GBP,,,,
INV-501844,2025-05-22,Greystone Systems Inc,IT Hardware & Software,Ports & Terminals,CC-220,PO-4543455,7845.8,USD,CT-2025-143,"Laptop, 14in business",5,1569.16
INV-502122,2025-05-22,Windrush Travel A/S,Travel & Accommodation,Offshore Wind,CC-110,PO-4550600,3518.92,EUR,,,,
INV-502147,2025-05-22,Saltmarsh Travel Limited,Travel & Accommodation,Offshore Wind,CC-110,PO-4511436,842.93,GBP,,,,
INV-502731,2025-05-22,Lanyard Software Ltd,IT Hardware & Software,Marine Fleet,CC-330,,1054.54,GBP,,"Laptop, 14in business",1,1054.54
INV-503165,2025-05-22,Lowther Pumps & Co,MRO & Spare Parts,Ports & Terminals,CC-220,PO-4595788,254.1,GBP,,"Stainless bolts M12x50, box of 50",6,42.35
INV-500096,2025-05-23,Westerly Safety PLC,Safety & PPE,Offshore Wind,CC-110,PO-4564106,25343.22,GBP,CT-2025-101,"Ear defenders, SNR 30",1454,17.43
INV-500768,2025-05-23,Foxley Systems Inc,IT Hardware & Software,Offshore Wind,CC-110,PO-4550093,3960.15,USD,CT-2024-112,Docking station USB-C,15,264.01
INV-500915,2025-05-23,Shorewell Safety Ltd,Safety & PPE,Ports & Terminals,CC-220,PO-4576857,5768.4,GBP,,"Hi-vis jacket, class 3",264,21.85
INV-501001,2025-05-23,Oakridge Valves PLC,MRO & Spare Parts,Offshore Wind,CC-110,PO-4536444,6493.5,GBP,CT-2024-116,Ball bearing 6205-2RS,975,6.66
INV-501240,2025-05-23,Heathmere Cleaning Limited,Facilities Management,Marine Fleet,CC-330,PO-4597783,2414.05,GBP,CT-2024-120,,,
INV-501768,2025-05-23,Clearwater Catering Limited,Catering & Hospitality,Marine Fleet,CC-330,PO-4562453,9827.28,GBP,,,,
INV-501841,2025-05-23,Greystone Systems Inc,IT Hardware & Software,Corporate,CC-900,PO-4583894,6058.71,USD,CT-2025-143,Rugged tablet,3,2019.57
INV-501997,2025-05-23,Bayfront Advisory Ltd,Professional Services,Marine Fleet,CC-330,PO-4509731,3876.64,GBP,,,,
INV-502252,2025-05-23,Harrowgate Fasteners Ltd,MRO & Spare Parts,Corporate,CC-900,PO-4564476,9023.06,GBP,CT-2024-166,Centrifugal pump seal kit,94,95.99
INV-502428,2025-05-23,Starboard Creative Limited,Marketing & Events,Marine Fleet,CC-330,PO-4537405,3807.87,GBP,,,,
INV-503056,2025-05-23,Juniper Print Ltd,Marketing & Events,Offshore Wind,CC-110,,402.25,GBP,,,,
INV-503099,2025-05-23,Coastway Academy Ltd,Training & Development,Ports & Terminals,CC-220,,2720.39,GBP,,,,
INV-503149,2025-05-23,Lowther Systems Limited,IT Hardware & Software,Marine Fleet,CC-330,PO-4501694,516.44,GBP,,27in monitor,2,258.22
INV-503325,2025-05-23,Solent Engineering Supplies PLC,MRO & Spare Parts,Offshore Wind,CC-110,PO-4516577,98.82,GBP,,Centrifugal pump seal kit,1,98.82
INV-501274,2025-05-24,Juniper Learning PLC,Training & Development,Ports & Terminals,CC-220,PO-4501777,2153.49,GBP,CT-2025-121,,,
INV-501303,2025-05-24,Juniper Learning PLC,Training & Development,Ports & Terminals,CC-220,PO-4580123,4654.13,GBP,CT-2025-121,,,
INV-501883,2025-05-24,Greystone PPE Supplies PLC,Safety & PPE,Offshore Wind,CC-110,,5302.88,GBP,CT-2025-145,"Ear defenders, SNR 30",262,20.24
INV-502576,2025-05-24,Ironbridge Hotels PLC,Travel & Accommodation,Marine Fleet,CC-330,PO-4504284,1733.78,GBP,,,,
INV-503122,2025-05-24,Fairhaven Bunkering Limited,Fuel & Lubricants,Offshore Wind,CC-110,PO-4594781,445.45,GBP,,,,
INV-500422,2025-05-25,Clearwater Facilities Ltd,Facilities Management,Ports & Terminals,CC-220,PO-4516102,6133.07,GBP,CT-2025-107,,,
INV-500662,2025-05-25,Bayfront Hydraulics Ltd,MRO & Spare Parts,Ports & Terminals,CC-220,PO-4517798,2868.39,GBP,CT-2025-111,"Stainless bolts M12x50, box of 50",63,45.53
INV-500802,2025-05-25,Shorewell Digital LLC,IT Hardware & Software,Ports & Terminals,CC-220,PO-4583436,10172.75,USD,CT-2025-113,"Laptop, 14in business",7,1453.25
INV-501209,2025-05-25,Heathmere Cleaning Limited,Facilities Management,Marine Fleet,CC-330,PO-4514566,3517.93,GBP,CT-2024-120,,,
INV-502276,2025-05-25,Juniper Staffing Limited,Temporary Labour,Corporate,CC-900,,1990.63,GBP,CT-2024-168,,,
INV-502335,2025-05-25,Pembury Diving Services Ltd,Marine Services,Offshore Wind,CC-110,PO-4582601,1871.04,GBP,,,,
INV-502923,2025-05-25,Lanyard Industrial Limited,MRO & Spare Parts,Marine Fleet,CC-330,PO-4504332,865.02,GBP,,Gate valve DN50 PN16,6,144.17
INV-503254,2025-05-25,Castlegate Learning Ltd,Training & Development,Corporate,CC-900,PO-4515112,102.14,GBP,,,,
INV-500233,2025-05-26,Wavecrest Couriers SAS,Logistics & Freight,Marine Fleet,CC-330,PO-4535799,20756.21,EUR,CT-2024-104,,,
INV-500526,2025-05-26,Castlegate Media Ltd,Marketing & Events,Offshore Wind,CC-110,PO-4504553,11570.07,GBP,CT-2024-108,,,
INV-500563,2025-05-26,Coastway Fuels Inc,Fuel & Lubricants,Corporate,CC-900,PO-4584243,4887.18,USD,CT-2025-109,,,
INV-500663,2025-05-26,Bayfront Hydraulics Ltd,MRO & Spare Parts,Offshore Wind,CC-110,PO-4595281,5061.32,GBP,CT-2025-111,Centrifugal pump seal kit,44,115.03
INV-500749,2025-05-26,Foxley Systems Inc,IT Hardware & Software,Corporate,CC-900,PO-4587697,13344.48,USD,CT-2024-112,Rugged tablet,6,2224.08
INV-500834,2025-05-26,Shorewell Digital LLC,IT Hardware & Software,Ports & Terminals,CC-220,PO-4527362,4945.05,USD,CT-2025-113,27in monitor,15,329.67
INV-500864,2025-05-26,Shorewell Safety Ltd,Safety & PPE,Corporate,CC-900,PO-4525752,3860.14,GBP,CT-2024-114,"Safety helmet, EN397",257,15.02
INV-500990,2025-05-26,Oakridge Valves PLC,MRO & Spare Parts,Offshore Wind,CC-110,PO-4514352,4520.25,GBP,CT-2024-116,"Hydraulic hose 1/2in, per metre",369,12.25
INV-501023,2025-05-26,Juniper Events & Co,Marketing & Events,Ports & Terminals,CC-220,PO-4571330,8542.34,GBP,CT-2025-117,,,
INV-501287,2025-05-26,Juniper Learning PLC,Training & Development,Ports & Terminals,CC-220,PO-4545931,1413.11,GBP,CT-2025-121,,,
INV-501740,2025-05-26,Starboard Maintenance Ltd,Facilities Management,Ports & Terminals,CC-220,PO-4573989,15668.41,GBP,,,,
INV-502460,2025-05-26,Stonehaven Digital LLC,IT Hardware & Software,Marine Fleet,CC-330,PO-4522869,4609.21,USD,CT-2024-188,Docking station USB-C,19,242.59
INV-503272,2025-05-26,Mariner Industrial PLC,MRO & Spare Parts,Marine Fleet,CC-330,PO-4509693,91.7,GBP,,"Stainless bolts M12x50, box of 50",2,45.85
INV-501150,2025-05-27,Kingsway Fasteners PLC,MRO & Spare Parts,Marine Fleet,CC-330,PO-4560220,2542.5,GBP,CT-2025-119,Gate valve DN50 PN16,15,169.5
INV-501210,2025-05-27,Heathmere Cleaning Limited,Facilities Management,Marine Fleet,CC-330,PO-4539743,5114.88,GBP,CT-2024-120,,,
INV-501291,2025-05-27,Juniper Learning PLC,Training & Development,Ports & Terminals,CC-220,PO-4561001,2328.65,GBP,CT-2025-121,,,
INV-502210,2025-05-27,Clearwater Staffing Ltd,Temporary Labour,Ports & Terminals,CC-220,PO-4588064,2721.1,GBP,,,,
INV-502693,2025-05-27,Blackwater Advisory Ltd,Professional Services,Offshore Wind,CC-110,PO-4550278,1060.26,GBP,,,,
INV-503368,2025-05-27,Eastholme Consulting Ltd,Professional Services,Ports & Terminals,CC-220,,18,GBP,,,,
INV-500087,2025-05-28,Westerly Safety PLC,Safety & PPE,Offshore Wind,CC-110,PO-4563745,28978.8,GBP,CT-2025-101,"Nitrile gloves, box of 100",3895,7.44
INV-500372,2025-05-28,Merrow Workwear Ltd,Safety & PPE,Ports & Terminals,CC-220,PO-4582721,8172.61,GBP,CT-2024-106,"Nitrile gloves, box of 100",863,9.47
INV-501309,2025-05-28,Juniper Learning PLC,Training & Development,Offshore Wind,CC-110,PO-4539107,4388.6,GBP,CT-2025-121,,,
INV-502151,2025-05-28,Saltmarsh Travel Limited,Travel & Accommodation,Ports & Terminals,CC-220,PO-4543700,1109.19,GBP,,,,
INV-502324,2025-05-28,Pembury Diving Services Ltd,Marine Services,Offshore Wind,CC-110,,3651.84,GBP,,,,
INV-502404,2025-05-28,Fairhaven Facilities Ltd,Facilities Management,Offshore Wind,CC-110,,1449.26,GBP,,,,
INV-502847,2025-05-28,Solent Terminals Ltd,Port & Terminal Services,Marine Fleet,CC-330,PO-4538632,1254.91,GBP,,,,
INV-503248,2025-05-28,Yarrow Property Care Ltd,Facilities Management,Ports & Terminals,CC-220,PO-4531018,158.53,GBP,,,,
INV-503353,2025-05-28,Fairhaven Hydraulics Ltd,MRO & Spare Parts,Offshore Wind,CC-110,PO-4519921,86.4,GBP,,Centrifugal pump seal kit,1,86.4
INV-500204,2025-05-29,Ironbridge Stationers Ltd,Office Supplies,Marine Fleet,CC-330,PO-4530899,10652.62,GBP,CT-2025-103,"Ballpoint pens, box of 50",1181,9.02
INV-501094,2025-05-29,Stonehaven Construction PLC,Construction & Civils,Offshore Wind,CC-110,PO-4506447,4252.39,GBP,CT-2024-118,,,
INV-501222,2025-05-29,Heathmere Cleaning Limited,Facilities Management,Marine Fleet,CC-330,PO-4583107,1595.39,GBP,CT-2024-120,,,
INV-501464,2025-05-29,Merrow Events Ltd,Marketing & Events,Ports & Terminals,CC-220,PO-4520641,4733.16,GBP,CT-2024-124,,,
INV-501600,2025-05-29,Blackwater PPE Supplies & Co,Safety & PPE,Marine Fleet,CC-330,PO-4579429,14314.3,GBP,CT-2025-131,"Nitrile gloves, box of 100",1573,9.1
INV-501762,2025-05-29,Clearwater Catering Limited,Catering & Hospitality,Marine Fleet,CC-330,PO-4598990,10375.69,GBP,,,,
INV-501950,2025-05-29,Tarnside Haulage PLC,Logistics & Freight,Ports & Terminals,CC-220,PO-4549024,6879.45,GBP,,,,
INV-501965,2025-05-29,Tarnside Haulage PLC,Logistics & Freight,Offshore Wind,CC-110,PO-4578288,5865.59,GBP,,,,
INV-502133,2025-05-29,Saltmarsh Travel Limited,Travel & Accommodation,Offshore Wind,CC-110,PO-4578262,1130.91,GBP,,,,
INV-502942,2025-05-29,Merrow Towage Ltd,Marine Services,Offshore Wind,CC-110,,715.23,GBP,,,,
INV-503127,2025-05-29,Anchorline Build & Co,Construction & Civils,Offshore Wind,CC-110,,726.47,GBP,,,,
INV-503178,2025-05-29,Thistle Bearings Limited,MRO & Spare Parts,Ports & Terminals,CC-220,PO-4593491,290.4,GBP,,Ball bearing 6205-2RS,40,7.26
INV-503309,2025-05-29,Blackwater Furniture Ltd,Office Supplies,Offshore Wind,CC-110,PO-4560530,63.24,GBP,,"Ballpoint pens, box of 50",6,10.54
INV-500115,2025-05-30,Ravensworth Pumps Limited,MRO & Spare Parts,Marine Fleet,CC-330,PO-4578897,18935.84,GBP,CT-2024-102,"Stainless bolts M12x50, box of 50",464,40.81
INV-500462,2025-05-30,Castlegate Media Ltd,Marketing & Events,Offshore Wind,CC-110,PO-4596112,9414.67,GBP,CT-2024-108,,,
INV-500566,2025-05-30,Coastway Fuels Inc,Fuel & Lubricants,Offshore Wind,CC-110,PO-4540996,10461.9,USD,CT-2025-109,,,
INV-501576,2025-05-30,Juniper Recruitment Ltd,Temporary Labour,Ports & Terminals,CC-220,PO-4547242,6963.27,GBP,CT-2025-129,,,
INV-501684,2025-05-30,Saltmarsh Kitchens PLC,Catering & Hospitality,Corporate,CC-900,,12181.41,GBP,,,,
INV-501825,2025-05-30,Quarrymead Terminals A/S,Port & Terminal Services,Ports & Terminals,CC-220,PO-4526749,4347.39,EUR,,,,
INV-502069,2025-05-30,Keelson Diving Services & Co,Marine Services,Offshore Wind,CC-110,PO-4583059,3277.34,GBP,,,,
INV-502117,2025-05-30,Windrush Travel A/S,Travel & Accommodation,Corporate,CC-900,PO-4560016,5748.44,EUR,,,,
INV-502182,2025-05-30,Westerly Water Ltd,Energy & Utilities,Ports & Terminals,CC-220,PO-4526115,3831.29,GBP,,,,
INV-500565,2025-05-31,Coastway Fuels Inc,Fuel & Lubricants,Corporate,CC-900,PO-4565354,7253.17,USD,CT-2025-109,,,
INV-501176,2025-05-31,Kingsway Fasteners PLC,MRO & Spare Parts,Marine Fleet,CC-330,PO-4525937,5900.1,GBP,CT-2025-119,Ball bearing 6205-2RS,831,7.1
INV-501729,2025-05-31,Driftwood Industrial & Co,MRO & Spare Parts,Corporate,CC-900,PO-4595841,8484.7,GBP,,Gate valve DN50 PN16,62,136.85
INV-501893,2025-05-31,Solent Training Limited,Training & Development,Ports & Terminals,CC-220,PO-4568768,5724.75,GBP,,,,
INV-502301,2025-05-31,Wavecrest Travel Limited,Travel & Accommodation,Marine Fleet,CC-330,PO-4545362,1232.9,GBP,,,,
INV-502446,2025-05-31,Stonehaven Legal Ltd,Professional Services,Ports & Terminals,CC-220,PO-4566056,5643.41,GBP,CT-2025-185,,,
INV-502555,2025-05-31,Windrush Diving Services SAS,Marine Services,Marine Fleet,CC-330,PO-4576748,36643.42,EUR,,,,
INV-501569,2025-06-01,Juniper Recruitment Ltd,Temporary Labour,Ports & Terminals,CC-220,PO-4563189,6998.54,GBP,CT-2025-129,,,
INV-501606,2025-06-01,Upton Kitchens Ltd,Catering & Hospitality,Offshore Wind,CC-110,PO-4575922,5481.82,GBP,CT-2024-132,,,
INV-501867,2025-06-01,Greystone PPE Supplies PLC,Safety & PPE,Offshore Wind,CC-110,PO-4598043,5154.32,GBP,CT-2025-145,"Safety boots, S3",76,67.82
INV-502178,2025-06-01,Westerly Water Ltd,Energy & Utilities,Ports & Terminals,CC-220,,4385.09,GBP,CT-2025-161,,,
INV-502270,2025-06-01,Harrowgate Stationers Ltd,Office Supplies,Offshore Wind,CC-110,PO-4564135,2520.7,GBP,CT-2025-167,"Ballpoint pens, box of 50",277,9.1
INV-502717,2025-06-01,Kingsway Hospitality PLC,Catering & Hospitality,Ports & Terminals,CC-220,,2118.71,GBP,,,,
INV-502748,2025-06-01,Galeforce Bearings Ltd,MRO & Spare Parts,Marine Fleet,CC-330,PO-4558699,1669.14,GBP,,Ball bearing 6205-2RS,297,5.62
INV-502809,2025-06-01,Stonehaven Diving Services A/S,Marine Services,Marine Fleet,CC-330,PO-4527285,1361.7,EUR,,,,
INV-503009,2025-06-01,Stonehaven Partners Limited,Professional Services,Offshore Wind,CC-110,,731.43,GBP,,,,
INV-500272,2025-06-02,Wavecrest Couriers SAS,Logistics & Freight,Marine Fleet,CC-330,,17797.01,EUR,CT-2024-104,,,
INV-500340,2025-06-02,Merrow Workwear Ltd,Safety & PPE,Ports & Terminals,CC-220,PO-4509763,23387.91,GBP,CT-2024-106,"Safety helmet, EN397",1183,19.77
INV-500946,2025-06-02,Blackwater Travel PLC,Travel & Accommodation,Marine Fleet,CC-330,PO-4546759,13842.97,GBP,CT-2025-115,,,
INV-501487,2025-06-02,Coastway Property Care Limited,Facilities Management,Corporate,CC-900,,6772.59,GBP,CT-2025-125,,,
INV-501583,2025-06-02,Starboard Fasteners BV,MRO & Spare Parts,Ports & Terminals,CC-220,PO-4551917,7828.76,EUR,CT-2024-130,Gate valve DN50 PN16,38,206.02
INV-501592,2025-06-02,Starboard Fasteners BV,MRO & Spare Parts,Corporate,CC-900,,14425.83,EUR,CT-2024-130,"Hydraulic hose 1/2in, per metre",909,15.87
INV-501780,2025-06-02,Tarnside Staffing Ltd,Temporary Labour,Marine Fleet,CC-330,PO-4546919,7639.05,GBP,,,,
INV-501901,2025-06-02,Castlegate Utilities Ltd,Energy & Utilities,Offshore Wind,CC-110,,5488.55,GBP,,,,
INV-502047,2025-06-02,Keelson Diving Services & Co,Marine Services,Offshore Wind,CC-110,PO-4578373,2977.98,GBP,,,,
INV-502285,2025-06-02,Juniper Staffing Limited,Temporary Labour,Marine Fleet,CC-330,PO-4554066,2648.91,GBP,CT-2024-168,,,
INV-502287,2025-06-02,Juniper Staffing Limited,Temporary Labour,Corporate,CC-900,PO-4554217,2140.37,GBP,CT-2024-168,,,
INV-502414,2025-06-02,Fairhaven Facilities Ltd,Facilities Management,Offshore Wind,CC-110,PO-4581645,3039.53,GBP,,,,
INV-502893,2025-06-02,Tarnside Hotels Ltd,Travel & Accommodation,Marine Fleet,CC-330,PO-4545526,1838.93,GBP,,,,
INV-503036,2025-06-02,Deepwell Furniture Ltd,Office Supplies,Marine Fleet,CC-330,PO-4556067,495.84,GBP,,"Toner cartridge, black, high yield",6,82.64
INV-500110,2025-06-03,Ravensworth Pumps Limited,MRO & Spare Parts,Marine Fleet,CC-330,PO-4522106,24162.48,GBP,CT-2024-102,Ball bearing 6205-2RS,3628,6.66
INV-500317,2025-06-03,Anchorline Advisory PLC,Professional Services,Marine Fleet,CC-330,PO-4571411,16191.89,GBP,CT-2025-105,,,
INV-500374,2025-06-03,Merrow Workwear Ltd,Safety & PPE,Offshore Wind,CC-110,PO-4549100,8311.64,GBP,CT-2024-106,"Hi-vis jacket, class 3",289,28.76
INV-500470,2025-06-03,Castlegate Media Ltd,Marketing & Events,Offshore Wind,CC-110,PO-4588989,10011.42,GBP,CT-2024-108,,,
INV-500912,2025-06-03,Shorewell Safety Ltd,Safety & PPE,Corporate,CC-900,PO-4568665,4596.12,GBP,CT-2024-114,"Safety helmet, EN397",306,15.02
INV-501787,2025-06-03,Tarnside Staffing Ltd,Temporary Labour,Ports & Terminals,CC-220,PO-4533889,6287.12,GBP,,,,
INV-502078,2025-06-03,Deepwell Telecom Ltd,Telecoms,Marine Fleet,CC-330,,6305.99,GBP,,,,
INV-502090,2025-06-03,Driftwood Bearings & Co,MRO & Spare Parts,Corporate,CC-900,PO-4523121,2603.37,GBP,,Centrifugal pump seal kit,23,113.19
INV-502105,2025-06-03,Driftwood Bearings & Co,MRO & Spare Parts,Corporate,CC-900,PO-4542353,3091.89,GBP,,"Stainless bolts M12x50, box of 50",69,44.81
INV-502227,2025-06-03,Bayfront Partners & Co,Professional Services,Offshore Wind,CC-110,PO-4505348,4834.56,GBP,,,,
INV-502266,2025-06-03,Harrowgate Stationers Ltd,Office Supplies,Offshore Wind,CC-110,PO-4576445,2275.44,GBP,CT-2025-167,"A4 copier paper, box of 5 reams",114,19.96
INV-502695,2025-06-03,Blackwater Advisory Ltd,Professional Services,Offshore Wind,CC-110,,1752.34,GBP,,,,
INV-502700,2025-06-03,Ironbridge Software Ltd,IT Hardware & Software,Marine Fleet,CC-330,,1687.59,GBP,,Docking station USB-C,9,187.51
INV-502806,2025-06-03,Stonehaven Diving Services A/S,Marine Services,Marine Fleet,CC-330,PO-4536648,1249.96,EUR,,,,
INV-503006,2025-06-03,Stonehaven Partners Limited,Professional Services,Marine Fleet,CC-330,PO-4558162,285.82,GBP,,,,
INV-503037,2025-06-03,Galeforce Industrial Ltd,MRO & Spare Parts,Offshore Wind,CC-110,PO-4572356,1514.8,GBP,,Centrifugal pump seal kit,14,108.2
INV-503195,2025-06-03,Ironbridge Workwear Ltd,Safety & PPE,Corporate,CC-900,PO-4578941,75.76,GBP,,"Nitrile gloves, box of 100",8,9.47
INV-500577,2025-06-04,Coastway Fuels Inc,Fuel & Lubricants,Corporate,CC-900,PO-4508308,18150.99,USD,CT-2025-109,,,
INV-501042,2025-06-04,Juniper Events & Co,Marketing & Events,Ports & Terminals,CC-220,PO-4535665,7109.93,GBP,CT-2025-117,,,
INV-502482,2025-06-04,Harrowgate Furniture Ltd,Office Supplies,Corporate,CC-900,PO-4571354,2628.45,GBP,,"Toner cartridge, black, high yield",27,97.35
INV-502715,2025-06-04,Deepwell Facilities PLC,Facilities Management,Marine Fleet,CC-330,,1758.56,GBP,,,,
INV-502715,2025-06-04,Deepwell Facilities PLC,Facilities Management,Marine Fleet,CC-330,,1758.56,GBP,,,,
INV-500073,2025-06-05,Westerly Safety PLC,Safety & PPE,Offshore Wind,CC-110,PO-4555765,19701.85,GBP,CT-2025-101,"Safety helmet, EN397",1267,15.55
INV-500120,2025-06-05,Ravensworth Pumps Limited,MRO & Spare Parts,Marine Fleet,CC-330,PO-4505283,12370.8,GBP,CT-2024-102,Centrifugal pump seal kit,120,103.09
INV-500121,2025-06-05,Ravensworth Pumps Limited,MRO & Spare Parts,Marine Fleet,CC-330,PO-4541872,15717.6,GBP,CT-2024-102,Ball bearing 6205-2RS,2360,6.66
INV-500420,2025-06-05,Clearwater Facilities Ltd,Facilities Management,Ports & Terminals,CC-220,PO-4533675,10928.7,GBP,CT-2025-107,,,
INV-501005,2025-06-05,Oakridge Valves PLC,MRO & Spare Parts,Corporate,CC-900,PO-4552665,4771.5,GBP,CT-2024-116,Gate valve DN50 PN16,30,159.05
INV-501010,2025-06-05,Oakridge Valves PLC,MRO & Spare Parts,Offshore Wind,CC-110,,4948.38,GBP,CT-2024-116,Ball bearing 6205-2RS,743,6.66
INV-501130,2025-06-05,Kingsway Fasteners PLC,MRO & Spare Parts,Offshore Wind,CC-110,PO-4537258,2977.68,GBP,CT-2025-119,"Hydraulic hose 1/2in, per metre",228,13.06
INV-501410,2025-06-05,Starboard Pumps & Co,MRO & Spare Parts,Offshore Wind,CC-110,PO-4576081,4208.88,GBP,CT-2025-123,Ball bearing 6205-2RS,568,7.41
INV-501417,2025-06-05,Merrow Events Ltd,Marketing & Events,Ports & Terminals,CC-220,PO-4575713,1867.07,GBP,CT-2024-124,,,
INV-501571,2025-06-05,Juniper Recruitment Ltd,Temporary Labour,Ports & Terminals,CC-220,PO-4553912,6039.76,GBP,CT-2025-129,,,
INV-501887,2025-06-05,Solent Training Limited,Training & Development,Ports & Terminals,CC-220,PO-4551771,5042.62,GBP,,,,
INV-502087,2025-06-05,Driftwood Bearings & Co,MRO & Spare Parts,Corporate,CC-900,,1706.88,GBP,,"Hydraulic hose 1/2in, per metre",127,13.44
INV-502096,2025-06-05,Driftwood Bearings & Co,MRO & Spare Parts,Corporate,CC-900,PO-4592792,3315.94,GBP,,"Stainless bolts M12x50, box of 50",74,44.81
INV-502363,2025-06-05,Stonehaven Property Care Ltd,Facilities Management,Ports & Terminals,CC-220,,4255.06,GBP,,,,
INV-502397,2025-06-05,Shorewell Cleaning & Co,Facilities Management,Offshore Wind,CC-110,,1528.86,GBP,CT-2024-180,,,
INV-502533,2025-06-05,Stonehaven Haulage BV,Logistics & Freight,Marine Fleet,CC-330,PO-4579285,3728.32,EUR,CT-2024-198,,,
INV-503230,2025-06-05,Pembury PPE Supplies Ltd,Safety & PPE,Marine Fleet,CC-330,PO-4515675,126.14,GBP,,"Safety helmet, EN397",7,18.02
INV-500784,2025-06-06,Foxley Systems Inc,IT Hardware & Software,Corporate,CC-900,,8640.35,USD,CT-2024-112,"Laptop, 14in business",5,1728.07
INV-502008,2025-06-06,Bayfront Advisory Ltd,Professional Services,Marine Fleet,CC-330,PO-4526606,3999.77,GBP,,,,
INV-502039,2025-06-06,Clearwater Civils Ltd,Construction & Civils,Marine Fleet,CC-330,PO-4588518,8121.75,GBP,,,,
INV-502351,2025-06-06,Quarrymead Events Ltd,Marketing & Events,Ports & Terminals,CC-220,PO-4504418,4580.79,GBP,,,,
INV-502430,2025-06-06,Starboard Creative Limited,Marketing & Events,Ports & Terminals,CC-220,PO-4544369,1755.84,GBP,,,,
INV-502571,2025-06-06,Ironbridge Hotels PLC,Travel & Accommodation,Marine Fleet,CC-330,PO-4586609,3441.67,GBP,,,,
INV-502648,2025-06-06,Pembury Couriers Ltd,Logistics & Freight,Offshore Wind,CC-110,PO-4588454,2107.3,GBP,,,,
INV-502724,2025-06-06,Anchorline Maintenance & Co,Facilities Management,Marine Fleet,CC-330,PO-4547287,2603.63,GBP,,,,
INV-502874,2025-06-06,Oakridge Partners Ltd,Professional Services,Ports & Terminals,CC-220,PO-4541472,1872.21,GBP,,,,
INV-503103,2025-06-06,Northstar Lubricants Inc,Fuel & Lubricants,Corporate,CC-900,PO-4567876,627.68,USD,,,,
INV-500047,2025-06-07,Wavecrest Bearings Ltd,MRO & Spare Parts,Corporate,CC-900,PO-4597571,25848,GBP,CT-2024-100,Gate valve DN50 PN16,160,161.55
INV-500379,2025-06-07,Merrow Workwear Ltd,Safety & PPE,Offshore Wind,CC-110,PO-4543427,6959.04,GBP,CT-2024-106,"Safety helmet, EN397",352,19.77
INV-500426,2025-06-07,Clearwater Facilities Ltd,Facilities Management,Corporate,CC-900,PO-4581851,11084.02,GBP,CT-2025-107,,,
INV-500503,2025-06-07,Castlegate Media Ltd,Marketing & Events,Marine Fleet,CC-330,PO-4585858,8269.49,GBP,CT-2024-108,,,
INV-500521,2025-06-07,Castlegate Media Ltd,Marketing & Events,Offshore Wind,CC-110,PO-4513790,4589.31,GBP,CT-2024-108,,,
INV-500814,2025-06-07,Shorewell Digital LLC,IT Hardware & Software,Ports & Terminals,CC-220,PO-4527660,4945.05,USD,,27in monitor,15,329.67
INV-501172,2025-06-07,Kingsway Fasteners PLC,MRO & Spare Parts,Marine Fleet,CC-330,,5410.2,GBP,CT-2025-119,Ball bearing 6205-2RS,762,7.1
INV-501174,2025-06-07,Kingsway Fasteners PLC,MRO & Spare Parts,Marine Fleet,CC-330,PO-4556020,3408.45,GBP,CT-2025-119,Centrifugal pump seal kit,31,109.95
INV-501615,2025-06-07,Upton Kitchens Ltd,Catering & Hospitality,Ports & Terminals,CC-220,,8558.7,GBP,CT-2024-132,,,
INV-501733,2025-06-07,Starboard Maintenance Ltd,Facilities Management,Ports & Terminals,CC-220,PO-4519420,16696.51,GBP,,,,
INV-501930,2025-06-07,Lanyard Kitchens Ltd,Catering & Hospitality,Offshore Wind,CC-110,PO-4538060,3719.95,GBP,CT-2025-149,,,
INV-502393,2025-06-07,Shorewell Cleaning & Co,Facilities Management,Ports & Terminals,CC-220,,1986.09,GBP,CT-2024-180,,,
INV-502583,2025-06-07,Solent Pumps Ltd,MRO & Spare Parts,Marine Fleet,CC-330,,1342.48,GBP,,Ball bearing 6205-2RS,194,6.92
INV-503071,2025-06-07,Blackwater Facilities PLC,Facilities Management,Ports & Terminals,CC-220,,3463.89,GBP,,,,
INV-501172,2025-06-07,Kingsway Fasteners PLC,MRO & Spare Parts,Marine Fleet,CC-330,,5410.2,GBP,CT-2025-119,Ball bearing 6205-2RS,762,7.1
INV-500141,2025-06-08,Ravensworth Pumps Limited,MRO & Spare Parts,Marine Fleet,CC-330,PO-4544087,10758.96,GBP,CT-2024-102,"Hydraulic hose 1/2in, per metre",879,12.24
INV-500185,2025-06-08,Ironbridge Stationers Ltd,Office Supplies,Corporate,CC-900,PO-4590070,20492.08,GBP,CT-2025-103,"A4 copier paper, box of 5 reams",1036,19.78
INV-500365,2025-06-08,Merrow Workwear Ltd,Safety & PPE,Ports & Terminals,CC-220,PO-4558327,20281.17,GBP,CT-2024-106,"Safety boots, S3",273,74.29
INV-500471,2025-06-08,Castlegate Media Ltd,Marketing & Events,Offshore Wind,CC-110,PO-4591845,5835.35,GBP,CT-2024-108,,,
INV-500885,2025-06-08,Shorewell Safety Ltd,Safety & PPE,Corporate,CC-900,PO-4599328,3257.07,GBP,CT-2024-114,"Nitrile gloves, box of 100",453,7.19
INV-501232,2025-06-08,Heathmere Cleaning Limited,Facilities Management,Marine Fleet,CC-330,PO-4519468,3638.87,GBP,CT-2024-120,,,
INV-501958,2025-06-08,Tarnside Haulage PLC,Logistics & Freight,Ports & Terminals,CC-220,PO-4522692,2840,GBP,,,,
INV-503080,2025-06-08,Windrush Media PLC,Marketing & Events,Corporate,CC-900,PO-4557747,289.02,GBP,,,,
INV-503217,2025-06-08,Westerly Media Ltd,Marketing & Events,Corporate,CC-900,PO-4515387,141.87,GBP,,,,
INV-500454,2025-06-09,Castlegate Media Ltd,Marketing & Events,Offshore Wind,CC-110,PO-4505632,4398.72,GBP,CT-2024-108,,,
INV-501894,2025-06-09,Solent Training Limited,Training & Development,Ports & Terminals,CC-220,PO-4509857,6916.73,GBP,,,,
INV-502216,2025-06-09,Merrow Office Supplies & Co,Office Supplies,Corporate,CC-900,PO-4532980,7810.75,GBP,,"Ballpoint pens, box of 50",785,9.95
INV-502825,2025-06-09,Portland Events & Co,Marketing & Events,Ports & Terminals,CC-220,,683.13,GBP,,,,
INV-503201,2025-06-09,Keelson PPE Supplies Ltd,Safety & PPE,Ports & Terminals,CC-220,PO-4569072,103.02,GBP,,"Safety helmet, EN397",6,17.17
INV-503280,2025-06-09,Blackwater Digital LLC,IT Hardware & Software,Corporate,CC-900,PO-4580795,1323.35,USD,,Docking station USB-C,5,264.67
INV-500411,2025-06-10,Clearwater Facilities Ltd,Facilities Management,Ports & Terminals,CC-220,,8491.07,GBP,CT-2025-107,,,
INV-500910,2025-06-10,Shorewell Safety Ltd,Safety & PPE,Corporate,CC-900,PO-4567048,5947.92,GBP,CT-2024-114,"Safety helmet, EN397",396,15.02
INV-501227,2025-06-10,Heathmere Cleaning Limited,Facilities Management,Marine Fleet,CC-330,PO-4534014,4823.26,GBP,CT-2024-120,,,
INV-501342,2025-06-10,Coastway Logistics BV,Logistics & Freight,Offshore Wind,CC-110,,2764.33,EUR,CT-2024-122,,,
INV-501561,2025-06-10,Juniper Recruitment Ltd,Temporary Labour,Corporate,CC-900,PO-4557402,8885.81,GBP,CT-2025-129,,,
INV-501631,2025-06-10,Ironbridge Diving Services Limited,Marine Services,Marine Fleet,CC-330,,3899.79,GBP,,,,
INV-501700,2025-06-10,Thistle Software LLC,IT Hardware & Software,Marine Fleet,CC-330,PO-4540515,6419.52,USD,,"Laptop, 14in business",4,1604.88
INV-501761,2025-06-10,Clearwater Catering Limited,Catering & Hospitality,Marine Fleet,CC-330,PO-4572362,4926.15,GBP,,,,
INV-501798,2025-06-10,Tarnside Staffing Ltd,Temporary Labour,Marine Fleet,CC-330,PO-4570857,2858.17,GBP,,,,
INV-501936,2025-06-10,Lanyard Kitchens Ltd,Catering & Hospitality,Corporate,CC-900,,3562.84,GBP,CT-2025-149,,,
INV-502120,2025-06-10,Windrush Travel A/S,Travel & Accommodation,Marine Fleet,CC-330,,4514.14,EUR,,,,
INV-502144,2025-06-10,Saltmarsh Travel Limited,Travel & Accommodation,Offshore Wind,CC-110,PO-4560766,1195.86,GBP,,,,
INV-502222,2025-06-10,Merrow Office Supplies & Co,Office Supplies,Corporate,CC-900,,3974.88,GBP,,"A4 copier paper, box of 5 reams",182,21.84
INV-502754,2025-06-10,Yarrow Port Services BV,Port & Terminal Services,Marine Fleet,CC-330,,2603.05,EUR,,,,
INV-503238,2025-06-10,Galeforce Construction Ltd,Construction & Civils,Marine Fleet,CC-330,PO-4518263,531.3,GBP,,,,
INV-500079,2025-06-11,Westerly Safety PLC,Safety & PPE,Offshore Wind,CC-110,PO-4514259,31199.7,GBP,CT-2025-101,"Ear defenders, SNR 30",1790,17.43
INV-500153,2025-06-11,Ravensworth Pumps Limited,MRO & Spare Parts,Ports & Terminals,CC-220,PO-4545777,26064.52,GBP,CT-2024-102,Gate valve DN50 PN16,164,158.93
INV-500238,2025-06-11,Wavecrest Couriers SAS,Logistics & Freight,Marine Fleet,CC-330,PO-4566246,17711.56,EUR,CT-2024-104,,,
INV-501034,2025-06-11,Juniper Events & Co,Marketing & Events,Corporate,CC-900,PO-4589822,11443.36,GBP,CT-2025-117,,,
INV-501328,2025-06-11,Juniper Learning PLC,Training & Development,Ports & Terminals,CC-220,PO-4511566,3075.89,GBP,,,,
INV-502070,2025-06-11,Deepwell Telecom Ltd,Telecoms,Marine Fleet,CC-330,,7266.66,GBP,,,,
INV-502675,2025-06-11,Seacroft Facilities Ltd,Facilities Management,Marine Fleet,CC-330,PO-4519226,2383.18,GBP,,,,
INV-503235,2025-06-11,Pembury PPE Supplies Ltd,Safety & PPE,Marine Fleet,CC-330,,78.6,GBP,,"Hi-vis jacket, class 3",3,26.2
INV-500564,2025-06-12,Coastway Fuels Inc,Fuel & Lubricants,Ports & Terminals,CC-220,PO-4548957,14688.4,USD,CT-2025-109,,,
INV-500737,2025-06-12,Foxley Systems Inc,IT Hardware & Software,Corporate,CC-900,PO-4514251,13464.51,USD,CT-2024-112,Docking station USB-C,51,264.01
INV-501052,2025-06-12,Stonehaven Construction PLC,Construction & Civils,Offshore Wind,CC-110,PO-4537402,4333.91,GBP,CT-2024-118,,,
INV-501864,2025-06-12,Greystone PPE Supplies PLC,Safety & PPE,Offshore Wind,CC-110,PO-4578896,6782,GBP,CT-2025-145,"Safety boots, S3",100,67.82
INV-502766,2025-06-12,Quarrymead Partners PLC,Professional Services,Offshore Wind,CC-110,PO-4557896,983.94,GBP,,,,
INV-500160,2025-06-13,Ravensworth Pumps Limited,MRO & Spare Parts,Marine Fleet,CC-330,PO-4583146,11760.82,GBP,,Gate valve DN50 PN16,74,158.93
INV-500609,2025-06-13,Quarrymead Stevedoring A/S,Port & Terminal Services,Ports & Terminals,CC-220,PO-4516331,12761.1,EUR,CT-2024-110,,,
INV-501011,2025-06-13,Oakridge Valves PLC,MRO & Spare Parts,Offshore Wind,CC-110,PO-4549821,3817.2,GBP,,Gate valve DN50 PN16,24,159.05
INV-501026,2025-06-13,Juniper Events & Co,Marketing & Events,Ports & Terminals,CC-220,,9825.46,GBP,CT-2025-117,,,
INV-502635,2025-06-13,Stonehaven PPE Supplies A/S,Safety & PPE,Offshore Wind,CC-110,PO-4506333,1970.73,EUR,,"Safety boots, S3",27,72.99
INV-500668,2025-06-14,Bayfront Hydraulics Ltd,MRO & Spare Parts,Offshore Wind,CC-110,PO-4528945,4962.77,GBP,CT-2025-111,"Stainless bolts M12x50, box of 50",109,45.53
INV-501204,2025-06-14,Heathmere Cleaning Limited,Facilities Management,Marine Fleet,CC-330,PO-4508715,3707.94,GBP,CT-2024-120,,,
INV-501554,2025-06-14,Juniper Recruitment Ltd,Temporary Labour,Ports & Terminals,CC-220,PO-4512110,5610.09,GBP,CT-2025-129,,,
INV-502897,2025-06-14,Merrow Fasteners Ltd,MRO & Spare Parts,Marine Fleet,CC-330,PO-4524032,662.76,GBP,,Centrifugal pump seal kit,6,110.46
INV-500168,2025-06-15,Ironbridge Stationers Ltd,Office Supplies,Marine Fleet,CC-330,PO-4592903,16028.54,GBP,CT-2025-103,"Ballpoint pens, box of 50",1777,9.02
INV-500293,2025-06-15,Anchorline Advisory PLC,Professional Services,Marine Fleet,CC-330,PO-4566063,16320.32,GBP,CT-2025-105,,,
INV-500408,2025-06-15,Clearwater Facilities Ltd,Facilities Management,Marine Fleet,CC-330,PO-4531218,13328.29,GBP,CT-2025-107,,,
INV-500691,2025-06-15,Bayfront Hydraulics Ltd,MRO & Spare Parts,Offshore Wind,CC-110,PO-4573928,3428.66,GBP,,"Hydraulic hose 1/2in, per metre",251,13.66
INV-501221,2025-06-15,Heathmere Cleaning Limited,Facilities Management,Marine Fleet,CC-330,PO-4588683,3824.5,GBP,CT-2024-120,,,
INV-501237,2025-06-15,Heathmere Cleaning Limited,Facilities Management,Marine Fleet,CC-330,PO-4542330,1880.81,GBP,,,,
INV-501318,2025-06-15,Juniper Learning PLC,Training & Development,Ports & Terminals,CC-220,PO-4535034,4158.79,GBP,CT-2025-121,,,
INV-501450,2025-06-15,Merrow Events Ltd,Marketing & Events,Offshore Wind,CC-110,PO-4522449,1631.72,GBP,CT-2024-124,,,
INV-501457,2025-06-15,Merrow Events Ltd,Marketing & Events,Ports & Terminals,CC-220,,5580.71,GBP,CT-2024-124,,,
INV-501838,2025-06-15,Greystone Systems Inc,IT Hardware & Software,Marine Fleet,CC-330,,9589.2,USD,CT-2025-143,Docking station USB-C,40,239.73
INV-501911,2025-06-15,Castlegate Utilities Ltd,Energy & Utilities,Corporate,CC-900,PO-4594706,3409.91,GBP,,,,
INV-502209,2025-06-15,Clearwater Staffing Ltd,Temporary Labour,Marine Fleet,CC-330,PO-4561667,2732.59,GBP,,,,
INV-502991,2025-06-15,Bayfront Maintenance Ltd,Facilities Management,Corporate,CC-900,PO-4554103,2505.42,GBP,,,,
INV-500571,2025-06-16,Coastway Fuels Inc,Fuel & Lubricants,Corporate,CC-900,PO-4506263,12008.23,USD,CT-2025-109,,,
INV-501256,2025-06-16,Heathmere Cleaning Limited,Facilities Management,Marine Fleet,CC-330,PO-4573246,5335.83,GBP,CT-2024-120,,,
INV-501938,2025-06-16,Lanyard Kitchens Ltd,Catering & Hospitality,Ports & Terminals,CC-220,,3554.4,GBP,CT-2025-149,,,
INV-502337,2025-06-16,Coastway Hotels & Co,Travel & Accommodation,Ports & Terminals,CC-220,,4062.08,GBP,,,,
INV-502552,2025-06-16,Windrush Print Ltd,Marketing & Events,Marine Fleet,CC-330,PO-4571732,5681.41,GBP,,,,
INV-500144,2025-06-17,Ravensworth Pumps Limited,MRO & Spare Parts,Marine Fleet,CC-330,PO-4591657,16210.86,GBP,CT-2024-102,Gate valve DN50 PN16,102,158.93
INV-500777,2025-06-17,Foxley Systems Inc,IT Hardware & Software,Ports & Terminals,CC-220,PO-4506142,13824.56,USD,CT-2024-112,"Laptop, 14in business",8,1728.07
INV-500892,2025-06-17,Shorewell Safety Ltd,Safety & PPE,Corporate,CC-900,PO-4509924,2943.92,GBP,CT-2024-114,"Safety helmet, EN397",196,15.02
INV-501512,2025-06-17,Greystone Telecom Ltd,Telecoms,Corporate,CC-900,PO-4595251,8247.98,GBP,CT-2025-127,,,
INV-502790,2025-06-17,Blackwater Construction Ltd,Construction & Civils,Offshore Wind,CC-110,PO-4588560,803.11,GBP,,,,
INV-502843,2025-06-17,Keelson Lubricants LLC,Fuel & Lubricants,Ports & Terminals,CC-220,PO-4539500,1138,USD,,,,
INV-503002,2025-06-17,Clearwater Stevedoring Ltd,Port & Terminal Services,Ports & Terminals,CC-220,PO-4511928,364.99,GBP,,,,
INV-500519,2025-06-18,Castlegate Media Ltd,Marketing & Events,Ports & Terminals,CC-220,PO-4527827,5348.31,GBP,CT-2024-108,,,
INV-500831,2025-06-18,Shorewell Digital LLC,IT Hardware & Software,Ports & Terminals,CC-220,PO-4574297,7266.25,USD,CT-2025-113,"Laptop, 14in business",5,1453.25
INV-500992,2025-06-18,Oakridge Valves PLC,MRO & Spare Parts,Offshore Wind,CC-110,PO-4521261,3817.29,GBP,CT-2024-116,Centrifugal pump seal kit,37,103.17
INV-501398,2025-06-18,Starboard Pumps & Co,MRO & Spare Parts,Offshore Wind,CC-110,PO-4549726,10962.22,GBP,CT-2025-123,Gate valve DN50 PN16,62,176.81
INV-501676,2025-06-18,Merrow Facilities Ltd,Facilities Management,Corporate,CC-900,PO-4512424,4633.93,GBP,,,,
INV-501683,2025-06-18,Saltmarsh Kitchens PLC,Catering & Hospitality,Corporate,CC-900,,9877.35,GBP,,,,
INV-502049,2025-06-18,Keelson Diving Services & Co,Marine Services,Offshore Wind,CC-110,,1318.33,GBP,,,,
INV-502058,2025-06-18,Keelson Diving Services & Co,Marine Services,Offshore Wind,CC-110,PO-4544947,1207.53,GBP,,,,
INV-502391,2025-06-18,Wavecrest Logistics Ltd,Logistics & Freight,Corporate,CC-900,PO-4580291,8875.6,GBP,CT-2025-179,,,
INV-502402,2025-06-18,Shorewell Cleaning & Co,Facilities Management,Offshore Wind,CC-110,PO-4523652,1810.62,GBP,CT-2024-180,,,
INV-503262,2025-06-18,Keelson Hydraulics Ltd,MRO & Spare Parts,Marine Fleet,CC-330,PO-4573697,99.19,GBP,,Centrifugal pump seal kit,1,99.19
INV-500052,2025-06-19,Wavecrest Bearings Ltd,MRO & Spare Parts,Ports & Terminals,CC-220,PO-4553139,29375.03,GBP,CT-2024-100,Ball bearing 6205-2RS,4339,6.77
INV-500114,2025-06-19,Ravensworth Pumps Limited,MRO & Spare Parts,Marine Fleet,CC-330,PO-4596201,20025.18,GBP,CT-2024-102,Gate valve DN50 PN16,126,158.93
INV-500874,2025-06-19,Shorewell Safety Ltd,Safety & PPE,Corporate,CC-900,PO-4590030,9201.35,GBP,CT-2024-114,"Safety boots, S3",163,56.45
INV-501059,2025-06-19,Stonehaven Construction PLC,Construction & Civils,Offshore Wind,CC-110,PO-4559275,3971.01,GBP,CT-2024-118,,,
INV-502021,2025-06-19,Kingsway Facilities Ltd,Facilities Management,Corporate,CC-900,PO-4525490,2532.62,GBP,CT-2025-153,,,
INV-502097,2025-06-19,Driftwood Bearings & Co,MRO & Spare Parts,Corporate,CC-900,PO-4542991,1584.66,GBP,,Centrifugal pump seal kit,14,113.19
INV-502280,2025-06-19,Juniper Staffing Limited,Temporary Labour,Corporate,CC-900,,927.73,GBP,CT-2024-168,,,
INV-502344,2025-06-19,Coastway Hotels & Co,Travel & Accommodation,Corporate,CC-900,PO-4595241,4055.5,GBP,,,,
INV-500002,2025-06-20,Wavecrest Bearings Ltd,MRO & Spare Parts,Corporate,CC-900,PO-4596336,21860.33,GBP,CT-2024-100,Ball bearing 6205-2RS,3229,6.77
INV-500819,2025-06-20,Shorewell Digital LLC,IT Hardware & Software,Ports & Terminals,CC-220,PO-4570418,6593.4,USD,CT-2025-113,27in monitor,20,329.67
INV-501241,2025-06-20,Heathmere Cleaning Limited,Facilities Management,Corporate,CC-900,,2598.27,GBP,CT-2024-120,,,
INV-502203,2025-06-20,Clearwater Staffing Ltd,Temporary Labour,Marine Fleet,CC-330,PO-4549563,3792.28,GBP,,,,
INV-502504,2025-06-20,Coastway Freight Limited,Logistics & Freight,Ports & Terminals,CC-220,PO-4560586,4395.75,GBP,,,,
INV-502656,2025-06-20,Windrush Digital & Co,IT Hardware & Software,Marine Fleet,CC-330,PO-4531055,1147.52,GBP,,"Laptop, 14in business",1,1147.52
INV-502673,2025-06-20,Seacroft Facilities Ltd,Facilities Management,Ports & Terminals,CC-220,,4072.34,GBP,,,,
INV-503347,2025-06-20,Kingsway Recruitment PLC,Temporary Labour,Ports & Terminals,CC-220,PO-4548988,26.06,GBP,,,,
INV-500081,2025-06-21,Westerly Safety PLC,Safety & PPE,Offshore Wind,CC-110,PO-4536417,16218.54,GBP,CT-2025-101,"Hi-vis jacket, class 3",717,22.62
INV-500288,2025-06-21,Anchorline Advisory PLC,Professional Services,Marine Fleet,CC-330,PO-4579808,7320.09,GBP,,,,
INV-500598,2025-06-21,Quarrymead Stevedoring A/S,Port & Terminal Services,Offshore Wind,CC-110,PO-4505703,15548.75,EUR,CT-2024-110,,,
INV-501120,2025-06-21,Kingsway Fasteners PLC,MRO & Spare Parts,Marine Fleet,CC-330,PO-4552975,4743.68,GBP,CT-2025-119,"Stainless bolts M12x50, box of 50",109,43.52
INV-501594,2025-06-21,Blackwater PPE Supplies & Co,Safety & PPE,Marine Fleet,CC-330,PO-4570685,10337.36,GBP,CT-2025-131,"Hi-vis jacket, class 3",374,27.64
INV-501668,2025-06-21,Merrow Facilities Ltd,Facilities Management,Corporate,CC-900,PO-4507712,3716.11,GBP,CT-2024-134,,,
INV-501714,2025-06-21,Thistle Software LLC,IT Hardware & Software,Offshore Wind,CC-110,PO-4579300,8024.4,USD,,"Laptop, 14in business",5,1604.88
INV-501967,2025-06-21,Tarnside Haulage PLC,Logistics & Freight,Ports & Terminals,CC-220,,6687.93,GBP,,,,
INV-501972,2025-06-21,Whitcombe Haulage SAS,Logistics & Freight,Offshore Wind,CC-110,PO-4534189,2969.25,EUR,,,,
INV-502662,2025-06-21,Westerly Comms Ltd,Telecoms,Offshore Wind,CC-110,,3465.61,GBP,,,,
INV-502764,2025-06-21,Quarrymead Partners PLC,Professional Services,Corporate,CC-900,,618.63,GBP,,,,
INV-502954,2025-06-21,Galeforce Media PLC,Marketing & Events,Ports & Terminals,CC-220,,433.73,GBP,,,,
INV-500236,2025-06-22,Wavecrest Couriers SAS,Logistics & Freight,Marine Fleet,CC-330,PO-4528741,20466.23,EUR,CT-2024-104,,,
INV-500570,2025-06-22,Coastway Fuels Inc,Fuel & Lubricants,Corporate,CC-900,,12505.44,USD,,,,
INV-501433,2025-06-22,Merrow Events Ltd,Marketing & Events,Ports & Terminals,CC-220,PO-4574641,2526.75,GBP,,,,
INV-501473,2025-06-22,Merrow Events Ltd,Marketing & Events,Ports & Terminals,CC-220,PO-4513734,2234.39,GBP,CT-2024-124,,,
INV-501495,2025-06-22,Coastway Property Care Limited,Facilities Management,Marine Fleet,CC-330,PO-4526173,6363.76,GBP,CT-2025-125,,,
INV-502498,2025-06-22,Quarrymead Marine A/S,Marine Services,Marine Fleet,CC-330,PO-4568599,5603.29,EUR,,,,
INV-502931,2025-06-22,Yarrow Hospitality & Co,Catering & Hospitality,Offshore Wind,CC-110,PO-4538824,676.5,GBP,,,,
INV-502947,2025-06-22,Stonehaven Office Supplies & Co,Office Supplies,Ports & Terminals,CC-220,PO-4553641,3902.6,GBP,,"Lever arch files, pack of 10",247,15.8
INV-500476,2025-06-23,Castlegate Media Ltd,Marketing & Events,Offshore Wind,CC-110,PO-4560983,6697.77,GBP,,,,
INV-500657,2025-06-23,Quarrymead Stevedoring A/S,Port & Terminal Services,Ports & Terminals,CC-220,PO-4565597,15325.75,EUR,CT-2024-110,,,
INV-500822,2025-06-23,Shorewell Digital LLC,IT Hardware & Software,Ports & Terminals,CC-220,PO-4581835,6593.4,USD,CT-2025-113,27in monitor,20,329.67
INV-500832,2025-06-23,Shorewell Digital LLC,IT Hardware & Software,Corporate,CC-900,PO-4514197,10172.75,USD,CT-2025-113,"Laptop, 14in business",7,1453.25
INV-501020,2025-06-23,Oakridge Valves PLC,MRO & Spare Parts,Offshore Wind,CC-110,PO-4553397,6080.58,GBP,CT-2024-116,Ball bearing 6205-2RS,913,6.66
INV-501282,2025-06-23,Juniper Learning PLC,Training & Development,Marine Fleet,CC-330,PO-4577594,4624.47,GBP,CT-2025-121,,,
INV-503008,2025-06-23,Stonehaven Partners Limited,Professional Services,Offshore Wind,CC-110,,545.48,GBP,,,,
INV-503166,2025-06-23,Clearwater Software Inc,IT Hardware & Software,Corporate,CC-900,PO-4566909,3189.4,USD,,27in monitor,10,318.94
INV-500673,2025-06-24,Bayfront Hydraulics Ltd,MRO & Spare Parts,Offshore Wind,CC-110,PO-4542865,7375.86,GBP,CT-2025-111,"Stainless bolts M12x50, box of 50",162,45.53
INV-500873,2025-06-24,Shorewell Safety Ltd,Safety & PPE,Corporate,CC-900,PO-4575360,2732.2,GBP,CT-2024-114,"Nitrile gloves, box of 100",380,7.19
INV-501037,2025-06-24,Juniper Events & Co,Marketing & Events,Offshore Wind,CC-110,PO-4532973,10592.1,GBP,CT-2025-117,,,
INV-501202,2025-06-24,Heathmere Cleaning Limited,Facilities Management,Marine Fleet,CC-330,PO-4563801,2612.87,GBP,CT-2024-120,,,
INV-501213,2025-06-24,Heathmere Cleaning Limited,Facilities Management,Marine Fleet,CC-330,PO-4510598,2760.33,GBP,CT-2024-120,,,
INV-501265,2025-06-24,Juniper Learning PLC,Training & Development,Ports & Terminals,CC-220,PO-4571113,4668.62,GBP,CT-2025-121,,,
INV-501400,2025-06-24,Starboard Pumps & Co,MRO & Spare Parts,Offshore Wind,CC-110,PO-4517560,4767,GBP,CT-2025-123,"Stainless bolts M12x50, box of 50",105,45.4
INV-501773,2025-06-24,Clearwater Catering Limited,Catering & Hospitality,Marine Fleet,CC-330,PO-4559051,13709.76,GBP,,,,
INV-502828,2025-06-24,Portland Events & Co,Marketing & Events,Ports & Terminals,CC-220,PO-4535059,470.81,GBP,,,,
INV-503105,2025-06-24,Northstar Lubricants Inc,Fuel & Lubricants,Offshore Wind,CC-110,PO-4574690,445.49,USD,,,,
INV-503279,2025-06-24,Mariner Industrial PLC,MRO & Spare Parts,Marine Fleet,CC-330,PO-4516857,178.58,GBP,,Gate valve DN50 PN16,1,178.58
INV-500793,2025-06-25,Shorewell Digital LLC,IT Hardware & Software,Ports & Terminals,CC-220,PO-4595435,4359.75,USD,CT-2025-113,"Laptop, 14in business",3,1453.25
INV-501081,2025-06-25,Stonehaven Construction PLC,Construction & Civils,Offshore Wind,CC-110,PO-4560859,2623.05,GBP,CT-2024-118,,,
INV-501144,2025-06-25,Kingsway Fasteners PLC,MRO & Spare Parts,Marine Fleet,CC-330,,3481.6,GBP,CT-2025-119,"Stainless bolts M12x50, box of 50",80,43.52
INV-501437,2025-06-25,Merrow Events Ltd,Marketing & Events,Ports & Terminals,CC-220,PO-4508967,5517.94,GBP,CT-2024-124,,,
INV-502130,2025-06-25,Saltmarsh Travel Limited,Travel & Accommodation,Ports & Terminals,CC-220,PO-4534146,1578.22,GBP,,,,
INV-502368,2025-06-25,Fairhaven Events Ltd,Marketing & Events,Corporate,CC-900,,6261.63,GBP,,,,
INV-502396,2025-06-25,Shorewell Cleaning & Co,Facilities Management,Offshore Wind,CC-110,PO-4517121,4144.17,GBP,CT-2024-180,,,
INV-502915,2025-06-25,Keelson Towage Ltd,Marine Services,Marine Fleet,CC-330,PO-4584448,921.6,GBP,,,,
INV-500358,2025-06-26,Merrow Workwear Ltd,Safety & PPE,Ports & Terminals,CC-220,PO-4565964,21628.38,GBP,,"Safety helmet, EN397",1094,19.77
INV-501124,2025-06-26,Kingsway Fasteners PLC,MRO & Spare Parts,Marine Fleet,CC-330,PO-4538874,2520.58,GBP,CT-2025-119,"Hydraulic hose 1/2in, per metre",193,13.06
INV-501320,2025-06-26,Juniper Learning PLC,Training & Development,Ports & Terminals,CC-220,PO-4568833,2777.91,GBP,CT-2025-121,,,
INV-501415,2025-06-26,Merrow Events Ltd,Marketing & Events,Corporate,CC-900,,5489.68,GBP,CT-2024-124,,,
INV-501481,2025-06-26,Coastway Property Care Limited,Facilities Management,Corporate,CC-900,,5909.91,GBP,CT-2025-125,,,
INV-501886,2025-06-26,Solent Training Limited,Training & Development,Ports & Terminals,CC-220,PO-4583007,11186.22,GBP,,,,
INV-502348,2025-06-26,Quarrymead Events Ltd,Marketing & Events,Ports & Terminals,CC-220,PO-4546847,1457.16,GBP,,,,
INV-502657,2025-06-26,Windrush Digital & Co,IT Hardware & Software,Marine Fleet,CC-330,PO-4579893,2953.8,GBP,,Rugged tablet,2,1476.9
INV-502692,2025-06-26,Blackwater Advisory Ltd,Professional Services,Offshore Wind,CC-110,,613.76,GBP,,,,
INV-502972,2025-06-26,Tarnside Training Ltd,Training & Development,Ports & Terminals,CC-220,PO-4536146,2106.88,GBP,,,,
INV-503395,2025-06-26,Kingsway Fasteners PLC,MRO & Spare Parts,Marine Fleet,CC-330,,3481.6,GBP,CT-2025-119,"Stainless bolts M12x50, box of 50",80,43.52
INV-500148,2025-06-27,Ravensworth Pumps Limited,MRO & Spare Parts,Marine Fleet,CC-330,PO-4598242,13158,GBP,CT-2024-102,"Hydraulic hose 1/2in, per metre",1075,12.24
INV-500280,2025-06-27,Wavecrest Couriers SAS,Logistics & Freight,Marine Fleet,CC-330,PO-4526339,11657.88,EUR,CT-2024-104,,,
INV-500285,2025-06-27,Anchorline Advisory PLC,Professional Services,Marine Fleet,CC-330,PO-4586911,20511.21,GBP,,,,
INV-500935,2025-06-27,Blackwater Travel PLC,Travel & Accommodation,Corporate,CC-900,PO-4546385,14035.67,GBP,CT-2025-115,,,
INV-501007,2025-06-27,Oakridge Valves PLC,MRO & Spare Parts,Offshore Wind,CC-110,PO-4584506,4126.8,GBP,CT-2024-116,Centrifugal pump seal kit,40,103.17
INV-501253,2025-06-27,Heathmere Cleaning Limited,Facilities Management,Marine Fleet,CC-330,PO-4593411,4192.6,GBP,CT-2024-120,,,
INV-501305,2025-06-27,Juniper Learning PLC,Training & Development,Ports & Terminals,CC-220,,4279.32,GBP,CT-2025-121,,,
INV-501626,2025-06-27,Ironbridge Diving Services Limited,Marine Services,Offshore Wind,CC-110,PO-4535594,6467.52,GBP,CT-2025-133,,,
INV-502568,2025-06-27,Coastway Learning Limited,Training & Development,Ports & Terminals,CC-220,PO-4595315,22566.83,GBP,,,,
INV-502624,2025-06-27,Oakridge Events & Co,Marketing & Events,Corporate,CC-900,PO-4557650,1766.15,GBP,,,,
INV-502713,2025-06-27,Deepwell Facilities PLC,Facilities Management,Marine Fleet,CC-330,PO-4577868,1016.6,GBP,,,,
INV-502898,2025-06-27,Merrow Fasteners Ltd,MRO & Spare Parts,Marine Fleet,CC-330,PO-4565832,883.68,GBP,,Centrifugal pump seal kit,8,110.46
INV-500076,2025-06-28,Westerly Safety PLC,Safety & PPE,Offshore Wind,CC-110,,32297.35,GBP,CT-2025-101,"Safety helmet, EN397",2077,15.55
INV-500232,2025-06-28,Wavecrest Couriers SAS,Logistics & Freight,Marine Fleet,CC-330,,23195.92,EUR,CT-2024-104,,,
INV-500392,2025-06-28,Clearwater Facilities Ltd,Facilities Management,Ports & Terminals,CC-220,PO-4519649,6731.73,GBP,,,,
INV-500738,2025-06-28,Foxley Systems Inc,IT Hardware & Software,Offshore Wind,CC-110,PO-4554801,13328.34,USD,CT-2024-112,27in monitor,34,392.01
INV-501413,2025-06-28,Merrow Events Ltd,Marketing & Events,Ports & Terminals,CC-220,,1781.48,GBP,CT-2024-124,,,
INV-501462,2025-06-28,Merrow Events Ltd,Marketing & Events,Ports & Terminals,CC-220,PO-4541316,2230.89,GBP,CT-2024-124,,,
INV-501598,2025-06-28,Blackwater PPE Supplies & Co,Safety & PPE,Marine Fleet,CC-330,PO-4512850,22012.9,GBP,CT-2025-131,"Nitrile gloves, box of 100",2419,9.1
INV-501796,2025-06-28,Tarnside Staffing Ltd,Temporary Labour,Offshore Wind,CC-110,PO-4511856,6214.97,GBP,,,,
INV-502984,2025-06-28,Stonehaven Networks & Co,IT Hardware & Software,Ports & Terminals,CC-220,,1096.61,GBP,,"Laptop, 14in business",1,1096.61
INV-503393,2025-06-28,Wavecrest Couriers SAS,Logistics & Freight,Marine Fleet,CC-330,PO-4526339,11657.88,EUR,CT-2024-104,,,
INV-500212,2025-06-29,Ironbridge Stationers Ltd,Office Supplies,Marine Fleet,CC-330,PO-4518884,10661.42,GBP,CT-2025-103,"A4 copier paper, box of 5 reams",539,19.78
INV-500808,2025-06-29,Shorewell Digital LLC,IT Hardware & Software,Ports & Terminals,CC-220,PO-4541529,11222.28,USD,CT-2025-113,Rugged tablet,6,1870.38
INV-500894,2025-06-29,Shorewell Safety Ltd,Safety & PPE,Corporate,CC-900,PO-4538127,5579.44,GBP,CT-2024-114,"Nitrile gloves, box of 100",776,7.19
INV-501239,2025-06-29,Heathmere Cleaning Limited,Facilities Management,Marine Fleet,CC-330,PO-4530477,3489.15,GBP,CT-2024-120,,,
INV-501276,2025-06-29,Juniper Learning PLC,Training & Development,Ports & Terminals,CC-220,PO-4549469,4914.65,GBP,CT-2025-121,,,
INV-501393,2025-06-29,Starboard Pumps & Co,MRO & Spare Parts,Offshore Wind,CC-110,PO-4574720,3854.46,GBP,CT-2025-123,"Hydraulic hose 1/2in, per metre",283,13.62
INV-501705,2025-06-29,Thistle Software LLC,IT Hardware & Software,Marine Fleet,CC-330,PO-4582995,4814.64,USD,,"Laptop, 14in business",3,1604.88
INV-501758,2025-06-29,Anchorline Marine PLC,Marine Services,Ports & Terminals,CC-220,PO-4591921,4871.02,GBP,,,,
INV-501852,2025-06-29,Deepwell Diving Services PLC,Marine Services,Marine Fleet,CC-330,PO-4556345,5131.15,GBP,,,,
INV-502022,2025-06-29,Kingsway Facilities Ltd,Facilities Management,Corporate,CC-900,PO-4594180,4848.37,GBP,,,,
INV-502265,2025-06-29,Harrowgate Stationers Ltd,Office Supplies,Offshore Wind,CC-110,PO-4587288,5389.2,GBP,CT-2025-167,"A4 copier paper, box of 5 reams",270,19.96
INV-502799,2025-06-29,Bayfront Workforce Limited,Temporary Labour,Ports & Terminals,CC-220,PO-4575109,4462.21,GBP,,,,
INV-502816,2025-06-29,Kingsway Kitchens Limited,Catering & Hospitality,Marine Fleet,CC-330,PO-4544499,2523.92,GBP,,,,
INV-500354,2025-06-30,Merrow Workwear Ltd,Safety & PPE,Ports & Terminals,CC-220,PO-4569059,11683.59,GBP,CT-2024-106,"Ear defenders, SNR 30",527,22.17
INV-501293,2025-06-30,Juniper Learning PLC,Training & Development,Ports & Terminals,CC-220,PO-4551889,4211.01,GBP,CT-2025-121,,,
INV-501380,2025-06-30,Starboard Pumps & Co,MRO & Spare Parts,Offshore Wind,CC-110,PO-4573102,11395.4,GBP,CT-2025-123,"Stainless bolts M12x50, box of 50",251,45.4
INV-501702,2025-06-30,Thistle Software LLC,IT Hardware & Software,Offshore Wind,CC-110,PO-4572358,8737.68,USD,,27in monitor,24,364.07
INV-501818,2025-06-30,Quarrymead Terminals A/S,Port & Terminal Services,Ports & Terminals,CC-220,PO-4559848,3110.15,EUR,,,,
INV-502736,2025-06-30,Lanyard Software Ltd,IT Hardware & Software,Marine Fleet,CC-330,PO-4560113,956.88,GBP,,27in monitor,4,239.22
INV-502875,2025-06-30,Oakridge Partners Ltd,Professional Services,Ports & Terminals,CC-220,PO-4516669,1634.14,GBP,,,,
INV-503003,2025-06-30,Clearwater Stevedoring Ltd,Port & Terminal Services,Ports & Terminals,CC-220,PO-4510971,535.24,GBP,,,,
INV-503283,2025-06-30,Westerly Engineering Supplies Limited,MRO & Spare Parts,Marine Fleet,CC-330,,225.86,GBP,,Centrifugal pump seal kit,2,112.93
INV-500352,2025-07-01,Merrow Workwear Ltd,Safety & PPE,Marine Fleet,CC-330,PO-4564037,23192.03,GBP,CT-2024-106,"Nitrile gloves, box of 100",2449,9.47
INV-500858,2025-07-01,Shorewell Safety Ltd,Safety & PPE,Corporate,CC-900,PO-4519059,9198.85,GBP,CT-2024-114,"Hi-vis jacket, class 3",421,21.85
INV-500861,2025-07-01,Shorewell Safety Ltd,Safety & PPE,Corporate,CC-900,PO-4500448,2448.26,GBP,CT-2024-114,"Safety helmet, EN397",163,15.02
INV-501993,2025-07-01,Bayfront Advisory Ltd,Professional Services,Marine Fleet,CC-330,,4187.58,GBP,,,,
INV-502678,2025-07-01,Windrush Learning Ltd,Training & Development,Offshore Wind,CC-110,PO-4532914,1976.32,GBP,,,,
INV-502855,2025-07-01,Solent Terminals Ltd,Port & Terminal Services,Marine Fleet,CC-330,,687.5,GBP,,,,
INV-502928,2025-07-01,Lanyard Industrial Limited,MRO & Spare Parts,Corporate,CC-900,,629.34,GBP,,"Stainless bolts M12x50, box of 50",17,37.02
INV-502955,2025-07-01,Galeforce Media PLC,Marketing & Events,Offshore Wind,CC-110,PO-4523816,494.31,GBP,,,,
INV-500510,2025-07-02,Castlegate Media Ltd,Marketing & Events,Offshore Wind,CC-110,PO-4560833,3268.74,GBP,CT-2024-108,,,
INV-500544,2025-07-02,Coastway Fuels Inc,Fuel & Lubricants,Corporate,CC-900,PO-4512003,6386.71,USD,CT-2025-109,,,
INV-500633,2025-07-02,Quarrymead Stevedoring A/S,Port & Terminal Services,Ports & Terminals,CC-220,PO-4527144,10984.61,EUR,CT-2024-110,,,
INV-500635,2025-07-02,Quarrymead Stevedoring A/S,Port & Terminal Services,Corporate,CC-900,PO-4596457,14087.15,EUR,CT-2024-110,,,
INV-500650,2025-07-02,Quarrymead Stevedoring A/S,Port & Terminal Services,Ports & Terminals,CC-220,PO-4522236,6092.11,EUR,CT-2024-110,,,
INV-501439,2025-07-02,Merrow Events Ltd,Marketing & Events,Ports & Terminals,CC-220,PO-4569746,3485.63,GBP,CT-2024-124,,,
INV-501463,2025-07-02,Merrow Events Ltd,Marketing & Events,Ports & Terminals,CC-220,PO-4510939,1603.77,GBP,CT-2024-124,,,
INV-501977,2025-07-02,Whitcombe Haulage SAS,Logistics & Freight,Offshore Wind,CC-110,PO-4561125,7537.15,EUR,,,,
INV-502124,2025-07-02,Windrush Travel A/S,Travel & Accommodation,Marine Fleet,CC-330,,3277.93,EUR,,,,
INV-502475,2025-07-02,Solent Couriers PLC,Logistics & Freight,Marine Fleet,CC-330,PO-4515131,2321.54,GBP,,,,
INV-502618,2025-07-02,Seacroft Partners Ltd,Professional Services,Marine Fleet,CC-330,PO-4580454,10491.12,GBP,,,,
INV-503180,2025-07-02,Thistle Bearings Limited,MRO & Spare Parts,Ports & Terminals,CC-220,,449.44,GBP,,Centrifugal pump seal kit,4,112.36
INV-503231,2025-07-02,Pembury PPE Supplies Ltd,Safety & PPE,Marine Fleet,CC-330,PO-4557319,54.06,GBP,,"Safety helmet, EN397",3,18.02
INV-500650,2025-07-02,Quarrymead Stevedoring A/S,Port & Terminal Services,Ports & Terminals,CC-220,PO-4522236,6092.11,EUR,CT-2024-110,,,
INV-500068,2025-07-03,Westerly Safety PLC,Safety & PPE,Offshore Wind,CC-110,PO-4506548,12985.35,GBP,CT-2025-101,"Ear defenders, SNR 30",745,17.43
INV-500780,2025-07-03,Foxley Systems Inc,IT Hardware & Software,Corporate,CC-900,PO-4516794,13344.48,USD,CT-2024-112,Rugged tablet,6,2224.08
INV-500927,2025-07-03,Blackwater Travel PLC,Travel & Accommodation,Offshore Wind,CC-110,PO-4533378,11868.73,GBP,CT-2025-115,,,
INV-501524,2025-07-03,Pembury Civils PLC,Construction & Civils,Ports & Terminals,CC-220,PO-4515582,2869.99,GBP,CT-2024-128,,,
INV-501760,2025-07-03,Clearwater Catering Limited,Catering & Hospitality,Marine Fleet,CC-330,PO-4537835,7618.12,GBP,,,,
INV-501858,2025-07-03,Deepwell Diving Services PLC,Marine Services,Marine Fleet,CC-330,PO-4566191,3388.3,GBP,,,,
INV-502442,2025-07-03,Stonehaven Legal Ltd,Professional Services,Offshore Wind,CC-110,,5518.67,GBP,CT-2025-185,,,
INV-502451,2025-07-03,Oakridge Systems Ltd,IT Hardware & Software,Corporate,CC-900,PO-4542263,5234.16,GBP,,"Laptop, 14in business",4,1308.54
INV-503223,2025-07-03,Westerly Media Ltd,Marketing & Events,Ports & Terminals,CC-220,PO-4536486,77.13,GBP,,,,
INV-500017,2025-07-04,Wavecrest Bearings Ltd,MRO & Spare Parts,Corporate,CC-900,PO-4541801,20756.82,GBP,,Ball bearing 6205-2RS,3066,6.77
INV-500090,2025-07-04,Westerly Safety PLC,Safety & PPE,Offshore Wind,CC-110,PO-4595138,10692.69,GBP,,"Safety boots, S3",183,58.43
INV-500284,2025-07-04,Anchorline Advisory PLC,Professional Services,Marine Fleet,CC-330,PO-4504729,10498.7,GBP,,,,
INV-500487,2025-07-04,Castlegate Media Ltd,Marketing & Events,Offshore Wind,CC-110,PO-4508798,11220.14,GBP,CT-2024-108,,,
INV-501054,2025-07-04,Stonehaven Construction PLC,Construction & Civils,Offshore Wind,CC-110,PO-4582313,4907.96,GBP,,,,
INV-501644,2025-07-04,Ironbridge Diving Services Limited,Marine Services,Offshore Wind,CC-110,,6856.33,GBP,CT-2025-133,,,
INV-502217,2025-07-04,Merrow Office Supplies & Co,Office Supplies,Corporate,CC-900,,5001.36,GBP,,"A4 copier paper, box of 5 reams",229,21.84
INV-502598,2025-07-04,Upton Build & Co,Construction & Civils,Offshore Wind,CC-110,,2271.81,GBP,,,,
INV-503119,2025-07-04,Fairhaven Bunkering Limited,Fuel & Lubricants,Offshore Wind,CC-110,PO-4564608,514.9,GBP,,,,
INV-500022,2025-07-05,Wavecrest Bearings Ltd,MRO & Spare Parts,Corporate,CC-900,PO-4565079,10845.54,GBP,CT-2024-100,Ball bearing 6205-2RS,1602,6.77
INV-501113,2025-07-05,Kingsway Fasteners PLC,MRO & Spare Parts,Marine Fleet,CC-330,PO-4519935,5593.5,GBP,CT-2025-119,Gate valve DN50 PN16,33,169.5
INV-501142,2025-07-05,Kingsway Fasteners PLC,MRO & Spare Parts,Offshore Wind,CC-110,PO-4583776,3173.7,GBP,CT-2025-119,Ball bearing 6205-2RS,447,7.1
INV-501199,2025-07-05,Heathmere Cleaning Limited,Facilities Management,Marine Fleet,CC-330,PO-4578571,3120.03,GBP,CT-2024-120,,,
INV-501657,2025-07-05,Merrow Facilities Ltd,Facilities Management,Corporate,CC-900,PO-4504215,2510.19,GBP,CT-2024-134,,,
INV-501751,2025-07-05,Anchorline Marine PLC,Marine Services,Ports & Terminals,CC-220,,7086.7,GBP,,,,
INV-501861,2025-07-05,Deepwell Diving Services PLC,Marine Services,Marine Fleet,CC-330,PO-4541497,4273.04,GBP,,,,
INV-502584,2025-07-05,Solent Pumps Ltd,MRO & Spare Parts,Marine Fleet,CC-330,PO-4533705,2571.36,GBP,,Centrifugal pump seal kit,24,107.14
INV-502788,2025-07-05,Blackwater Construction Ltd,Construction & Civils,Offshore Wind,CC-110,PO-4518784,2211.35,GBP,,,,
INV-502900,2025-07-05,Merrow Fasteners Ltd,MRO & Spare Parts,Marine Fleet,CC-330,,1049.52,GBP,,"Stainless bolts M12x50, box of 50",24,43.73
INV-503205,2025-07-05,Keelson PPE Supplies Ltd,Safety & PPE,Ports & Terminals,CC-220,PO-4575830,103.02,GBP,,"Safety helmet, EN397",6,17.17
INV-500113,2025-07-06,Ravensworth Pumps Limited,MRO & Spare Parts,Offshore Wind,CC-110,PO-4575312,19343.94,GBP,CT-2024-102,"Stainless bolts M12x50, box of 50",474,40.81
INV-500235,2025-07-06,Wavecrest Couriers SAS,Logistics & Freight,Ports & Terminals,CC-220,PO-4569581,24663.01,EUR,CT-2024-104,,,
INV-500359,2025-07-06,Merrow Workwear Ltd,Safety & PPE,Ports & Terminals,CC-220,PO-4548362,19287.9,GBP,CT-2024-106,"Ear defenders, SNR 30",870,22.17
INV-501183,2025-07-06,Heathmere Cleaning Limited,Facilities Management,Marine Fleet,CC-330,PO-4564679,2095.98,GBP,CT-2024-120,,,
INV-501806,2025-07-06,Quarrymead Terminals A/S,Port & Terminal Services,Ports & Terminals,CC-220,,5668.22,EUR,,,,
INV-502031,2025-07-06,Kingsway Facilities Ltd,Facilities Management,Corporate,CC-900,PO-4563516,3693.79,GBP,CT-2025-153,,,
INV-502413,2025-07-06,Fairhaven Facilities Ltd,Facilities Management,Corporate,CC-900,PO-4501681,3155.81,GBP,,,,
INV-502966,2025-07-06,Greystone Media & Co,Marketing & Events,Offshore Wind,CC-110,PO-4516746,278.21,GBP,,,,
INV-503041,2025-07-06,Oakridge Creative Ltd,Marketing & Events,Marine Fleet,CC-330,,957.28,GBP,,,,
INV-500314,2025-07-07,Anchorline Advisory PLC,Professional Services,Marine Fleet,CC-330,PO-4565579,5670.69,GBP,CT-2025-105,,,
INV-500630,2025-07-07,Quarrymead Stevedoring A/S,Port & Terminal Services,Offshore Wind,CC-110,PO-4526977,5169.96,EUR,CT-2024-110,,,
INV-501050,2025-07-07,Juniper Events & Co,Marketing & Events,Ports & Terminals,CC-220,PO-4557146,5209.95,GBP,,,,
INV-501207,2025-07-07,Heathmere Cleaning Limited,Facilities Management,Marine Fleet,CC-330,PO-4576939,2635.78,GBP,CT-2024-120,,,
INV-501432,2025-07-07,Merrow Events Ltd,Marketing & Events,Corporate,CC-900,PO-4559607,3467.33,GBP,CT-2024-124,,,
INV-502373,2025-07-07,Fairhaven Events Ltd,Marketing & Events,Ports & Terminals,CC-220,,4200.68,GBP,,,,
INV-502640,2025-07-07,Stonehaven PPE Supplies A/S,Safety & PPE,Marine Fleet,CC-330,PO-4586235,2585.4,EUR,,"Nitrile gloves, box of 100",278,9.3
INV-502714,2025-07-07,Deepwell Facilities PLC,Facilities Management,Ports & Terminals,CC-220,PO-4588429,1369.9,GBP,,,,
INV-502763,2025-07-07,Quarrymead Partners PLC,Professional Services,Corporate,CC-900,PO-4519778,1063.2,GBP,,,,
INV-502767,2025-07-07,Quarrymead Partners PLC,Professional Services,Offshore Wind,CC-110,PO-4527370,517.51,GBP,,,,
INV-503124,2025-07-07,Wavecrest Systems Inc,IT Hardware & Software,Corporate,CC-900,PO-4509410,2169.13,USD,,Rugged tablet,1,2169.13
INV-503214,2025-07-07,Westerly Media Ltd,Marketing & Events,Marine Fleet,CC-330,,80.46,GBP,,,,
INV-500701,2025-07-08,Bayfront Hydraulics Ltd,MRO & Spare Parts,Offshore Wind,CC-110,PO-4574628,5674.56,GBP,CT-2025-111,Gate valve DN50 PN16,32,177.33
INV-500745,2025-07-08,Foxley Systems Inc,IT Hardware & Software,Corporate,CC-900,PO-4591412,5488.14,USD,CT-2024-112,27in monitor,14,392.01
INV-501447,2025-07-08,Merrow Events Ltd,Marketing & Events,Ports & Terminals,CC-220,PO-4503515,4116.45,GBP,CT-2024-124,,,
INV-501492,2025-07-08,Coastway Property Care Limited,Facilities Management,Corporate,CC-900,PO-4594382,5458.91,GBP,CT-2025-125,,,
INV-501776,2025-07-08,Tarnside Staffing Ltd,Temporary Labour,Marine Fleet,CC-330,PO-4517445,3706.08,GBP,,,,
INV-502219,2025-07-08,Merrow Office Supplies & Co,Office Supplies,Corporate,CC-900,,3341.52,GBP,,"A4 copier paper, box of 5 reams",153,21.84
INV-502447,2025-07-08,Stonehaven Legal Ltd,Professional Services,Offshore Wind,CC-110,PO-4541756,3722.7,GBP,CT-2025-185,,,
INV-502543,2025-07-08,Lowther Advisory Ltd,Professional Services,Ports & Terminals,CC-220,PO-4561966,2874.11,GBP,,,,
INV-502687,2025-07-08,Blackwater Advisory Ltd,Professional Services,Offshore Wind,CC-110,,938.82,GBP,,,,
INV-502723,2025-07-08,Anchorline Maintenance & Co,Facilities Management,Marine Fleet,CC-330,PO-4574576,2250.5,GBP,,,,
INV-502778,2025-07-08,Wavecrest PPE Supplies & Co,Safety & PPE,Marine Fleet,CC-330,PO-4508667,2388.1,GBP,,"Nitrile gloves, box of 100",334,7.15
INV-502801,2025-07-08,Stonehaven Diving Services A/S,Marine Services,Marine Fleet,CC-330,,1544.74,EUR,,,,
INV-503162,2025-07-08,Lowther Pumps & Co,MRO & Spare Parts,Offshore Wind,CC-110,PO-4566018,164.93,GBP,,Gate valve DN50 PN16,1,164.93
INV-503251,2025-07-08,Yarrow Property Care Ltd,Facilities Management,Ports & Terminals,CC-220,PO-4563340,70.71,GBP,,,,
INV-503324,2025-07-08,Solent Engineering Supplies PLC,MRO & Spare Parts,Offshore Wind,CC-110,PO-4575864,23.46,GBP,,"Hydraulic hose 1/2in, per metre",2,11.73
INV-500251,2025-07-09,Wavecrest Couriers SAS,Logistics & Freight,Offshore Wind,CC-110,PO-4513994,22030.56,EUR,CT-2024-104,,,
INV-500755,2025-07-09,Foxley Systems Inc,IT Hardware & Software,Corporate,CC-900,PO-4591558,8896.32,USD,CT-2024-112,Rugged tablet,4,2224.08
INV-501454,2025-07-09,Merrow Events Ltd,Marketing & Events,Ports & Terminals,CC-220,,3274.26,GBP,CT-2024-124,,,
INV-501820,2025-07-09,Quarrymead Terminals A/S,Port & Terminal Services,Ports & Terminals,CC-220,PO-4544677,4024.37,EUR,,,,
INV-501828,2025-07-09,Quarrymead Terminals A/S,Port & Terminal Services,Ports & Terminals,CC-220,PO-4522845,7801.15,EUR,,,,
INV-502098,2025-07-09,Driftwood Bearings & Co,MRO & Spare Parts,Corporate,CC-900,PO-4579827,1570.59,GBP,,Gate valve DN50 PN16,9,174.51
INV-502148,2025-07-09,Saltmarsh Travel Limited,Travel & Accommodation,Offshore Wind,CC-110,,1156.42,GBP,,,,
INV-502485,2025-07-09,Harrowgate Furniture Ltd,Office Supplies,Corporate,CC-900,,3383.26,GBP,,"A4 copier paper, box of 5 reams",139,24.34
INV-500029,2025-07-10,Wavecrest Bearings Ltd,MRO & Spare Parts,Corporate,CC-900,PO-4535689,20936.52,GBP,CT-2024-100,"Hydraulic hose 1/2in, per metre",1683,12.44
INV-500303,2025-07-10,Anchorline Advisory PLC,Professional Services,Ports & Terminals,CC-220,PO-4541945,19277.71,GBP,CT-2025-105,,,
INV-501068,2025-07-10,Stonehaven Construction PLC,Construction & Civils,Offshore Wind,CC-110,PO-4587368,7889.89,GBP,CT-2024-118,,,
INV-501315,2025-07-10,Juniper Learning PLC,Training & Development,Ports & Terminals,CC-220,PO-4580493,2047.77,GBP,CT-2025-121,,,
INV-501651,2025-07-10,Merrow Facilities Ltd,Facilities Management,Corporate,CC-900,PO-4556331,5512.75,GBP,,,,
INV-502192,2025-07-10,Westerly Water Ltd,Energy & Utilities,Marine Fleet,CC-330,PO-4560629,4351.41,GBP,CT-2025-161,,,
INV-502336,2025-07-10,Coastway Hotels & Co,Travel & Accommodation,Corporate,CC-900,PO-4544837,4600.51,GBP,,,,
INV-502445,2025-07-10,Stonehaven Legal Ltd,Professional Services,Offshore Wind,CC-110,PO-4578177,2054.56,GBP,CT-2025-185,,,
INV-502611,2025-07-10,Coastway Transfers PLC,Travel & Accommodation,Ports & Terminals,CC-220,,2990.94,GBP,,,,
INV-502643,2025-07-10,Pembury Couriers Ltd,Logistics & Freight,Offshore Wind,CC-110,PO-4531194,1828.65,GBP,,,,
INV-502948,2025-07-10,Pembury Hotels Limited,Travel & Accommodation,Ports & Terminals,CC-220,,1660.79,GBP,,,,
INV-503121,2025-07-10,Fairhaven Bunkering Limited,Fuel & Lubricants,Offshore Wind,CC-110,,521.48,GBP,,,,
INV-503182,2025-07-10,Thistle Bearings Limited,MRO & Spare Parts,Ports & Terminals,CC-220,PO-4507605,355.84,GBP,,"Stainless bolts M12x50, box of 50",8,44.48
INV-503268,2025-07-10,Pembury Terminals Ltd,Port & Terminal Services,Offshore Wind,CC-110,PO-4581618,754.03,GBP,,,,
INV-500652,2025-07-11,Quarrymead Stevedoring A/S,Port & Terminal Services,Ports & Terminals,CC-220,,4058.68,EUR,CT-2024-110,,,
INV-501281,2025-07-11,Juniper Learning PLC,Training & Development,Ports & Terminals,CC-220,PO-4541686,1415.55,GBP,CT-2025-121,,,
INV-501364,2025-07-11,Coastway Logistics BV,Logistics & Freight,Corporate,CC-900,PO-4560847,8680.38,EUR,CT-2024-122,,,
INV-501661,2025-07-11,Merrow Facilities Ltd,Facilities Management,Corporate,CC-900,,6460.77,GBP,CT-2024-134,,,
INV-501804,2025-07-11,Quarrymead Terminals A/S,Port & Terminal Services,Ports & Terminals,CC-220,PO-4555471,5907.96,EUR,,,,
INV-502088,2025-07-11,Driftwood Bearings & Co,MRO & Spare Parts,Corporate,CC-900,PO-4539635,2942.94,GBP,,Centrifugal pump seal kit,26,113.19
INV-502116,2025-07-11,Windrush Travel A/S,Travel & Accommodation,Corporate,CC-900,,6813.48,EUR,,,,
INV-502985,2025-07-11,Stonehaven Networks & Co,IT Hardware & Software,Ports & Terminals,CC-220,,1411.38,GBP,,Rugged tablet,1,1411.38
INV-500060,2025-07-12,Wavecrest Bearings Ltd,MRO & Spare Parts,Ports & Terminals,CC-220,PO-4580180,9640.68,GBP,,Centrifugal pump seal kit,92,104.79
INV-500197,2025-07-12,Ironbridge Stationers Ltd,Office Supplies,Marine Fleet,CC-330,PO-4521838,25179.94,GBP,CT-2025-103,"A4 copier paper, box of 5 reams",1273,19.78
INV-501422,2025-07-12,Merrow Events Ltd,Marketing & Events,Ports & Terminals,CC-220,PO-4580205,4813.96,GBP,CT-2024-124,,,
INV-502259,2025-07-12,Harrowgate Stationers Ltd,Office Supplies,Offshore Wind,CC-110,,5790.18,GBP,CT-2025-167,Ergonomic office chair,33,175.46
INV-500056,2025-07-13,Wavecrest Bearings Ltd,MRO & Spare Parts,Corporate,CC-900,,20076.32,GBP,CT-2024-100,"Stainless bolts M12x50, box of 50",484,41.48
INV-500442,2025-07-13,Clearwater Facilities Ltd,Facilities Management,Ports & Terminals,CC-220,PO-4597242,3704.89,GBP,CT-2025-107,,,
INV-501047,2025-07-13,Juniper Events & Co,Marketing & Events,Ports & Terminals,CC-220,PO-4522520,14219.65,GBP,CT-2025-117,,,
INV-501255,2025-07-13,Heathmere Cleaning Limited,Facilities Management,Marine Fleet,CC-330,PO-4508270,5343.44,GBP,CT-2024-120,,,
INV-501792,2025-07-13,Tarnside Staffing Ltd,Temporary Labour,Marine Fleet,CC-330,PO-4595789,4042.81,GBP,,,,
INV-501933,2025-07-13,Lanyard Kitchens Ltd,Catering & Hospitality,Marine Fleet,CC-330,PO-4593743,4510.26,GBP,,,,
INV-502213,2025-07-13,Clearwater Staffing Ltd,Temporary Labour,Marine Fleet,CC-330,PO-4586651,3167.96,GBP,,,,
INV-502625,2025-07-13,Oakridge Events & Co,Marketing & Events,Corporate,CC-900,,3247.1,GBP,,,,
INV-503212,2025-07-13,Westerly Media Ltd,Marketing & Events,Ports & Terminals,CC-220,,122.14,GBP,,,,
INV-500213,2025-07-14,Ironbridge Stationers Ltd,Office Supplies,Offshore Wind,CC-110,PO-4565524,8663.64,GBP,CT-2025-103,"A4 copier paper, box of 5 reams",438,19.78
INV-500258,2025-07-14,Wavecrest Couriers SAS,Logistics & Freight,Marine Fleet,CC-330,PO-4591906,25678.19,EUR,CT-2024-104,,,
INV-500987,2025-07-14,Oakridge Valves PLC,MRO & Spare Parts,Offshore Wind,CC-110,PO-4548337,2927.75,GBP,CT-2024-116,"Hydraulic hose 1/2in, per metre",239,12.25
INV-501131,2025-07-14,Kingsway Fasteners PLC,MRO & Spare Parts,Corporate,CC-900,PO-4570389,5406.84,GBP,,"Hydraulic hose 1/2in, per metre",414,13.06
INV-501218,2025-07-14,Heathmere Cleaning Limited,Facilities Management,Ports & Terminals,CC-220,PO-4565231,4438.8,GBP,CT-2024-120,,,
INV-501270,2025-07-14,Juniper Learning PLC,Training & Development,Ports & Terminals,CC-220,PO-4576262,5393.46,GBP,,,,
INV-501519,2025-07-14,Greystone Telecom Ltd,Telecoms,Corporate,CC-900,PO-4564404,7324.69,GBP,CT-2025-127,,,
INV-501541,2025-07-14,Pembury Civils PLC,Construction & Civils,Ports & Terminals,CC-220,PO-4567168,8868.96,GBP,CT-2024-128,,,
INV-501595,2025-07-14,Blackwater PPE Supplies & Co,Safety & PPE,Marine Fleet,CC-330,,24418.8,GBP,CT-2025-131,"Safety boots, S3",342,71.4
INV-501766,2025-07-14,Clearwater Catering Limited,Catering & Hospitality,Marine Fleet,CC-330,PO-4575795,5029.15,GBP,,,,
INV-501881,2025-07-14,Greystone PPE Supplies PLC,Safety & PPE,Offshore Wind,CC-110,PO-4576454,4968,GBP,CT-2025-145,"Nitrile gloves, box of 100",575,8.64
INV-502493,2025-07-14,Eastholme Port Services Limited,Port & Terminal Services,Marine Fleet,CC-330,PO-4561196,10012.84,GBP,,,,
INV-502890,2025-07-14,Brightmoor Workwear Ltd,Safety & PPE,Offshore Wind,CC-110,PO-4539586,466.56,GBP,,"Safety helmet, EN397",27,17.28
CN-503376,2025-07-14,Saltmarsh Kitchens PLC,Catering & Hospitality,Corporate,CC-900,PO-4503661,-4339.87,GBP,,,,
INV-500257,2025-07-15,Wavecrest Couriers SAS,Logistics & Freight,Marine Fleet,CC-330,PO-4572226,16510.7,EUR,CT-2024-104,,,
INV-500330,2025-07-15,Anchorline Advisory PLC,Professional Services,Marine Fleet,CC-330,PO-4535439,17541.4,GBP,CT-2025-105,,,
INV-500511,2025-07-15,Castlegate Media Ltd,Marketing & Events,Offshore Wind,CC-110,PO-4569080,5447.79,GBP,CT-2024-108,,,
INV-501361,2025-07-15,Coastway Logistics BV,Logistics & Freight,Corporate,CC-900,PO-4580601,4255.89,EUR,CT-2024-122,,,
INV-501685,2025-07-15,Saltmarsh Kitchens PLC,Catering & Hospitality,Corporate,CC-900,PO-4525277,8142.58,GBP,,,,
INV-501802,2025-07-15,Quarrymead Terminals A/S,Port & Terminal Services,Ports & Terminals,CC-220,,3961.71,EUR,,,,
INV-503308,2025-07-15,Blackwater Furniture Ltd,Office Supplies,Offshore Wind,CC-110,PO-4519338,21.08,GBP,,"Ballpoint pens, box of 50",2,10.54
CN-503386,2025-07-15,Juniper Learning PLC,Training & Development,Ports & Terminals,CC-900,PO-4502906,-1043.12,GBP,CT-2025-121,,,
INV-500599,2025-07-16,Quarrymead Stevedoring A/S,Port & Terminal Services,Ports & Terminals,CC-220,PO-4508386,12491.42,EUR,CT-2024-110,,,
INV-501049,2025-07-16,Juniper Events & Co,Marketing & Events,Ports & Terminals,CC-220,PO-4577908,14807.43,GBP,CT-2025-117,,,
INV-501194,2025-07-16,Heathmere Cleaning Limited,Facilities Management,Offshore Wind,CC-110,PO-4520132,3161.35,GBP,CT-2024-120,,,
INV-501391,2025-07-16,Starboard Pumps & Co,MRO & Spare Parts,Offshore Wind,CC-110,,8487.06,GBP,CT-2025-123,Centrifugal pump seal kit,74,114.69
INV-501613,2025-07-16,Upton Kitchens Ltd,Catering & Hospitality,Offshore Wind,CC-110,,5842.75,GBP,CT-2024-132,,,
INV-501813,2025-07-16,Quarrymead Terminals A/S,Port & Terminal Services,Offshore Wind,CC-110,,7026.72,EUR,,,,
INV-502129,2025-07-16,Saltmarsh Travel Limited,Travel & Accommodation,Offshore Wind,CC-110,PO-4567548,1061.19,GBP,,,,
INV-502453,2025-07-16,Oakridge Systems Ltd,IT Hardware & Software,Corporate,CC-900,PO-4518692,5234.16,GBP,,"Laptop, 14in business",4,1308.54
INV-502798,2025-07-16,Bayfront Workforce Limited,Temporary Labour,Ports & Terminals,CC-220,PO-4546312,2151.79,GBP,,,,
INV-503069,2025-07-16,Portland Legal & Co,Professional Services,Corporate,CC-900,PO-4503145,572.93,GBP,,,,
INV-500217,2025-07-17,Ironbridge Stationers Ltd,Office Supplies,Offshore Wind,CC-110,PO-4522930,17908.61,GBP,CT-2025-103,Ergonomic office chair,103,173.87
INV-500383,2025-07-17,Clearwater Facilities Ltd,Facilities Management,Ports & Terminals,CC-220,PO-4519575,9408.2,GBP,CT-2025-107,,,
INV-500723,2025-07-17,Bayfront Hydraulics Ltd,MRO & Spare Parts,Offshore Wind,CC-110,PO-4563447,7541.45,GBP,CT-2025-111,Ball bearing 6205-2RS,1015,7.43
INV-501006,2025-07-17,Oakridge Valves PLC,MRO & Spare Parts,Offshore Wind,CC-110,PO-4557386,6602.88,GBP,CT-2024-116,Centrifugal pump seal kit,64,103.17
INV-501101,2025-07-17,Kingsway Fasteners PLC,MRO & Spare Parts,Marine Fleet,CC-330,PO-4512293,3220.5,GBP,CT-2025-119,Gate valve DN50 PN16,19,169.5
INV-501337,2025-07-17,Coastway Logistics BV,Logistics & Freight,Corporate,CC-900,PO-4527269,8470.19,EUR,CT-2024-122,,,
INV-501365,2025-07-17,Coastway Logistics BV,Logistics & Freight,Corporate,CC-900,PO-4571481,5472.16,EUR,CT-2024-122,,,
INV-501412,2025-07-17,Starboard Pumps & Co,MRO & Spare Parts,Ports & Terminals,CC-220,PO-4505834,7477.38,GBP,CT-2025-123,"Hydraulic hose 1/2in, per metre",549,13.62
INV-501698,2025-07-17,Thistle Software LLC,IT Hardware & Software,Offshore Wind,CC-110,PO-4513420,3677.85,USD,,Docking station USB-C,15,245.19
INV-501738,2025-07-17,Starboard Maintenance Ltd,Facilities Management,Ports & Terminals,CC-220,PO-4558834,19428.7,GBP,,,,
INV-502608,2025-07-17,Whitcombe Telecom & Co,Telecoms,Ports & Terminals,CC-220,PO-4502038,1737.47,GBP,,,,
INV-503060,2025-07-17,Galeforce Maintenance Ltd,Facilities Management,Offshore Wind,CC-110,,947.46,GBP,,,,
INV-500959,2025-07-18,Oakridge Valves PLC,MRO & Spare Parts,Offshore Wind,CC-110,PO-4567420,7059.6,GBP,CT-2024-116,Ball bearing 6205-2RS,1060,6.66
INV-502104,2025-07-18,Driftwood Bearings & Co,MRO & Spare Parts,Corporate,CC-900,PO-4545687,1787.52,GBP,,"Hydraulic hose 1/2in, per metre",133,13.44
INV-502341,2025-07-18,Coastway Hotels & Co,Travel & Accommodation,Corporate,CC-900,PO-4571133,4546.03,GBP,,,,
INV-502491,2025-07-18,Harrowgate Furniture Ltd,Office Supplies,Corporate,CC-900,PO-4516911,2139.4,GBP,,Ergonomic office chair,10,213.94
INV-502616,2025-07-18,Coastway Transfers PLC,Travel & Accommodation,Ports & Terminals,CC-220,PO-4535260,3907.5,GBP,,,,
INV-502653,2025-07-18,Windrush Digital & Co,IT Hardware & Software,Marine Fleet,CC-330,PO-4542928,2603.2,GBP,,27in monitor,10,260.32
INV-502658,2025-07-18,Windrush Digital & Co,IT Hardware & Software,Marine Fleet,CC-330,PO-4553807,1147.52,GBP,,"Laptop, 14in business",1,1147.52
INV-502930,2025-07-18,Yarrow Hospitality & Co,Catering & Hospitality,Corporate,CC-900,PO-4555082,308.53,GBP,,,,
INV-503140,2025-07-18,Keelson Training PLC,Training & Development,Offshore Wind,CC-110,PO-4549154,174.76,GBP,,,,
INV-503193,2025-07-18,Ironbridge Workwear Ltd,Safety & PPE,Corporate,CC-900,PO-4532220,221.7,GBP,,"Ear defenders, SNR 30",10,22.17
INV-500243,2025-07-19,Wavecrest Couriers SAS,Logistics & Freight,Marine Fleet,CC-330,PO-4531019,12384.05,EUR,CT-2024-104,,,
INV-500322,2025-07-19,Anchorline Advisory PLC,Professional Services,Marine Fleet,CC-330,PO-4501640,9717.1,GBP,CT-2025-105,,,
INV-500998,2025-07-19,Oakridge Valves PLC,MRO & Spare Parts,Offshore Wind,CC-110,PO-4539199,3969,GBP,CT-2024-116,"Hydraulic hose 1/2in, per metre",324,12.25
INV-501065,2025-07-19,Stonehaven Construction PLC,Construction & Civils,Offshore Wind,CC-110,PO-4507153,8359.3,GBP,CT-2024-118,,,
INV-501069,2025-07-19,Stonehaven Construction PLC,Construction & Civils,Marine Fleet,CC-330,PO-4585835,7226.36,GBP,CT-2024-118,,,
INV-501164,2025-07-19,Kingsway Fasteners PLC,MRO & Spare Parts,Marine Fleet,CC-330,PO-4513448,4526.08,GBP,CT-2025-119,"Stainless bolts M12x50, box of 50",104,43.52
INV-501428,2025-07-19,Merrow Events Ltd,Marketing & Events,Ports & Terminals,CC-220,,3331.78,GBP,CT-2024-124,,,
INV-501817,2025-07-19,Quarrymead Terminals A/S,Port & Terminal Services,Ports & Terminals,CC-220,,6560.15,EUR,,,,
INV-501913,2025-07-19,Castlegate Utilities Ltd,Energy & Utilities,Offshore Wind,CC-110,PO-4535613,3322.92,GBP,,,,
INV-501968,2025-07-19,Tarnside Haulage PLC,Logistics & Freight,Offshore Wind,CC-110,PO-4538839,1963.35,GBP,,,,
INV-502483,2025-07-19,Harrowgate Furniture Ltd,Office Supplies,Corporate,CC-900,PO-4568707,1382.02,GBP,,"Lever arch files, pack of 10",86,16.07
INV-502526,2025-07-19,Stonehaven Haulage BV,Logistics & Freight,Marine Fleet,CC-330,,1813.29,EUR,CT-2024-198,,,
INV-503256,2025-07-19,Castlegate Learning Ltd,Training & Development,Offshore Wind,CC-110,PO-4544474,199.43,GBP,,,,
INV-503278,2025-07-19,Mariner Industrial PLC,MRO & Spare Parts,Marine Fleet,CC-330,PO-4511398,178.58,GBP,,Gate valve DN50 PN16,1,178.58
INV-500505,2025-07-20,Castlegate Media Ltd,Marketing & Events,Offshore Wind,CC-110,PO-4546320,6881.93,GBP,CT-2024-108,,,
INV-500525,2025-07-20,Castlegate Media Ltd,Marketing & Events,Corporate,CC-900,PO-4591987,11911.93,GBP,CT-2024-108,,,
INV-500550,2025-07-20,Coastway Fuels Inc,Fuel & Lubricants,Corporate,CC-900,PO-4545972,16659.64,USD,CT-2025-109,,,
INV-500656,2025-07-20,Quarrymead Stevedoring A/S,Port & Terminal Services,Ports & Terminals,CC-220,PO-4588202,8381.77,EUR,CT-2024-110,,,
INV-500890,2025-07-20,Shorewell Safety Ltd,Safety & PPE,Corporate,CC-900,PO-4586314,3016.15,GBP,CT-2024-114,"Ear defenders, SNR 30",179,16.85
INV-501348,2025-07-20,Coastway Logistics BV,Logistics & Freight,Corporate,CC-900,PO-4533202,8823.15,EUR,,,,
INV-501587,2025-07-20,Starboard Fasteners BV,MRO & Spare Parts,Marine Fleet,CC-330,,16069.56,EUR,CT-2024-130,Gate valve DN50 PN16,78,206.02
INV-502231,2025-07-20,Bayfront Partners & Co,Professional Services,Marine Fleet,CC-330,PO-4538244,4925.79,GBP,,,,
INV-502331,2025-07-20,Pembury Diving Services Ltd,Marine Services,Offshore Wind,CC-110,PO-4508096,2749.45,GBP,,,,
INV-502802,2025-07-20,Stonehaven Diving Services A/S,Marine Services,Marine Fleet,CC-330,PO-4553453,731.62,EUR,,,,
INV-503133,2025-07-20,Kingsway Stationers Ltd,Office Supplies,Ports & Terminals,CC-220,,71.8,GBP,,"Lever arch files, pack of 10",5,14.36
INV-503389,2025-07-20,Juniper Recruitment Ltd.,Temporary Labour,Ports & Terminals,CC-900,,2023.54,GBP,,,,
INV-500360,2025-07-21,Merrow Workwear Ltd,Safety & PPE,Marine Fleet,CC-330,PO-4593085,10846.34,GBP,,"Safety boots, S3",146,74.29
INV-500647,2025-07-21,Quarrymead Stevedoring A/S,Port & Terminal Services,Ports & Terminals,CC-220,PO-4543094,14434.47,EUR,CT-2024-110,,,
INV-500868,2025-07-21,Shorewell Safety Ltd,Safety & PPE,Corporate,CC-900,PO-4528258,9162.2,GBP,CT-2024-114,"Safety helmet, EN397",610,15.02
INV-500871,2025-07-21,Shorewell Safety Ltd,Safety & PPE,Corporate,CC-900,PO-4514063,2958.94,GBP,CT-2024-114,"Safety helmet, EN397",197,15.02
INV-500967,2025-07-21,Oakridge Valves PLC,MRO & Spare Parts,Offshore Wind,CC-110,PO-4595818,3623.04,GBP,CT-2024-116,Ball bearing 6205-2RS,544,6.66
INV-501272,2025-07-21,Juniper Learning PLC,Training & Development,Ports & Terminals,CC-220,PO-4526113,1686.9,GBP,,,,
INV-501419,2025-07-21,Merrow Events Ltd,Marketing & Events,Ports & Terminals,CC-220,,3975.88,GBP,CT-2024-124,,,
INV-501431,2025-07-21,Merrow Events Ltd,Marketing & Events,Ports & Terminals,CC-220,,5535.82,GBP,CT-2024-124,,,
INV-501493,2025-07-21,Coastway Property Care Limited,Facilities Management,Ports & Terminals,CC-220,PO-4584856,11792.84,GBP,CT-2025-125,,,
INV-502403,2025-07-21,Shorewell Cleaning & Co,Facilities Management,Offshore Wind,CC-110,PO-4567544,4311.26,GBP,,,,
INV-502684,2025-07-21,Quarrymead Office Supplies Ltd,Office Supplies,Corporate,CC-900,PO-4542304,1463.28,GBP,,"Ballpoint pens, box of 50",156,9.38
INV-502861,2025-07-21,Kingsway Cleaning PLC,Facilities Management,Marine Fleet,CC-330,PO-4599741,1120.38,GBP,,,,
INV-500124,2025-07-22,Ravensworth Pumps Limited,MRO & Spare Parts,Corporate,CC-900,PO-4580994,11919.75,GBP,CT-2024-102,Gate valve DN50 PN16,75,158.93
INV-500273,2025-07-22,Wavecrest Couriers SAS,Logistics & Freight,Marine Fleet,CC-330,PO-4588012,19155.29,EUR,,,,
INV-500573,2025-07-22,Coastway Fuels Inc,Fuel & Lubricants,Corporate,CC-900,,10474.87,USD,CT-2025-109,,,
INV-500682,2025-07-22,Bayfront Hydraulics Ltd,MRO & Spare Parts,Offshore Wind,CC-110,PO-4536821,8128.42,GBP,CT-2025-111,Ball bearing 6205-2RS,1094,7.43
INV-501036,2025-07-22,Juniper Events & Co,Marketing & Events,Ports & Terminals,CC-220,PO-4537371,6569.25,GBP,,,,
INV-501146,2025-07-22,Kingsway Fasteners PLC,MRO & Spare Parts,Offshore Wind,CC-110,PO-4574255,5387.55,GBP,CT-2025-119,Centrifugal pump seal kit,49,109.95
INV-502163,2025-07-22,Pembury Engineering Supplies Ltd,MRO & Spare Parts,Marine Fleet,CC-330,PO-4527002,1315.2,GBP,CT-2024-160,"Stainless bolts M12x50, box of 50",30,43.84
INV-502601,2025-07-22,Upton Build & Co,Construction & Civils,Offshore Wind,CC-110,PO-4557691,2354.76,GBP,,,,
INV-502934,2025-07-22,Yarrow Hospitality & Co,Catering & Hospitality,Corporate,CC-900,PO-4556097,232.83,GBP,,,,
INV-502940,2025-07-22,Merrow Towage Ltd,Marine Services,Corporate,CC-900,,1868.32,GBP,,,,
INV-503152,2025-07-22,Upton Academy Ltd,Training & Development,Corporate,CC-900,PO-4591742,625.34,GBP,,,,
INV-503181,2025-07-22,Thistle Bearings Limited,MRO & Spare Parts,Ports & Terminals,CC-220,,304.92,GBP,,Ball bearing 6205-2RS,42,7.26
INV-503367,2025-07-22,Eastholme Consulting Ltd,Professional Services,Ports & Terminals,CC-220,PO-4525754,18,GBP,,,,
INV-500604,2025-07-23,Quarrymead Stevedoring A/S,Port & Terminal Services,Ports & Terminals,CC-220,PO-4557811,11085.08,EUR,CT-2024-110,,,
INV-500815,2025-07-23,Shorewell Digital LLC,IT Hardware & Software,Ports & Terminals,CC-220,PO-4534668,11626,USD,CT-2025-113,"Laptop, 14in business",8,1453.25
INV-500945,2025-07-23,Blackwater Travel PLC,Travel & Accommodation,Marine Fleet,CC-330,PO-4548665,16488.22,GBP,CT-2025-115,,,
INV-501055,2025-07-23,Stonehaven Construction PLC,Construction & Civils,Offshore Wind,CC-110,PO-4590018,5481.44,GBP,CT-2024-118,,,
INV-501087,2025-07-23,Stonehaven Construction PLC,Construction & Civils,Offshore Wind,CC-110,PO-4582824,6217.12,GBP,CT-2024-118,,,
INV-501562,2025-07-23,Juniper Recruitment Ltd,Temporary Labour,Ports & Terminals,CC-220,PO-4553933,7746.52,GBP,CT-2025-129,,,
INV-502084,2025-07-23,Driftwood Bearings & Co,MRO & Spare Parts,Offshore Wind,CC-110,,1088.64,GBP,,"Hydraulic hose 1/2in, per metre",81,13.44
INV-502815,2025-07-23,Deepwell Workwear Ltd,Safety & PPE,Offshore Wind,CC-110,PO-4551758,727.2,GBP,,"Ear defenders, SNR 30",36,20.2
INV-502829,2025-07-23,Portland Events & Co,Marketing & Events,Ports & Terminals,CC-220,PO-4594361,1205.43,GBP,,,,
INV-502943,2025-07-23,Merrow Towage Ltd,Marine Services,Ports & Terminals,CC-220,PO-4522083,797.05,GBP,,,,
INV-503059,2025-07-23,Juniper Print Ltd,Marketing & Events,Offshore Wind,CC-110,PO-4533653,155.56,GBP,,,,
INV-500639,2025-07-24,Quarrymead Stevedoring A/S,Port & Terminal Services,Ports & Terminals,CC-220,PO-4567670,13760.47,EUR,CT-2024-110,,,
INV-500760,2025-07-24,Foxley Systems Inc,IT Hardware & Software,Corporate,CC-900,PO-4534871,13720.35,USD,CT-2024-112,27in monitor,35,392.01
INV-500776,2025-07-24,Foxley Systems Inc,IT Hardware & Software,Marine Fleet,CC-330,PO-4589461,5184.21,USD,CT-2024-112,"Laptop, 14in business",3,1728.07
INV-501158,2025-07-24,Kingsway Fasteners PLC,MRO & Spare Parts,Ports & Terminals,CC-220,PO-4536867,2418.9,GBP,CT-2025-119,Centrifugal pump seal kit,22,109.95
INV-501354,2025-07-24,Coastway Logistics BV,Logistics & Freight,Corporate,CC-900,,6671.41,EUR,,,,
INV-501601,2025-07-24,Blackwater PPE Supplies & Co,Safety & PPE,Marine Fleet,CC-330,PO-4539206,9443,GBP,CT-2025-131,"Safety helmet, EN397",497,19
INV-501713,2025-07-24,Thistle Software LLC,IT Hardware & Software,Corporate,CC-900,,5884.56,USD,,Docking station USB-C,24,245.19
INV-502355,2025-07-24,Quarrymead Events Ltd,Marketing & Events,Ports & Terminals,CC-220,,3020.7,GBP,,,,
INV-502560,2025-07-24,Quarrymead Kitchens Ltd,Catering & Hospitality,Corporate,CC-900,PO-4501639,3547.53,GBP,,,,
INV-502631,2025-07-24,Stonehaven PPE Supplies A/S,Safety & PPE,Marine Fleet,CC-330,PO-4504742,2034,EUR,,"Hi-vis jacket, class 3",72,28.25
INV-502813,2025-07-24,Deepwell Workwear Ltd,Safety & PPE,Corporate,CC-900,PO-4599674,2017.4,GBP,,"Hi-vis jacket, class 3",77,26.2
INV-502989,2025-07-24,Starboard Advisory PLC,Professional Services,Corporate,CC-900,PO-4559605,1232.12,GBP,,,,
INV-503111,2025-07-24,Solent Academy Limited,Training & Development,Offshore Wind,CC-110,PO-4574101,127.88,GBP,,,,
INV-503116,2025-07-24,Solent Academy Limited,Training & Development,Corporate,CC-900,PO-4523357,210.92,GBP,,,,
INV-501323,2025-07-25,Juniper Learning PLC,Training & Development,Ports & Terminals,CC-220,PO-4524119,2909.74,GBP,CT-2025-121,,,
INV-501324,2025-07-25,Juniper Learning PLC,Training & Development,Ports & Terminals,CC-220,PO-4512420,4196.43,GBP,CT-2025-121,,,
INV-502300,2025-07-25,Wavecrest Travel Limited,Travel & Accommodation,Corporate,CC-900,PO-4521879,1425.09,GBP,,,,
INV-502774,2025-07-25,Wavecrest PPE Supplies & Co,Safety & PPE,Marine Fleet,CC-330,PO-4593912,1964.9,GBP,,"Safety boots, S3",35,56.14
INV-503330,2025-07-25,Solent Engineering Supplies PLC,MRO & Spare Parts,Offshore Wind,CC-110,PO-4510608,152.35,GBP,,Gate valve DN50 PN16,1,152.35
INV-500180,2025-07-26,Ironbridge Stationers Ltd,Office Supplies,Marine Fleet,CC-330,PO-4520010,11472.4,GBP,CT-2025-103,"Toner cartridge, black, high yield",145,79.12
INV-500325,2025-07-26,Anchorline Advisory PLC,Professional Services,Marine Fleet,CC-330,PO-4581811,15358.2,GBP,CT-2025-105,,,
INV-500431,2025-07-26,Clearwater Facilities Ltd,Facilities Management,Corporate,CC-900,PO-4595208,10582.86,GBP,,,,
INV-500444,2025-07-26,Clearwater Facilities Ltd,Facilities Management,Ports & Terminals,CC-220,PO-4597227,9808.39,GBP,CT-2025-107,,,
INV-501951,2025-07-26,Tarnside Haulage PLC,Logistics & Freight,Corporate,CC-900,PO-4590201,2996.42,GBP,,,,
INV-501989,2025-07-26,Bayfront Advisory Ltd,Professional Services,Marine Fleet,CC-330,PO-4550181,1625.37,GBP,,,,
INV-503373,2025-07-26,Ironbridge Fasteners Ltd,MRO & Spare Parts,Ports & Terminals,CC-220,PO-4545788,145.7,GBP,,Gate valve DN50 PN16,1,145.7
INV-500415,2025-07-27,Clearwater Facilities Ltd,Facilities Management,Marine Fleet,CC-330,PO-4512742,7254.83,GBP,CT-2025-107,,,
INV-500715,2025-07-27,Bayfront Hydraulics Ltd,MRO & Spare Parts,Offshore Wind,CC-110,PO-4520151,5521.44,GBP,CT-2025-111,Centrifugal pump seal kit,48,115.03
INV-501191,2025-07-27,Heathmere Cleaning Limited,Facilities Management,Offshore Wind,CC-110,PO-4551058,1558.82,GBP,,,,
INV-501360,2025-07-27,Coastway Logistics BV,Logistics & Freight,Corporate,CC-900,PO-4520403,4020.61,EUR,CT-2024-122,,,
INV-501466,2025-07-27,Merrow Events Ltd,Marketing & Events,Ports & Terminals,CC-220,PO-4512007,3200.99,GBP,CT-2024-124,,,
INV-502544,2025-07-27,Blackwater Property Care Limited,Facilities Management,Corporate,CC-900,PO-4565647,4646.89,GBP,,,,
INV-502771,2025-07-27,Quarrymead Partners PLC,Professional Services,Offshore Wind,CC-110,,1012.78,GBP,,,,
INV-500357,2025-07-28,Merrow Workwear Ltd,Safety & PPE,Ports & Terminals,CC-220,PO-4568743,19908.39,GBP,CT-2024-106,"Safety helmet, EN397",1007,19.77
INV-500629,2025-07-28,Quarrymead Stevedoring A/S,Port & Terminal Services,Ports & Terminals,CC-220,PO-4558346,14732.1,EUR,CT-2024-110,,,
INV-501083,2025-07-28,Stonehaven Construction PLC,Construction & Civils,Ports & Terminals,CC-220,PO-4584326,7494.46,GBP,CT-2024-118,,,
INV-501632,2025-07-28,Ironbridge Diving Services Limited,Marine Services,Offshore Wind,CC-110,PO-4527977,3348.1,GBP,CT-2025-133,,,
INV-501703,2025-07-28,Thistle Software LLC,IT Hardware & Software,Offshore Wind,CC-110,PO-4594471,12393.24,USD,,Rugged tablet,6,2065.54
INV-502167,2025-07-28,Pembury Engineering Supplies Ltd,MRO & Spare Parts,Marine Fleet,CC-330,PO-4580322,2561.4,GBP,CT-2024-160,Gate valve DN50 PN16,15,170.76
INV-502535,2025-07-28,Lowther Advisory Ltd,Professional Services,Ports & Terminals,CC-220,PO-4548517,2093.08,GBP,,,,
INV-503341,2025-07-28,Kingsway Recruitment PLC,Temporary Labour,Ports & Terminals,CC-220,PO-4597214,18.38,GBP,,,,
CN-503377,2025-07-28,Upton Kitchens Ltd,Catering & Hospitality,Offshore Wind,CC-900,PO-4529251,-5078,GBP,CT-2024-132,,,
INV-500165,2025-07-29,Ravensworth Pumps Limited,MRO & Spare Parts,Marine Fleet,CC-330,PO-4596952,17323.37,GBP,CT-2024-102,Gate valve DN50 PN16,109,158.93
INV-500839,2025-07-29,Shorewell Digital LLC,IT Hardware & Software,Ports & Terminals,CC-220,PO-4551309,5813,USD,CT-2025-113,"Laptop, 14in business",4,1453.25
INV-501306,2025-07-29,Juniper Learning PLC,Training & Development,Ports & Terminals,CC-220,PO-4544045,2032.33,GBP,CT-2025-121,,,
INV-501675,2025-07-29,Merrow Facilities Ltd,Facilities Management,Corporate,CC-900,,2621.56,GBP,CT-2024-134,,,
INV-502025,2025-07-29,Kingsway Facilities Ltd,Facilities Management,Marine Fleet,CC-330,PO-4575096,3380.55,GBP,CT-2025-153,,,
INV-502811,2025-07-29,Deepwell Workwear Ltd,Safety & PPE,Offshore Wind,CC-110,PO-4543297,1656.4,GBP,,"Ear defenders, SNR 30",82,20.2
INV-500062,2025-07-30,Westerly Safety PLC,Safety & PPE,Offshore Wind,CC-110,PO-4556169,10892.16,GBP,CT-2025-101,"Nitrile gloves, box of 100",1464,7.44
INV-500294,2025-07-30,Anchorline Advisory PLC,Professional Services,Marine Fleet,CC-330,PO-4529165,9553.27,GBP,CT-2025-105,,,
INV-500600,2025-07-30,Quarrymead Stevedoring A/S,Port & Terminal Services,Ports & Terminals,CC-220,PO-4503250,11028.4,EUR,CT-2024-110,,,
INV-501031,2025-07-30,Juniper Events & Co,Marketing & Events,Ports & Terminals,CC-220,PO-4562499,4586.44,GBP,CT-2025-117,,,
INV-501039,2025-07-30,Juniper Events & Co,Marketing & Events,Ports & Terminals,CC-220,PO-4580206,5229.96,GBP,CT-2025-117,,,
INV-501071,2025-07-30,Stonehaven Construction PLC,Construction & Civils,Offshore Wind,CC-110,PO-4533922,4397.07,GBP,CT-2024-118,,,
INV-501399,2025-07-30,Starboard Pumps & Co,MRO & Spare Parts,Ports & Terminals,CC-220,PO-4510332,6172.53,GBP,CT-2025-123,Ball bearing 6205-2RS,833,7.41
INV-501830,2025-07-30,Greystone Systems Inc,IT Hardware & Software,Marine Fleet,CC-330,,8870.01,USD,CT-2025-143,Docking station USB-C,37,239.73
INV-502206,2025-07-30,Clearwater Staffing Ltd,Temporary Labour,Marine Fleet,CC-330,PO-4550584,4429.87,GBP,,,,
INV-503005,2025-07-30,Clearwater Stevedoring Ltd,Port & Terminal Services,Ports & Terminals,CC-220,,705.62,GBP,,,,
INV-503294,2025-07-30,Starboard Workwear Limited,Safety & PPE,Corporate,CC-900,PO-4526093,343.56,GBP,,"Safety helmet, EN397",21,16.36
INV-503356,2025-07-30,Deepwell Hotels Limited,Travel & Accommodation,Marine Fleet,CC-330,PO-4509568,20.26,GBP,,,,
INV-500132,2025-07-31,Ravensworth Pumps Limited,MRO & Spare Parts,Marine Fleet,CC-330,PO-4548134,23402.88,GBP,,"Hydraulic hose 1/2in, per metre",1912,12.24
INV-500557,2025-07-31,Coastway Fuels Inc,Fuel & Lubricants,Corporate,CC-900,PO-4599208,15360.07,USD,CT-2025-109,,,
INV-500854,2025-07-31,Shorewell Digital LLC,IT Hardware & Software,Marine Fleet,CC-330,PO-4554078,11101,USD,CT-2025-113,Docking station USB-C,50,222.02
INV-501000,2025-07-31,Oakridge Valves PLC,MRO & Spare Parts,Offshore Wind,CC-110,PO-4547890,2777.12,GBP,CT-2024-116,"Stainless bolts M12x50, box of 50",68,40.84
INV-501180,2025-07-31,Heathmere Cleaning Limited,Facilities Management,Marine Fleet,CC-330,PO-4597827,3419.46,GBP,CT-2024-120,,,
INV-501514,2025-07-31,Greystone Telecom Ltd,Telecoms,Corporate,CC-900,PO-4596626,19160.29,GBP,CT-2025-127,,,
INV-501578,2025-07-31,Starboard Fasteners BV,MRO & Spare Parts,Ports & Terminals,CC-220,PO-4561450,9682.86,EUR,CT-2024-130,Ball bearing 6205-2RS,1122,8.63
INV-502500,2025-07-31,Quarrymead Marine A/S,Marine Services,Offshore Wind,CC-110,,1669.65,EUR,,,,
INV-502642,2025-07-31,Pembury Couriers Ltd,Logistics & Freight,Marine Fleet,CC-330,PO-4503740,2367.72,GBP,,,,
INV-502939,2025-07-31,Yarrow Hospitality & Co,Catering & Hospitality,Corporate,CC-900,PO-4544950,519.16,GBP,,,,
INV-502978,2025-07-31,Stonehaven Networks & Co,IT Hardware & Software,Ports & Terminals,CC-220,PO-4543980,1096.61,GBP,,"Laptop, 14in business",1,1096.61
INV-502995,2025-07-31,Portland Freight PLC,Logistics & Freight,Marine Fleet,CC-330,PO-4557867,292.22,GBP,,,,
INV-500870,2025-08-01,Shorewell Safety Ltd,Safety & PPE,Corporate,CC-900,PO-4519744,4120.85,GBP,CT-2024-114,"Safety boots, S3",73,56.45
INV-500916,2025-08-01,Shorewell Safety Ltd,Safety & PPE,Corporate,CC-900,PO-4554560,6548.2,GBP,CT-2024-114,"Safety boots, S3",116,56.45
INV-501062,2025-08-01,Stonehaven Construction PLC,Construction & Civils,Ports & Terminals,CC-220,PO-4580220,8510.83,GBP,CT-2024-118,,,
INV-501924,2025-08-01,Blackwater Stationers & Co,Office Supplies,Offshore Wind,CC-110,PO-4521852,12085.32,GBP,,"Lever arch files, pack of 10",762,15.86
INV-501979,2025-08-01,Whitcombe Haulage SAS,Logistics & Freight,Offshore Wind,CC-110,PO-4576692,5576.24,EUR,,,,
INV-502556,2025-08-01,Greystone Bearings PLC,MRO & Spare Parts,Marine Fleet,CC-330,PO-4511286,23292.47,GBP,,Centrifugal pump seal kit,227,102.61
INV-502789,2025-08-01,Blackwater Construction Ltd,Construction & Civils,Offshore Wind,CC-110,PO-4509029,763.78,GBP,,,,
INV-502791,2025-08-01,Blackwater Construction Ltd,Construction & Civils,Corporate,CC-900,PO-4505539,1244.55,GBP,,,,
INV-502877,2025-08-01,Windrush Fasteners PLC,MRO & Spare Parts,Offshore Wind,CC-110,PO-4516081,1142.82,GBP,,Gate valve DN50 PN16,7,163.26
INV-503013,2025-08-01,Heathmere Partners Limited,Professional Services,Corporate,CC-900,PO-4519441,1286.11,GBP,,,,
INV-503145,2025-08-01,Keelson Training PLC,Training & Development,Offshore Wind,CC-110,PO-4571354,348.27,GBP,,,,
INV-503333,2025-08-01,Foxley Academy & Co,Training & Development,Ports & Terminals,CC-220,PO-4580248,20.88,GBP,,,,
INV-500262,2025-08-02,Wavecrest Couriers SAS,Logistics & Freight,Offshore Wind,CC-110,PO-4545188,9203.82,EUR,,,,
INV-500409,2025-08-02,Clearwater Facilities Ltd,Facilities Management,Ports & Terminals,CC-220,PO-4572516,11858.76,GBP,CT-2025-107,,,
INV-501984,2025-08-02,Whitcombe Haulage SAS,Logistics & Freight,Offshore Wind,CC-110,,6262.41,EUR,,,,
INV-502531,2025-08-02,Stonehaven Haulage BV,Logistics & Freight,Marine Fleet,CC-330,PO-4546923,2379.96,EUR,CT-2024-198,,,
INV-502559,2025-08-02,Quarrymead Kitchens Ltd,Catering & Hospitality,Corporate,CC-900,PO-4581896,2625.92,GBP,,,,
INV-502621,2025-08-02,Heathmere Workforce & Co,Temporary Labour,Offshore Wind,CC-110,PO-4594805,15639.02,GBP,,,,
INV-502878,2025-08-02,Windrush Fasteners PLC,MRO & Spare Parts,Offshore Wind,CC-110,PO-4556033,953.1,GBP,,Centrifugal pump seal kit,9,105.9
INV-503156,2025-08-02,Lowther Pumps & Co,MRO & Spare Parts,Offshore Wind,CC-110,PO-4507692,169.4,GBP,,"Stainless bolts M12x50, box of 50",4,42.35
INV-503319,2025-08-02,Northstar Hospitality Limited,Catering & Hospitality,Corporate,CC-900,PO-4567538,69.69,GBP,,,,
INV-501491,2025-08-03,Coastway Property Care Limited,Facilities Management,Corporate,CC-900,PO-4568629,13700.65,GBP,CT-2025-125,,,
INV-501731,2025-08-03,Driftwood Industrial & Co,MRO & Spare Parts,Corporate,CC-900,,8663.76,GBP,,Ball bearing 6205-2RS,1512,5.73
INV-501800,2025-08-03,Quarrymead Terminals A/S,Port & Terminal Services,Ports & Terminals,CC-220,PO-4537752,7867.81,EUR,,,,
INV-501912,2025-08-03,Castlegate Utilities Ltd,Energy & Utilities,Offshore Wind,CC-110,,4637.31,GBP,,,,
INV-502094,2025-08-03,Driftwood Bearings & Co,MRO & Spare Parts,Corporate,CC-900,PO-4516912,1245.09,GBP,,Centrifugal pump seal kit,11,113.19
INV-502949,2025-08-03,Pembury Hotels Limited,Travel & Accommodation,Ports & Terminals,CC-220,,1600.16,GBP,,,,
INV-500484,2025-08-04,Castlegate Media Ltd,Marketing & Events,Offshore Wind,CC-110,PO-4567862,8013.22,GBP,CT-2024-108,,,
INV-500781,2025-08-04,Foxley Systems Inc,IT Hardware & Software,Marine Fleet,CC-330,PO-4571058,8896.32,USD,CT-2024-112,Rugged tablet,4,2224.08
INV-501299,2025-08-04,Juniper Learning PLC,Training & Development,Ports & Terminals,CC-220,PO-4501947,1862.36,GBP,CT-2025-121,,,
INV-501310,2025-08-04,Juniper Learning PLC,Training & Development,Ports & Terminals,CC-220,PO-4581152,3758.94,GBP,CT-2025-121,,,
INV-501497,2025-08-04,Kingsway Staffing PLC,Temporary Labour,Ports & Terminals,CC-220,PO-4580084,21650.83,GBP,CT-2024-126,,,
INV-501564,2025-08-04,Juniper Recruitment Ltd,Temporary Labour,Ports & Terminals,CC-220,PO-4573047,8970.69,GBP,CT-2025-129,,,
INV-502169,2025-08-04,Pembury Engineering Supplies Ltd,MRO & Spare Parts,Marine Fleet,CC-330,PO-4508670,2340.7,GBP,CT-2024-160,"Hydraulic hose 1/2in, per metre",178,13.15
INV-500179,2025-08-05,Ironbridge Stationers Ltd,Office Supplies,Marine Fleet,CC-330,PO-4594842,11649.29,GBP,,Ergonomic office chair,67,173.87
INV-500267,2025-08-05,Wavecrest Couriers SAS,Logistics & Freight,Marine Fleet,CC-330,PO-4520838,22321.17,EUR,CT-2024-104,,,
INV-500315,2025-08-05,Anchorline Advisory PLC,Professional Services,Marine Fleet,CC-330,PO-4518785,19462.06,GBP,CT-2025-105,,,
INV-500406,2025-08-05,Clearwater Facilities Ltd,Facilities Management,Ports & Terminals,CC-220,PO-4573511,11021.6,GBP,CT-2025-107,,,
INV-500607,2025-08-05,Quarrymead Stevedoring A/S,Port & Terminal Services,Ports & Terminals,CC-220,PO-4516465,7481.42,EUR,CT-2024-110,,,
INV-500974,2025-08-05,Oakridge Valves PLC,MRO & Spare Parts,Ports & Terminals,CC-220,PO-4586405,6966.36,GBP,CT-2024-116,Ball bearing 6205-2RS,1046,6.66
INV-501681,2025-08-05,Saltmarsh Kitchens PLC,Catering & Hospitality,Corporate,CC-900,,11417.31,GBP,,,,
INV-501948,2025-08-05,Lanyard Kitchens Ltd,Catering & Hospitality,Offshore Wind,CC-110,PO-4504255,1871.18,GBP,CT-2025-149,,,
INV-502073,2025-08-05,Deepwell Telecom Ltd,Telecoms,Marine Fleet,CC-330,,5679.66,GBP,,,,
INV-502554,2025-08-05,Windrush Print Ltd,Marketing & Events,Marine Fleet,CC-330,,4807.61,GBP,,,,
INV-502902,2025-08-05,Merrow Fasteners Ltd,MRO & Spare Parts,Offshore Wind,CC-110,PO-4588355,393.57,GBP,,"Stainless bolts M12x50, box of 50",9,43.73
INV-500377,2025-08-06,Merrow Workwear Ltd,Safety & PPE,Ports & Terminals,CC-220,PO-4541174,20652.62,GBP,CT-2024-106,"Safety boots, S3",278,74.29
INV-500821,2025-08-06,Shorewell Digital LLC,IT Hardware & Software,Ports & Terminals,CC-220,PO-4583784,9351.9,USD,CT-2025-113,Rugged tablet,5,1870.38
INV-501198,2025-08-06,Heathmere Cleaning Limited,Facilities Management,Marine Fleet,CC-330,PO-4534069,4784.24,GBP,CT-2024-120,,,
INV-501341,2025-08-06,Coastway Logistics BV,Logistics & Freight,Corporate,CC-900,PO-4518333,9317.52,EUR,CT-2024-122,,,
INV-501697,2025-08-06,Thistle Software LLC,IT Hardware & Software,Offshore Wind,CC-110,PO-4501432,4131.08,USD,,Rugged tablet,2,2065.54
INV-501875,2025-08-06,Greystone PPE Supplies PLC,Safety & PPE,Offshore Wind,CC-110,,2677.5,GBP,CT-2025-145,"Hi-vis jacket, class 3",102,26.25
INV-502201,2025-08-06,Clearwater Staffing Ltd,Temporary Labour,Offshore Wind,CC-110,,4716.44,GBP,,,,
INV-502292,2025-08-06,Juniper Staffing Limited,Temporary Labour,Marine Fleet,CC-330,PO-4575220,2605.6,GBP,CT-2024-168,,,
INV-502562,2025-08-06,Quarrymead Kitchens Ltd,Catering & Hospitality,Corporate,CC-900,,1673.02,GBP,,,,
INV-500388,2025-08-07,Clearwater Facilities Ltd,Facilities Management,Ports & Terminals,CC-220,PO-4505925,10878.35,GBP,CT-2025-107,,,
INV-501325,2025-08-07,Juniper Learning PLC,Training & Development,Ports & Terminals,CC-220,PO-4520866,1561.38,GBP,CT-2025-121,,,
INV-502080,2025-08-07,Deepwell Telecom Ltd,Telecoms,Marine Fleet,CC-330,PO-4598473,5774.41,GBP,,,,
INV-502517,2025-08-07,Deepwell Towage PLC,Marine Services,Corporate,CC-900,PO-4522039,2711.08,GBP,,,,
INV-503250,2025-08-07,Yarrow Property Care Ltd,Facilities Management,Ports & Terminals,CC-220,PO-4561150,43.54,GBP,,,,
INV-500037,2025-08-08,Wavecrest Bearings Ltd,MRO & Spare Parts,Corporate,CC-900,PO-4519520,33889.16,GBP,CT-2024-100,"Stainless bolts M12x50, box of 50",817,41.48
INV-500042,2025-08-08,Wavecrest Bearings Ltd,MRO & Spare Parts,Corporate,CC-900,PO-4578358,17192.08,GBP,CT-2024-100,"Hydraulic hose 1/2in, per metre",1382,12.44
INV-500397,2025-08-08,Clearwater Facilities Ltd,Facilities Management,Ports & Terminals,CC-220,PO-4549936,8436.79,GBP,CT-2025-107,,,
INV-501266,2025-08-08,Juniper Learning PLC,Training & Development,Corporate,CC-900,PO-4526450,4154.9,GBP,CT-2025-121,,,
INV-500275,2025-08-09,Wavecrest Couriers SAS,Logistics & Freight,Marine Fleet,CC-330,PO-4525681,13109.27,EUR,CT-2024-104,,,
INV-501019,2025-08-09,Oakridge Valves PLC,MRO & Spare Parts,Offshore Wind,CC-110,PO-4552359,4655.76,GBP,CT-2024-116,"Stainless bolts M12x50, box of 50",114,40.84
INV-501304,2025-08-09,Juniper Learning PLC,Training & Development,Ports & Terminals,CC-220,PO-4525260,4576.97,GBP,CT-2025-121,,,
INV-502014,2025-08-09,Kingsway Facilities Ltd,Facilities Management,Corporate,CC-900,,3796.81,GBP,CT-2025-153,,,
INV-503144,2025-08-09,Keelson Training PLC,Training & Development,Offshore Wind,CC-110,PO-4509239,353.41,GBP,,,,
INV-500464,2025-08-10,Castlegate Media Ltd,Marketing & Events,Offshore Wind,CC-110,PO-4576116,6548.22,GBP,,,,
INV-501449,2025-08-10,Merrow Events Ltd,Marketing & Events,Ports & Terminals,CC-220,,4137.67,GBP,CT-2024-124,,,
INV-501639,2025-08-10,Ironbridge Diving Services Limited,Marine Services,Offshore Wind,CC-110,PO-4579449,7203.31,GBP,CT-2025-133,,,
INV-502912,2025-08-10,Wavecrest Creative & Co,Marketing & Events,Corporate,CC-900,PO-4597175,818.22,GBP,,,,
INV-503171,2025-08-10,Harrowgate Networks Inc,IT Hardware & Software,Corporate,CC-900,PO-4552325,1790.42,USD,,Rugged tablet,1,1790.42
INV-500187,2025-08-11,Ironbridge Stationers Ltd,Office Supplies,Marine Fleet,CC-330,PO-4598531,17248.16,GBP,CT-2025-103,"A4 copier paper, box of 5 reams",872,19.78
INV-500189,2025-08-11,Ironbridge Stationers Ltd,Office Supplies,Marine Fleet,CC-330,PO-4583830,25037.28,GBP,CT-2025-103,Ergonomic office chair,144,173.87
INV-500200,2025-08-11,Ironbridge Stationers Ltd,Office Supplies,Marine Fleet,CC-330,PO-4567078,21862.44,GBP,CT-2025-103,"Lever arch files, pack of 10",1674,13.06
INV-500320,2025-08-11,Anchorline Advisory PLC,Professional Services,Marine Fleet,CC-330,,11139.09,GBP,CT-2025-105,,,
INV-500344,2025-08-11,Merrow Workwear Ltd,Safety & PPE,Corporate,CC-900,PO-4571161,18348.88,GBP,CT-2024-106,"Hi-vis jacket, class 3",638,28.76
INV-500399,2025-08-11,Clearwater Facilities Ltd,Facilities Management,Ports & Terminals,CC-220,PO-4562540,5612.63,GBP,CT-2025-107,,,
INV-500801,2025-08-11,Shorewell Digital LLC,IT Hardware & Software,Ports & Terminals,CC-220,PO-4571538,9230.76,USD,,27in monitor,28,329.67
INV-501086,2025-08-11,Stonehaven Construction PLC,Construction & Civils,Offshore Wind,CC-110,PO-4583556,6543.2,GBP,CT-2024-118,,,
INV-501091,2025-08-11,Stonehaven Construction PLC,Construction & Civils,Offshore Wind,CC-110,PO-4559496,8331.94,GBP,CT-2024-118,,,
INV-501208,2025-08-11,Heathmere Cleaning Limited,Facilities Management,Offshore Wind,CC-110,PO-4536008,2898.96,GBP,CT-2024-120,,,
INV-501238,2025-08-11,Heathmere Cleaning Limited,Facilities Management,Marine Fleet,CC-330,PO-4565746,5134.32,GBP,,,,
INV-501406,2025-08-11,Starboard Pumps & Co,MRO & Spare Parts,Offshore Wind,CC-110,PO-4583387,6174.4,GBP,CT-2025-123,"Stainless bolts M12x50, box of 50",136,45.4
INV-501517,2025-08-11,Greystone Telecom Ltd,Telecoms,Corporate,CC-900,PO-4517408,20096.87,GBP,CT-2025-127,,,
INV-501754,2025-08-11,Anchorline Marine PLC,Marine Services,Ports & Terminals,CC-220,PO-4575965,9001.91,GBP,,,,
INV-501795,2025-08-11,Tarnside Staffing Ltd,Temporary Labour,Marine Fleet,CC-330,PO-4527931,4311.12,GBP,,,,
INV-501928,2025-08-11,Lanyard Kitchens Ltd,Catering & Hospitality,Offshore Wind,CC-110,,2672.92,GBP,CT-2025-149,,,
INV-501987,2025-08-11,Whitcombe Haulage SAS,Logistics & Freight,Offshore Wind,CC-110,PO-4585000,3556.75,EUR,,,,
INV-502467,2025-08-11,Harrowgate Maintenance Ltd,Facilities Management,Marine Fleet,CC-330,,5498.12,GBP,CT-2025-189,,,
INV-502655,2025-08-11,Windrush Digital & Co,IT Hardware & Software,Marine Fleet,CC-330,PO-4517315,2295.04,GBP,,"Laptop, 14in business",2,1147.52
INV-502933,2025-08-11,Yarrow Hospitality & Co,Catering & Hospitality,Corporate,CC-900,,732.31,GBP,,,,
INV-500173,2025-08-12,Ironbridge Stationers Ltd,Office Supplies,Marine Fleet,CC-330,PO-4520358,20867.9,GBP,CT-2025-103,"A4 copier paper, box of 5 reams",1055,19.78
INV-500206,2025-08-12,Ironbridge Stationers Ltd,Office Supplies,Marine Fleet,CC-330,PO-4586458,9435.06,GBP,CT-2025-103,"A4 copier paper, box of 5 reams",477,19.78
INV-500456,2025-08-12,Castlegate Media Ltd,Marketing & Events,Offshore Wind,CC-110,PO-4543273,9063.4,GBP,CT-2024-108,,,
INV-500688,2025-08-12,Bayfront Hydraulics Ltd,MRO & Spare Parts,Offshore Wind,CC-110,PO-4593640,7625.19,GBP,CT-2025-111,Gate valve DN50 PN16,43,177.33
INV-501390,2025-08-12,Starboard Pumps & Co,MRO & Spare Parts,Offshore Wind,CC-110,PO-4504836,4862.34,GBP,,"Hydraulic hose 1/2in, per metre",357,13.62
INV-501516,2025-08-12,Greystone Telecom Ltd,Telecoms,Ports & Terminals,CC-220,PO-4531051,12596.99,GBP,CT-2025-127,,,
INV-501691,2025-08-12,Saltmarsh Kitchens PLC,Catering & Hospitality,Corporate,CC-900,PO-4505488,8395.44,GBP,,,,
INV-502516,2025-08-12,Deepwell Towage PLC,Marine Services,Corporate,CC-900,PO-4543330,3088.29,GBP,,,,
INV-502742,2025-08-12,Oakridge Advisory Limited,Professional Services,Ports & Terminals,CC-220,PO-4586372,1374.35,GBP,,,,
INV-500048,2025-08-13,Wavecrest Bearings Ltd,MRO & Spare Parts,Corporate,CC-900,PO-4516729,31441.84,GBP,CT-2024-100,"Stainless bolts M12x50, box of 50",758,41.48
INV-500231,2025-08-13,Wavecrest Couriers SAS,Logistics & Freight,Marine Fleet,CC-330,PO-4542439,11737,EUR,CT-2024-104,,,
INV-500438,2025-08-13,Clearwater Facilities Ltd,Facilities Management,Ports & Terminals,CC-220,PO-4571880,10025.82,GBP,,,,
INV-500732,2025-08-13,Foxley Systems Inc,IT Hardware & Software,Corporate,CC-900,PO-4563885,8640.35,USD,CT-2024-112,"Laptop, 14in business",5,1728.07
INV-500844,2025-08-13,Shorewell Digital LLC,IT Hardware & Software,Ports & Terminals,CC-220,PO-4568290,11222.28,USD,CT-2025-113,Rugged tablet,6,1870.38
INV-501430,2025-08-13,Merrow Events Ltd,Marketing & Events,Ports & Terminals,CC-220,PO-4551218,2783.27,GBP,CT-2024-124,,,
INV-502155,2025-08-13,Saltmarsh Travel Limited,Travel & Accommodation,Offshore Wind,CC-110,PO-4557142,1038.19,GBP,,,,
INV-502211,2025-08-13,Clearwater Staffing Ltd,Temporary Labour,Corporate,CC-900,,3716.68,GBP,,,,
INV-502399,2025-08-13,Shorewell Cleaning & Co,Facilities Management,Offshore Wind,CC-110,PO-4565993,2095.75,GBP,,,,
INV-502496,2025-08-13,Quarrymead Marine A/S,Marine Services,Marine Fleet,CC-330,,1819.79,EUR,,,,
INV-502826,2025-08-13,Portland Events & Co,Marketing & Events,Marine Fleet,CC-330,PO-4549339,451.07,GBP,,,,
INV-503240,2025-08-13,Lanyard Training PLC,Training & Development,Marine Fleet,CC-330,PO-4510332,427.16,GBP,,,,
INV-503327,2025-08-13,Solent Engineering Supplies PLC,MRO & Spare Parts,Offshore Wind,CC-110,,39.12,GBP,,"Stainless bolts M12x50, box of 50",1,39.12
INV-500530,2025-08-14,Castlegate Media Ltd,Marketing & Events,Offshore Wind,CC-110,PO-4521961,8196.75,GBP,CT-2024-108,,,
INV-501480,2025-08-14,Coastway Property Care Limited,Facilities Management,Corporate,CC-900,PO-4511762,9848.63,GBP,CT-2025-125,,,
INV-501778,2025-08-14,Tarnside Staffing Ltd,Temporary Labour,Marine Fleet,CC-330,PO-4542807,6494.07,GBP,,,,
INV-501952,2025-08-14,Tarnside Haulage PLC,Logistics & Freight,Ports & Terminals,CC-220,PO-4524188,5482.04,GBP,,,,
INV-502262,2025-08-14,Harrowgate Stationers Ltd,Office Supplies,Offshore Wind,CC-110,,3193.6,GBP,CT-2025-167,"Toner cartridge, black, high yield",40,79.84
INV-502681,2025-08-14,Quarrymead Office Supplies Ltd,Office Supplies,Corporate,CC-900,PO-4515588,1922.9,GBP,,"Ballpoint pens, box of 50",205,9.38
INV-500064,2025-08-15,Westerly Safety PLC,Safety & PPE,Offshore Wind,CC-110,PO-4532567,9703.98,GBP,CT-2025-101,"Hi-vis jacket, class 3",429,22.62
INV-500117,2025-08-15,Ravensworth Pumps Limited,MRO & Spare Parts,Marine Fleet,CC-330,PO-4549762,10735.92,GBP,CT-2024-102,Ball bearing 6205-2RS,1612,6.66
INV-500764,2025-08-15,Foxley Systems Inc,IT Hardware & Software,Corporate,CC-900,PO-4515017,12096.49,USD,CT-2024-112,"Laptop, 14in business",7,1728.07
INV-500852,2025-08-15,Shorewell Digital LLC,IT Hardware & Software,Corporate,CC-900,PO-4546546,5813,USD,CT-2025-113,"Laptop, 14in business",4,1453.25
INV-501565,2025-08-15,Juniper Recruitment Ltd,Temporary Labour,Ports & Terminals,CC-220,PO-4559936,2430.82,GBP,CT-2025-129,,,
INV-501744,2025-08-15,Anchorline Marine PLC,Marine Services,Ports & Terminals,CC-220,PO-4564965,8615.26,GBP,,,,
INV-502132,2025-08-15,Saltmarsh Travel Limited,Travel & Accommodation,Marine Fleet,CC-330,PO-4555922,2210.51,GBP,,,,
INV-502180,2025-08-15,Westerly Water Ltd,Energy & Utilities,Ports & Terminals,CC-220,PO-4584814,1320.4,GBP,CT-2025-161,,,
INV-502186,2025-08-15,Westerly Water Ltd,Energy & Utilities,Ports & Terminals,CC-220,,2578.42,GBP,CT-2025-161,,,
INV-502709,2025-08-15,Shorewell Networks LLC,IT Hardware & Software,Offshore Wind,CC-110,PO-4577686,3034.32,USD,,27in monitor,8,379.29
INV-500170,2025-08-16,Ironbridge Stationers Ltd,Office Supplies,Marine Fleet,CC-330,PO-4562679,14444.36,GBP,,"Lever arch files, pack of 10",1106,13.06
INV-501704,2025-08-16,Thistle Software LLC,IT Hardware & Software,Offshore Wind,CC-110,PO-4571161,4131.08,USD,,Rugged tablet,2,2065.54
INV-502352,2025-08-16,Quarrymead Events Ltd,Marketing & Events,Ports & Terminals,CC-220,PO-4512110,3171.51,GBP,,,,
INV-503390,2025-08-16,Juniper Recruitment Ltd.,Temporary Labour,Ports & Terminals,CC-900,,3050.59,GBP,,,,
INV-500051,2025-08-17,Wavecrest Bearings Ltd,MRO & Spare Parts,Corporate,CC-900,PO-4527221,29445.99,GBP,CT-2024-100,Centrifugal pump seal kit,281,104.79
INV-500075,2025-08-17,Westerly Safety PLC,Safety & PPE,Offshore Wind,CC-110,PO-4592301,11368.32,GBP,CT-2025-101,"Nitrile gloves, box of 100",1528,7.44
INV-500172,2025-08-17,Ironbridge Stationers Ltd,Office Supplies,Marine Fleet,CC-330,PO-4505641,23442.7,GBP,CT-2025-103,"Lever arch files, pack of 10",1795,13.06
INV-500198,2025-08-17,Ironbridge Stationers Ltd,Office Supplies,Marine Fleet,CC-330,PO-4585275,23481.88,GBP,CT-2025-103,"Lever arch files, pack of 10",1798,13.06
INV-500199,2025-08-17,Ironbridge Stationers Ltd,Office Supplies,Offshore Wind,CC-110,PO-4585850,13608.64,GBP,CT-2025-103,"Toner cartridge, black, high yield",172,79.12
INV-500681,2025-08-17,Bayfront Hydraulics Ltd,MRO & Spare Parts,Ports & Terminals,CC-220,PO-4548537,5176.35,GBP,CT-2025-111,Centrifugal pump seal kit,45,115.03
INV-500809,2025-08-17,Shorewell Digital LLC,IT Hardware & Software,Offshore Wind,CC-110,,11538.45,USD,CT-2025-113,27in monitor,35,329.67
INV-501525,2025-08-17,Pembury Civils PLC,Construction & Civils,Ports & Terminals,CC-220,PO-4563477,7223.37,GBP,CT-2024-128,,,
INV-501566,2025-08-17,Juniper Recruitment Ltd,Temporary Labour,Ports & Terminals,CC-220,PO-4565621,3418.1,GBP,CT-2025-129,,,
INV-501724,2025-08-17,Driftwood Industrial & Co,MRO & Spare Parts,Corporate,CC-900,PO-4555550,13685,GBP,,Gate valve DN50 PN16,100,136.85
INV-501822,2025-08-17,Quarrymead Terminals A/S,Port & Terminal Services,Ports & Terminals,CC-220,PO-4527112,4001.84,EUR,,,,
INV-502040,2025-08-17,Clearwater Civils Ltd,Construction & Civils,Ports & Terminals,CC-220,PO-4596451,5415.35,GBP,,,,
INV-502278,2025-08-17,Juniper Staffing Limited,Temporary Labour,Corporate,CC-900,PO-4584288,1783.76,GBP,CT-2024-168,,,
INV-502409,2025-08-17,Fairhaven Facilities Ltd,Facilities Management,Offshore Wind,CC-110,PO-4571326,1633.49,GBP,,,,
INV-500333,2025-08-18,Anchorline Advisory PLC,Professional Services,Marine Fleet,CC-330,PO-4524163,11067.97,GBP,,,,
INV-500401,2025-08-18,Clearwater Facilities Ltd,Facilities Management,Ports & Terminals,CC-220,PO-4501136,7756.09,GBP,CT-2025-107,,,
INV-500488,2025-08-18,Castlegate Media Ltd,Marketing & Events,Ports & Terminals,CC-220,PO-4555584,8935.01,GBP,CT-2024-108,,,
INV-500561,2025-08-18,Coastway Fuels Inc,Fuel & Lubricants,Corporate,CC-900,PO-4522311,17190.35,USD,CT-2025-109,,,
INV-500569,2025-08-18,Coastway Fuels Inc,Fuel & Lubricants,Corporate,CC-900,PO-4597285,5582,USD,CT-2025-109,,,
INV-500704,2025-08-18,Bayfront Hydraulics Ltd,MRO & Spare Parts,Offshore Wind,CC-110,PO-4567996,3415,GBP,CT-2025-111,"Hydraulic hose 1/2in, per metre",250,13.66
INV-500731,2025-08-18,Bayfront Hydraulics Ltd,MRO & Spare Parts,Offshore Wind,CC-110,PO-4545052,9221.16,GBP,CT-2025-111,Gate valve DN50 PN16,52,177.33
INV-500743,2025-08-18,Foxley Systems Inc,IT Hardware & Software,Corporate,CC-900,PO-4560483,10368.42,USD,CT-2024-112,"Laptop, 14in business",6,1728.07
INV-500897,2025-08-18,Shorewell Safety Ltd,Safety & PPE,Corporate,CC-900,,5983.7,GBP,CT-2024-114,"Safety boots, S3",106,56.45
INV-501585,2025-08-18,Starboard Fasteners BV,MRO & Spare Parts,Ports & Terminals,CC-220,PO-4537999,15568.52,EUR,CT-2024-130,Ball bearing 6205-2RS,1804,8.63
INV-502345,2025-08-18,Coastway Hotels & Co,Travel & Accommodation,Corporate,CC-900,,4038.41,GBP,,,,
INV-502578,2025-08-18,Ironbridge Hotels PLC,Travel & Accommodation,Marine Fleet,CC-330,PO-4537344,2757.43,GBP,,,,
INV-502998,2025-08-18,Portland Freight PLC,Logistics & Freight,Marine Fleet,CC-330,PO-4516707,976.95,GBP,,,,
INV-500102,2025-08-19,Westerly Safety PLC,Safety & PPE,Offshore Wind,CC-110,PO-4526447,19235.35,GBP,CT-2025-101,"Safety helmet, EN397",1237,15.55
INV-500126,2025-08-19,Ravensworth Pumps Limited,MRO & Spare Parts,Marine Fleet,CC-330,PO-4547194,18118.02,GBP,CT-2024-102,Gate valve DN50 PN16,114,158.93
INV-501988,2025-08-19,Whitcombe Haulage SAS,Logistics & Freight,Offshore Wind,CC-110,PO-4562207,4914.35,EUR,,,,
INV-502224,2025-08-19,Merrow Office Supplies & Co,Office Supplies,Corporate,CC-900,PO-4507357,3004.9,GBP,,"Ballpoint pens, box of 50",302,9.95
INV-500765,2025-08-20,Foxley Systems Inc,IT Hardware & Software,Ports & Terminals,CC-220,PO-4599385,13344.48,USD,,Rugged tablet,6,2224.08
INV-501067,2025-08-20,Stonehaven Construction PLC,Construction & Civils,Marine Fleet,CC-330,PO-4532709,6256.93,GBP,CT-2024-118,,,
INV-501617,2025-08-20,Upton Kitchens Ltd,Catering & Hospitality,Offshore Wind,CC-110,,3935.47,GBP,CT-2024-132,,,
INV-501872,2025-08-20,Greystone PPE Supplies PLC,Safety & PPE,Offshore Wind,CC-110,PO-4551629,6955.2,GBP,CT-2025-145,"Nitrile gloves, box of 100",805,8.64
INV-502007,2025-08-20,Bayfront Advisory Ltd,Professional Services,Marine Fleet,CC-330,PO-4556675,5743.01,GBP,,,,
INV-502131,2025-08-20,Saltmarsh Travel Limited,Travel & Accommodation,Offshore Wind,CC-110,,2390.44,GBP,,,,
INV-502308,2025-08-20,Wavecrest Travel Limited,Travel & Accommodation,Corporate,CC-900,PO-4534223,2261.84,GBP,,,,
INV-502425,2025-08-20,Saltmarsh Cleaning & Co,Facilities Management,Offshore Wind,CC-110,PO-4577617,4663.85,GBP,CT-2025-183,,,
INV-502646,2025-08-20,Pembury Couriers Ltd,Logistics & Freight,Offshore Wind,CC-110,PO-4583912,2545.17,GBP,,,,
INV-503054,2025-08-20,Juniper Print Ltd,Marketing & Events,Offshore Wind,CC-110,PO-4554583,405.23,GBP,,,,
INV-503359,2025-08-20,Westerly PPE Supplies A/S,Safety & PPE,Marine Fleet,CC-330,PO-4534277,32.52,EUR,,"Hi-vis jacket, class 3",1,32.52
INV-500112,2025-08-21,Ravensworth Pumps Limited,MRO & Spare Parts,Marine Fleet,CC-330,PO-4574504,21455.55,GBP,CT-2024-102,Gate valve DN50 PN16,135,158.93
INV-500918,2025-08-21,Shorewell Safety Ltd,Safety & PPE,Corporate,CC-900,PO-4529830,3104.75,GBP,,"Safety boots, S3",55,56.45
INV-501389,2025-08-21,Starboard Pumps & Co,MRO & Spare Parts,Marine Fleet,CC-330,PO-4512091,5046.36,GBP,CT-2025-123,Centrifugal pump seal kit,44,114.69
INV-501453,2025-08-21,Merrow Events Ltd,Marketing & Events,Ports & Terminals,CC-220,PO-4572956,2315.38,GBP,CT-2024-124,,,
INV-502197,2025-08-21,Westerly Water Ltd,Energy & Utilities,Ports & Terminals,CC-220,,2786.34,GBP,CT-2025-161,,,
INV-502925,2025-08-21,Lanyard Industrial Limited,MRO & Spare Parts,Offshore Wind,CC-110,PO-4505803,1189.88,GBP,,Ball bearing 6205-2RS,197,6.04
INV-502981,2025-08-21,Stonehaven Networks & Co,IT Hardware & Software,Ports & Terminals,CC-220,PO-4540686,1096.61,GBP,,"Laptop, 14in business",1,1096.61
INV-503392,2025-08-21,Merrow Facilities Limited,Facilities Management,Corporate,CC-900,,2136.69,GBP,,,,
INV-500338,2025-08-22,Merrow Workwear Ltd,Safety & PPE,Ports & Terminals,CC-220,PO-4525846,18777.99,GBP,CT-2024-106,"Ear defenders, SNR 30",847,22.17
INV-500351,2025-08-22,Merrow Workwear Ltd,Safety & PPE,Ports & Terminals,CC-220,PO-4578893,13920.9,GBP,CT-2024-106,"Nitrile gloves, box of 100",1470,9.47
INV-500468,2025-08-22,Castlegate Media Ltd,Marketing & Events,Offshore Wind,CC-110,,9351.77,GBP,CT-2024-108,,,
INV-500620,2025-08-22,Quarrymead Stevedoring A/S,Port & Terminal Services,Ports & Terminals,CC-220,PO-4541393,4970.07,EUR,CT-2024-110,,,
INV-500843,2025-08-22,Shorewell Digital LLC,IT Hardware & Software,Ports & Terminals,CC-220,PO-4555784,11626,USD,CT-2025-113,"Laptop, 14in business",8,1453.25
INV-500976,2025-08-22,Oakridge Valves PLC,MRO & Spare Parts,Offshore Wind,CC-110,PO-4540977,7680.75,GBP,CT-2024-116,"Hydraulic hose 1/2in, per metre",627,12.25
INV-501022,2025-08-22,Juniper Events & Co,Marketing & Events,Ports & Terminals,CC-220,PO-4593532,4688.99,GBP,CT-2025-117,,,
INV-501292,2025-08-22,Juniper Learning PLC,Training & Development,Ports & Terminals,CC-220,PO-4501180,5440.99,GBP,CT-2025-121,,,
INV-501648,2025-08-22,Ironbridge Diving Services Limited,Marine Services,Offshore Wind,CC-110,PO-4568564,4444.31,GBP,CT-2025-133,,,
INV-502385,2025-08-22,Thistle Facilities Limited,Facilities Management,Corporate,CC-900,PO-4574754,2822.36,GBP,,,,
INV-502553,2025-08-22,Windrush Print Ltd,Marketing & Events,Marine Fleet,CC-330,PO-4513614,6163.63,GBP,,,,
INV-500012,2025-08-23,Wavecrest Bearings Ltd,MRO & Spare Parts,Corporate,CC-900,PO-4587238,16962.75,GBP,,Gate valve DN50 PN16,105,161.55
INV-500572,2025-08-23,Coastway Fuels Inc,Fuel & Lubricants,Corporate,CC-900,PO-4534832,18537.36,USD,CT-2025-109,,,
INV-500744,2025-08-23,Foxley Systems Inc,IT Hardware & Software,Offshore Wind,CC-110,PO-4521174,5488.14,USD,CT-2024-112,27in monitor,14,392.01
INV-501107,2025-08-23,Kingsway Fasteners PLC,MRO & Spare Parts,Marine Fleet,CC-330,,2034,GBP,CT-2025-119,Gate valve DN50 PN16,12,169.5
INV-501589,2025-08-23,Starboard Fasteners BV,MRO & Spare Parts,Offshore Wind,CC-110,,17933.1,EUR,CT-2024-130,"Hydraulic hose 1/2in, per metre",1130,15.87
INV-502028,2025-08-23,Kingsway Facilities Ltd,Facilities Management,Corporate,CC-900,,2672.8,GBP,,,,
INV-502099,2025-08-23,Driftwood Bearings & Co,MRO & Spare Parts,Marine Fleet,CC-330,PO-4533932,1254.68,GBP,,"Stainless bolts M12x50, box of 50",28,44.81
INV-502190,2025-08-23,Westerly Water Ltd,Energy & Utilities,Ports & Terminals,CC-220,PO-4503004,2523.82,GBP,CT-2025-161,,,
INV-502836,2025-08-23,Yarrow Furniture Ltd,Office Supplies,Offshore Wind,CC-110,PO-4586873,554.9,GBP,,"Ballpoint pens, box of 50",62,8.95
INV-500176,2025-08-24,Ironbridge Stationers Ltd,Office Supplies,Marine Fleet,CC-330,PO-4569631,11689.98,GBP,CT-2025-103,"A4 copier paper, box of 5 reams",591,19.78
INV-500479,2025-08-24,Castlegate Media Ltd,Marketing & Events,Marine Fleet,CC-330,PO-4555383,4280.52,GBP,CT-2024-108,,,
INV-500883,2025-08-24,Shorewell Safety Ltd,Safety & PPE,Marine Fleet,CC-330,PO-4558007,6701.08,GBP,CT-2024-114,"Nitrile gloves, box of 100",932,7.19
INV-500928,2025-08-24,Blackwater Travel PLC,Travel & Accommodation,Marine Fleet,CC-330,PO-4513148,18107.23,GBP,CT-2025-115,,,
INV-501283,2025-08-24,Juniper Learning PLC,Training & Development,Ports & Terminals,CC-220,PO-4593632,3409.94,GBP,CT-2025-121,,,
INV-503314,2025-08-24,Vantage Media PLC,Marketing & Events,Ports & Terminals,CC-220,,73.82,GBP,,,,
INV-500430,2025-08-25,Clearwater Facilities Ltd,Facilities Management,Ports & Terminals,CC-220,PO-4599032,10053.9,GBP,,,,
INV-500857,2025-08-25,Shorewell Digital LLC,IT Hardware & Software,Ports & Terminals,CC-220,PO-4591499,11101,USD,CT-2025-113,Docking station USB-C,50,222.02
INV-500908,2025-08-25,Shorewell Safety Ltd,Safety & PPE,Ports & Terminals,CC-220,PO-4549991,6113.14,GBP,CT-2024-114,"Safety helmet, EN397",407,15.02
INV-500956,2025-08-25,Blackwater Travel PLC,Travel & Accommodation,Marine Fleet,CC-330,PO-4561800,13172.59,GBP,CT-2025-115,,,
INV-502366,2025-08-25,Stonehaven Property Care Ltd,Facilities Management,Marine Fleet,CC-330,PO-4528552,2640.15,GBP,,,,
INV-502481,2025-08-25,Harrowgate Furniture Ltd,Office Supplies,Corporate,CC-900,PO-4546670,1912.33,GBP,,"Lever arch files, pack of 10",119,16.07
INV-503023,2025-08-25,Merrow Energy & Co,Energy & Utilities,Corporate,CC-900,PO-4583075,435.05,GBP,,,,
INV-503337,2025-08-25,Foxley Academy & Co,Training & Development,Corporate,CC-900,PO-4580571,36.01,GBP,,,,
INV-500020,2025-08-26,Wavecrest Bearings Ltd,MRO & Spare Parts,Corporate,CC-900,PO-4586801,21377.16,GBP,CT-2024-100,Centrifugal pump seal kit,204,104.79
INV-500623,2025-08-26,Quarrymead Stevedoring A/S,Port & Terminal Services,Ports & Terminals,CC-220,PO-4551820,13697.65,EUR,CT-2024-110,,,
INV-500905,2025-08-26,Shorewell Safety Ltd,Safety & PPE,Corporate,CC-900,PO-4545609,4544.8,GBP,CT-2024-114,"Hi-vis jacket, class 3",208,21.85
INV-501803,2025-08-26,Quarrymead Terminals A/S,Port & Terminal Services,Marine Fleet,CC-330,PO-4558025,5675.21,EUR,,,,
INV-502207,2025-08-26,Clearwater Staffing Ltd,Temporary Labour,Marine Fleet,CC-330,PO-4511709,2564.78,GBP,,,,
INV-502302,2025-08-26,Wavecrest Travel Limited,Travel & Accommodation,Corporate,CC-900,PO-4551517,1449.52,GBP,,,,
INV-502638,2025-08-26,Stonehaven PPE Supplies A/S,Safety & PPE,Marine Fleet,CC-330,PO-4568503,2722.5,EUR,,"Ear defenders, SNR 30",125,21.78
INV-502663,2025-08-26,Westerly Comms Ltd,Telecoms,Marine Fleet,CC-330,PO-4572126,4132.65,GBP,,,,
INV-502779,2025-08-26,Wavecrest PPE Supplies & Co,Safety & PPE,Marine Fleet,CC-330,PO-4518937,1291.22,GBP,,"Safety boots, S3",23,56.14
INV-502969,2025-08-26,Greystone Media & Co,Marketing & Events,Offshore Wind,CC-110,PO-4534523,602.8,GBP,,,,
INV-503175,2025-08-26,Harrowgate Networks Inc,IT Hardware & Software,Corporate,CC-900,PO-4591176,212.53,USD,,Docking station USB-C,1,212.53
INV-500840,2025-08-27,Shorewell Digital LLC,IT Hardware & Software,Ports & Terminals,CC-220,PO-4543065,7481.52,USD,CT-2025-113,Rugged tablet,4,1870.38
INV-501436,2025-08-27,Merrow Events Ltd,Marketing & Events,Ports & Terminals,CC-220,PO-4539346,2057.65,GBP,CT-2024-124,,,
INV-501925,2025-08-27,Blackwater Stationers & Co,Office Supplies,Offshore Wind,CC-110,PO-4566658,4369.82,GBP,,"A4 copier paper, box of 5 reams",182,24.01
INV-500098,2025-08-28,Westerly Safety PLC,Safety & PPE,Offshore Wind,CC-110,PO-4537222,9640.95,GBP,CT-2025-101,"Safety boots, S3",165,58.43
INV-500337,2025-08-28,Anchorline Advisory PLC,Professional Services,Marine Fleet,CC-330,PO-4507340,21399.27,GBP,CT-2025-105,,,
INV-500671,2025-08-28,Bayfront Hydraulics Ltd,MRO & Spare Parts,Offshore Wind,CC-110,PO-4530224,6174.32,GBP,,"Hydraulic hose 1/2in, per metre",452,13.66
INV-500977,2025-08-28,Oakridge Valves PLC,MRO & Spare Parts,Offshore Wind,CC-110,PO-4587099,2768.5,GBP,CT-2024-116,"Hydraulic hose 1/2in, per metre",226,12.25
INV-501394,2025-08-28,Starboard Pumps & Co,MRO & Spare Parts,Ports & Terminals,CC-220,PO-4513897,10431.79,GBP,CT-2025-123,Gate valve DN50 PN16,59,176.81
INV-501621,2025-08-28,Upton Kitchens Ltd,Catering & Hospitality,Offshore Wind,CC-110,PO-4500852,8211.52,GBP,CT-2024-132,,,
INV-501637,2025-08-28,Ironbridge Diving Services Limited,Marine Services,Corporate,CC-900,,5977.06,GBP,CT-2025-133,,,
INV-502334,2025-08-28,Pembury Diving Services Ltd,Marine Services,Marine Fleet,CC-330,,3245.15,GBP,,,,
INV-500348,2025-08-29,Merrow Workwear Ltd,Safety & PPE,Ports & Terminals,CC-220,PO-4564825,23995.67,GBP,CT-2024-106,"Safety boots, S3",323,74.29
INV-501445,2025-08-29,Merrow Events Ltd,Marketing & Events,Ports & Terminals,CC-220,PO-4563115,2894.18,GBP,CT-2024-124,,,
INV-501863,2025-08-29,Deepwell Diving Services PLC,Marine Services,Marine Fleet,CC-330,,8951.77,GBP,,,,
INV-502068,2025-08-29,Keelson Diving Services & Co,Marine Services,Offshore Wind,CC-110,PO-4534830,2369.64,GBP,,,,
INV-502461,2025-08-29,Stonehaven Digital LLC,IT Hardware & Software,Corporate,CC-900,PO-4568852,9527.04,USD,CT-2024-188,"Laptop, 14in business",6,1587.84
INV-502473,2025-08-29,Solent Couriers PLC,Logistics & Freight,Marine Fleet,CC-330,PO-4528190,1469.26,GBP,,,,
INV-502783,2025-08-29,Keelson Stationers PLC,Office Supplies,Ports & Terminals,CC-220,PO-4515457,1468.5,GBP,,"Lever arch files, pack of 10",110,13.35
INV-502794,2025-08-29,Solent Furniture Ltd,Office Supplies,Marine Fleet,CC-330,PO-4542838,1473.92,GBP,,"Lever arch files, pack of 10",98,15.04
INV-503047,2025-08-29,Ironbridge Build Ltd,Construction & Civils,Corporate,CC-900,PO-4525602,625.67,GBP,,,,
INV-503147,2025-08-29,Lowther Systems Limited,IT Hardware & Software,Marine Fleet,CC-330,,347.8,GBP,,Docking station USB-C,2,173.9
INV-500234,2025-08-30,Wavecrest Couriers SAS,Logistics & Freight,Marine Fleet,CC-330,PO-4551891,21653.56,EUR,CT-2024-104,,,
INV-500276,2025-08-30,Wavecrest Couriers SAS,Logistics & Freight,Marine Fleet,CC-330,PO-4595343,10760.81,EUR,CT-2024-104,,,
INV-500332,2025-08-30,Anchorline Advisory PLC,Professional Services,Marine Fleet,CC-330,PO-4517223,20193.46,GBP,CT-2025-105,,,
INV-501127,2025-08-30,Kingsway Fasteners PLC,MRO & Spare Parts,Marine Fleet,CC-330,PO-4579619,1759.2,GBP,CT-2025-119,Centrifugal pump seal kit,16,109.95
INV-501378,2025-08-30,Coastway Logistics BV,Logistics & Freight,Corporate,CC-900,PO-4524055,6624.88,EUR,CT-2024-122,,,
INV-501550,2025-08-30,Juniper Recruitment Ltd,Temporary Labour,Ports & Terminals,CC-220,PO-4553575,4292.26,GBP,CT-2025-129,,,
INV-501722,2025-08-30,Driftwood Industrial & Co,MRO & Spare Parts,Marine Fleet,CC-330,PO-4558286,3865.4,GBP,,"Stainless bolts M12x50, box of 50",110,35.14
INV-502261,2025-08-30,Harrowgate Stationers Ltd,Office Supplies,Marine Fleet,CC-330,PO-4529649,5324.72,GBP,CT-2025-167,"Lever arch files, pack of 10",404,13.18
INV-502433,2025-08-30,Starboard Creative Limited,Marketing & Events,Ports & Terminals,CC-220,,2473.84,GBP,,,,
INV-502770,2025-08-30,Quarrymead Partners PLC,Professional Services,Offshore Wind,CC-110,PO-4589001,789.61,GBP,,,,
INV-500517,2025-08-31,Castlegate Media Ltd,Marketing & Events,Offshore Wind,CC-110,PO-4537902,4150.14,GBP,CT-2024-108,,,
INV-500902,2025-08-31,Shorewell Safety Ltd,Safety & PPE,Corporate,CC-900,PO-4512035,3760.37,GBP,CT-2024-114,"Nitrile gloves, box of 100",523,7.19
INV-501596,2025-08-31,Blackwater PPE Supplies & Co,Safety & PPE,Marine Fleet,CC-330,PO-4570995,9996,GBP,CT-2025-131,"Safety boots, S3",140,71.4
INV-501674,2025-08-31,Merrow Facilities Ltd,Facilities Management,Corporate,CC-900,PO-4567161,5435.31,GBP,CT-2024-134,,,
INV-502410,2025-08-31,Fairhaven Facilities Ltd,Facilities Management,Offshore Wind,CC-110,PO-4555893,3747.07,GBP,,,,
INV-502575,2025-08-31,Ironbridge Hotels PLC,Travel & Accommodation,Marine Fleet,CC-330,PO-4534506,1265.58,GBP,,,,
INV-502579,2025-08-31,Solent Pumps Ltd,MRO & Spare Parts,Marine Fleet,CC-330,PO-4582684,2799.06,GBP,,"Stainless bolts M12x50, box of 50",66,42.41
INV-502585,2025-08-31,Solent Pumps Ltd,MRO & Spare Parts,Marine Fleet,CC-330,PO-4554871,3689.67,GBP,,"Stainless bolts M12x50, box of 50",87,42.41
INV-502888,2025-08-31,Brightmoor Workwear Ltd,Safety & PPE,Ports & Terminals,CC-220,PO-4535665,974.25,GBP,,"Safety boots, S3",15,64.95
INV-500287,2025-09-01,Anchorline Advisory PLC,Professional Services,Marine Fleet,CC-330,PO-4519962,13551.05,GBP,CT-2025-105,,,
INV-500331,2025-09-01,Anchorline Advisory PLC,Professional Services,Marine Fleet,CC-330,PO-4582809,18879,GBP,CT-2025-105,,,
INV-500457,2025-09-01,Castlegate Media Ltd,Marketing & Events,Offshore Wind,CC-110,PO-4546291,9910.36,GBP,CT-2024-108,,,
INV-500643,2025-09-01,Quarrymead Stevedoring A/S,Port & Terminal Services,Marine Fleet,CC-330,PO-4584775,14254.13,EUR,CT-2024-110,,,
INV-500978,2025-09-01,Oakridge Valves PLC,MRO & Spare Parts,Offshore Wind,CC-110,PO-4509418,6371.04,GBP,CT-2024-116,"Stainless bolts M12x50, box of 50",156,40.84
INV-501611,2025-09-01,Upton Kitchens Ltd,Catering & Hospitality,Offshore Wind,CC-110,PO-4505594,6353.4,GBP,CT-2024-132,,,
INV-502775,2025-09-01,Wavecrest PPE Supplies & Co,Safety & PPE,Marine Fleet,CC-330,,2423.85,GBP,,"Nitrile gloves, box of 100",339,7.15
INV-502903,2025-09-01,Shorewell Recruitment Ltd,Temporary Labour,Offshore Wind,CC-110,PO-4504584,5120.89,GBP,,,,
INV-503018,2025-09-01,Seacroft Civils PLC,Construction & Civils,Ports & Terminals,CC-220,,1053.06,GBP,,,,
INV-500336,2025-09-02,Anchorline Advisory PLC,Professional Services,Marine Fleet,CC-330,,5501.94,GBP,CT-2025-105,,,
INV-500638,2025-09-02,Quarrymead Stevedoring A/S,Port & Terminal Services,Offshore Wind,CC-110,PO-4538046,9627.06,EUR,CT-2024-110,,,
INV-500965,2025-09-02,Oakridge Valves PLC,MRO & Spare Parts,Corporate,CC-900,PO-4567306,2269.74,GBP,CT-2024-116,Centrifugal pump seal kit,22,103.17
INV-501012,2025-09-02,Oakridge Valves PLC,MRO & Spare Parts,Offshore Wind,CC-110,PO-4526888,6284.25,GBP,CT-2024-116,"Hydraulic hose 1/2in, per metre",513,12.25
INV-501214,2025-09-02,Heathmere Cleaning Limited,Facilities Management,Marine Fleet,CC-330,PO-4579706,2600.81,GBP,CT-2024-120,,,
INV-501499,2025-09-02,Kingsway Staffing PLC,Temporary Labour,Ports & Terminals,CC-220,PO-4571453,18824.49,GBP,CT-2024-126,,,
INV-502195,2025-09-02,Westerly Water Ltd,Energy & Utilities,Ports & Terminals,CC-220,PO-4597470,1559.42,GBP,CT-2025-161,,,
INV-502381,2025-09-02,Thistle Facilities Limited,Facilities Management,Corporate,CC-900,PO-4592463,2935.79,GBP,CT-2024-178,,,
INV-502382,2025-09-02,Thistle Facilities Limited,Facilities Management,Corporate,CC-900,PO-4510813,1962.36,GBP,CT-2024-178,,,
INV-502636,2025-09-02,Stonehaven PPE Supplies A/S,Safety & PPE,Corporate,CC-900,PO-4536082,2874.16,EUR,,"Safety helmet, EN397",148,19.42
INV-502721,2025-09-02,Mariner Facilities Ltd,Facilities Management,Corporate,CC-900,PO-4505535,13783.28,GBP,,,,
INV-500255,2025-09-03,Wavecrest Couriers SAS,Logistics & Freight,Marine Fleet,CC-330,PO-4595185,20258.9,EUR,CT-2024-104,,,
INV-501205,2025-09-03,Heathmere Cleaning Limited,Facilities Management,Marine Fleet,CC-330,PO-4546538,4009.73,GBP,CT-2024-120,,,
INV-501226,2025-09-03,Heathmere Cleaning Limited,Facilities Management,Marine Fleet,CC-330,PO-4535995,1611.66,GBP,CT-2024-120,,,
INV-501261,2025-09-03,Juniper Learning PLC,Training & Development,Ports & Terminals,CC-220,,5342.69,GBP,CT-2025-121,,,
INV-501548,2025-09-03,Pembury Civils PLC,Construction & Civils,Ports & Terminals,CC-220,PO-4592916,6723.68,GBP,,,,
INV-502758,2025-09-03,Yarrow Port Services BV,Port & Terminal Services,Marine Fleet,CC-330,PO-4548707,3354.24,EUR,,,,
INV-502786,2025-09-03,Keelson Stationers PLC,Office Supplies,Corporate,CC-900,PO-4558404,2507.28,GBP,,"A4 copier paper, box of 5 reams",124,20.22
INV-502800,2025-09-03,Bayfront Workforce Limited,Temporary Labour,Ports & Terminals,CC-220,PO-4503595,3201.83,GBP,,,,
INV-502808,2025-09-03,Stonehaven Diving Services A/S,Marine Services,Corporate,CC-900,PO-4518642,1133.27,EUR,,,,
INV-502846,2025-09-03,Lanyard Pumps Limited,MRO & Spare Parts,Ports & Terminals,CC-220,PO-4557329,12360.2,GBP,,Gate valve DN50 PN16,92,134.35
INV-503306,2025-09-03,Blackwater Furniture Ltd,Office Supplies,Offshore Wind,CC-110,PO-4522745,203.23,GBP,,Ergonomic office chair,1,203.23
INV-503360,2025-09-03,Westerly PPE Supplies A/S,Safety & PPE,Marine Fleet,CC-330,,25.07,EUR,,"Ear defenders, SNR 30",1,25.07
INV-500015,2025-09-04,Wavecrest Bearings Ltd,MRO & Spare Parts,Corporate,CC-900,PO-4512428,29450.8,GBP,CT-2024-100,"Stainless bolts M12x50, box of 50",710,41.48
INV-500295,2025-09-04,Anchorline Advisory PLC,Professional Services,Marine Fleet,CC-330,PO-4561968,16818.27,GBP,CT-2025-105,,,
INV-500804,2025-09-04,Shorewell Digital LLC,IT Hardware & Software,Ports & Terminals,CC-220,PO-4555580,6438.58,USD,CT-2025-113,Docking station USB-C,29,222.02
INV-501501,2025-09-04,Kingsway Staffing PLC,Temporary Labour,Marine Fleet,CC-330,PO-4580599,12807.23,GBP,CT-2024-126,,,
INV-502138,2025-09-04,Saltmarsh Travel Limited,Travel & Accommodation,Offshore Wind,CC-110,,1303.13,GBP,,,,
INV-502487,2025-09-04,Harrowgate Furniture Ltd,Office Supplies,Corporate,CC-900,PO-4589865,2823.15,GBP,,"Toner cartridge, black, high yield",29,97.35
INV-503045,2025-09-04,Ironbridge Build Ltd,Construction & Civils,Corporate,CC-900,,524.59,GBP,,,,
INV-503307,2025-09-04,Blackwater Furniture Ltd,Office Supplies,Offshore Wind,CC-110,PO-4522787,63.24,GBP,,"Ballpoint pens, box of 50",6,10.54
INV-501102,2025-09-05,Kingsway Fasteners PLC,MRO & Spare Parts,Marine Fleet,CC-330,PO-4562377,4398,GBP,CT-2025-119,Centrifugal pump seal kit,40,109.95
INV-501957,2025-09-05,Tarnside Haulage PLC,Logistics & Freight,Ports & Terminals,CC-220,PO-4584603,5684.86,GBP,,,,
INV-502234,2025-09-05,Bayfront Partners & Co,Professional Services,Marine Fleet,CC-330,PO-4593309,2679.48,GBP,,,,
INV-500024,2025-09-06,Wavecrest Bearings Ltd,MRO & Spare Parts,Corporate,CC-900,PO-4516874,11470.05,GBP,,Gate valve DN50 PN16,71,161.55
INV-500164,2025-09-06,Ravensworth Pumps Limited,MRO & Spare Parts,Marine Fleet,CC-330,PO-4532525,11284.03,GBP,CT-2024-102,Gate valve DN50 PN16,71,158.93
INV-500175,2025-09-06,Ironbridge Stationers Ltd,Office Supplies,Marine Fleet,CC-330,,17010.8,GBP,CT-2025-103,"Toner cartridge, black, high yield",215,79.12
INV-500245,2025-09-06,Wavecrest Couriers SAS,Logistics & Freight,Offshore Wind,CC-110,PO-4527980,26026.24,EUR,CT-2024-104,,,
INV-500282,2025-09-06,Wavecrest Couriers SAS,Logistics & Freight,Ports & Terminals,CC-220,PO-4545773,15904.58,EUR,CT-2024-104,,,
INV-500307,2025-09-06,Anchorline Advisory PLC,Professional Services,Marine Fleet,CC-330,PO-4521628,16657.58,GBP,CT-2025-105,,,
INV-500685,2025-09-06,Bayfront Hydraulics Ltd,MRO & Spare Parts,Offshore Wind,CC-110,PO-4550581,7937.07,GBP,CT-2025-111,Centrifugal pump seal kit,69,115.03
INV-502283,2025-09-06,Juniper Staffing Limited,Temporary Labour,Corporate,CC-900,PO-4516996,1255.09,GBP,CT-2024-168,,,
INV-502793,2025-09-06,Solent Furniture Ltd,Office Supplies,Offshore Wind,CC-110,PO-4516218,796.95,GBP,,"A4 copier paper, box of 5 reams",35,22.77
INV-502860,2025-09-06,Juniper Stationers Ltd,Office Supplies,Marine Fleet,CC-330,PO-4599856,845.88,GBP,,"A4 copier paper, box of 5 reams",38,22.26
INV-503028,2025-09-06,Merrow Energy & Co,Energy & Utilities,Corporate,CC-900,PO-4572717,249.17,GBP,,,,
INV-502860,2025-09-06,Juniper Stationers Ltd,Office Supplies,Marine Fleet,CC-330,PO-4599856,845.88,GBP,,"A4 copier paper, box of 5 reams",38,22.26
INV-500066,2025-09-07,Westerly Safety PLC,Safety & PPE,Offshore Wind,CC-110,PO-4524755,29202.42,GBP,CT-2025-101,"Hi-vis jacket, class 3",1291,22.62
INV-500845,2025-09-07,Shorewell Digital LLC,IT Hardware & Software,Ports & Terminals,CC-220,PO-4538652,6660.6,USD,CT-2025-113,Docking station USB-C,30,222.02
INV-501334,2025-09-07,Coastway Logistics BV,Logistics & Freight,Corporate,CC-900,PO-4503000,5051.36,EUR,CT-2024-122,,,
INV-501563,2025-09-07,Juniper Recruitment Ltd,Temporary Labour,Marine Fleet,CC-330,PO-4523413,3787.07,GBP,CT-2025-129,,,
INV-501790,2025-09-07,Tarnside Staffing Ltd,Temporary Labour,Marine Fleet,CC-330,,2778.1,GBP,,,,
INV-502001,2025-09-07,Bayfront Advisory Ltd,Professional Services,Ports & Terminals,CC-220,,2681.31,GBP,,,,
INV-502676,2025-09-07,Seacroft Facilities Ltd,Facilities Management,Offshore Wind,CC-110,PO-4558846,1982.09,GBP,,,,
INV-502987,2025-09-07,Stonehaven Networks & Co,IT Hardware & Software,Ports & Terminals,CC-220,PO-4559343,1411.38,GBP,,Rugged tablet,1,1411.38
INV-500009,2025-09-08,Wavecrest Bearings Ltd,MRO & Spare Parts,Corporate,CC-900,PO-4575621,13439.52,GBP,CT-2024-100,"Stainless bolts M12x50, box of 50",324,41.48
INV-500292,2025-09-08,Anchorline Advisory PLC,Professional Services,Marine Fleet,CC-330,PO-4515044,16504.42,GBP,CT-2025-105,,,
INV-500807,2025-09-08,Shorewell Digital LLC,IT Hardware & Software,Corporate,CC-900,PO-4574735,5813,USD,CT-2025-113,"Laptop, 14in business",4,1453.25
INV-500921,2025-09-08,Shorewell Safety Ltd,Safety & PPE,Corporate,CC-900,PO-4588158,5484.35,GBP,CT-2024-114,"Hi-vis jacket, class 3",251,21.85
INV-501489,2025-09-08,Coastway Property Care Limited,Facilities Management,Marine Fleet,CC-330,PO-4507936,12853.34,GBP,CT-2025-125,,,
INV-501577,2025-09-08,Juniper Recruitment Ltd,Temporary Labour,Ports & Terminals,CC-220,PO-4586188,3412.85,GBP,,,,
INV-502114,2025-09-08,Windrush Travel A/S,Travel & Accommodation,Marine Fleet,CC-330,PO-4588052,6971.08,EUR,,,,
INV-502158,2025-09-08,Pembury Engineering Supplies Ltd,MRO & Spare Parts,Marine Fleet,CC-330,,1617.45,GBP,CT-2024-160,"Hydraulic hose 1/2in, per metre",123,13.15
INV-502329,2025-09-08,Pembury Diving Services Ltd,Marine Services,Offshore Wind,CC-110,PO-4579470,1461.4,GBP,,,,
INV-502392,2025-09-08,Wavecrest Logistics Ltd,Logistics & Freight,Marine Fleet,CC-330,,2587.84,GBP,CT-2025-179,,,
INV-502565,2025-09-08,Quarrymead Kitchens Ltd,Catering & Hospitality,Corporate,CC-900,PO-4554342,1828.7,GBP,,,,
INV-502795,2025-09-08,Solent Furniture Ltd,Office Supplies,Marine Fleet,CC-330,,2584.62,GBP,,"Ballpoint pens, box of 50",249,10.38
INV-500210,2025-09-09,Ironbridge Stationers Ltd,Office Supplies,Marine Fleet,CC-330,PO-4502591,13282.02,GBP,CT-2025-103,"Lever arch files, pack of 10",1017,13.06
INV-500666,2025-09-09,Bayfront Hydraulics Ltd,MRO & Spare Parts,Offshore Wind,CC-110,PO-4527584,7802.52,GBP,CT-2025-111,Gate valve DN50 PN16,44,177.33
INV-501340,2025-09-09,Coastway Logistics BV,Logistics & Freight,Corporate,CC-900,PO-4555420,5554.36,EUR,CT-2024-122,,,
INV-502112,2025-09-09,Windrush Travel A/S,Travel & Accommodation,Marine Fleet,CC-330,,7576.01,EUR,,,,
INV-502880,2025-09-09,Windrush Fasteners PLC,MRO & Spare Parts,Marine Fleet,CC-330,PO-4562387,1142.82,GBP,,Gate valve DN50 PN16,7,163.26
INV-502951,2025-09-09,Pembury Hotels Limited,Travel & Accommodation,Ports & Terminals,CC-220,,1041.76,GBP,,,,
INV-500082,2025-09-10,Westerly Safety PLC,Safety & PPE,Offshore Wind,CC-110,PO-4595656,29519.1,GBP,CT-2025-101,"Hi-vis jacket, class 3",1305,22.62
INV-500489,2025-09-10,Castlegate Media Ltd,Marketing & Events,Offshore Wind,CC-110,PO-4550294,9624.34,GBP,CT-2024-108,,,
INV-500619,2025-09-10,Quarrymead Stevedoring A/S,Port & Terminal Services,Ports & Terminals,CC-220,PO-4574951,6062.04,EUR,CT-2024-110,,,
INV-500721,2025-09-10,Bayfront Hydraulics Ltd,MRO & Spare Parts,Ports & Terminals,CC-220,PO-4519918,7876.69,GBP,CT-2025-111,"Stainless bolts M12x50, box of 50",173,45.53
INV-500939,2025-09-10,Blackwater Travel PLC,Travel & Accommodation,Marine Fleet,CC-330,PO-4501331,8041.47,GBP,CT-2025-115,,,
INV-501056,2025-09-10,Stonehaven Construction PLC,Construction & Civils,Offshore Wind,CC-110,PO-4567319,8460.29,GBP,CT-2024-118,,,
INV-501085,2025-09-10,Stonehaven Construction PLC,Construction & Civils,Offshore Wind,CC-110,PO-4558093,7848.33,GBP,CT-2024-118,,,
INV-501734,2025-09-10,Starboard Maintenance Ltd,Facilities Management,Ports & Terminals,CC-220,PO-4510919,6318.71,GBP,,,,
INV-501819,2025-09-10,Quarrymead Terminals A/S,Port & Terminal Services,Offshore Wind,CC-110,PO-4569586,4345.8,EUR,,,,
INV-502029,2025-09-10,Kingsway Facilities Ltd,Facilities Management,Corporate,CC-900,PO-4552569,2138.45,GBP,CT-2025-153,,,
INV-502311,2025-09-10,Eastholme Partners Ltd,Professional Services,Offshore Wind,CC-110,PO-4525568,14096.42,GBP,,,,
INV-502732,2025-09-10,Lanyard Software Ltd,IT Hardware & Software,Marine Fleet,CC-330,PO-4550771,1127.77,GBP,,Docking station USB-C,7,161.11
INV-502873,2025-09-10,Oakridge Partners Ltd,Professional Services,Ports & Terminals,CC-220,PO-4553741,2078.3,GBP,,,,
INV-502896,2025-09-10,Merrow Fasteners Ltd,MRO & Spare Parts,Marine Fleet,CC-330,,918.33,GBP,,"Stainless bolts M12x50, box of 50",21,43.73
INV-500291,2025-09-11,Anchorline Advisory PLC,Professional Services,Ports & Terminals,CC-220,PO-4532976,7892.93,GBP,CT-2025-105,,,
INV-500368,2025-09-11,Merrow Workwear Ltd,Safety & PPE,Ports & Terminals,CC-220,PO-4563109,25783.71,GBP,CT-2024-106,"Ear defenders, SNR 30",1163,22.17
INV-500391,2025-09-11,Clearwater Facilities Ltd,Facilities Management,Ports & Terminals,CC-220,,8230.37,GBP,CT-2025-107,,,
INV-500507,2025-09-11,Castlegate Media Ltd,Marketing & Events,Offshore Wind,CC-110,PO-4533630,6210.1,GBP,CT-2024-108,,,
INV-500812,2025-09-11,Shorewell Digital LLC,IT Hardware & Software,Ports & Terminals,CC-220,PO-4521538,11626,USD,CT-2025-113,"Laptop, 14in business",8,1453.25
INV-500872,2025-09-11,Shorewell Safety Ltd,Safety & PPE,Marine Fleet,CC-330,,5249.85,GBP,CT-2024-114,"Safety boots, S3",93,56.45
INV-501033,2025-09-11,Juniper Events & Co,Marketing & Events,Marine Fleet,CC-330,PO-4588921,10516.21,GBP,CT-2025-117,,,
INV-501553,2025-09-11,Juniper Recruitment Ltd,Temporary Labour,Ports & Terminals,CC-220,PO-4531438,7288.83,GBP,CT-2025-129,,,
INV-501586,2025-09-11,Starboard Fasteners BV,MRO & Spare Parts,Offshore Wind,CC-110,,17511.7,EUR,CT-2024-130,Gate valve DN50 PN16,85,206.02
INV-501599,2025-09-11,Blackwater PPE Supplies & Co,Safety & PPE,Marine Fleet,CC-330,,14262.24,GBP,CT-2025-131,"Hi-vis jacket, class 3",516,27.64
INV-501645,2025-09-11,Ironbridge Diving Services Limited,Marine Services,Offshore Wind,CC-110,PO-4548388,8117.02,GBP,,,,
INV-502005,2025-09-11,Bayfront Advisory Ltd,Professional Services,Marine Fleet,CC-330,PO-4515950,4022.92,GBP,,,,
INV-502277,2025-09-11,Juniper Staffing Limited,Temporary Labour,Corporate,CC-900,PO-4525145,1534.39,GBP,CT-2024-168,,,
INV-502436,2025-09-11,Starboard Creative Limited,Marketing & Events,Offshore Wind,CC-110,,4214.33,GBP,,,,
INV-502924,2025-09-11,Lanyard Industrial Limited,MRO & Spare Parts,Offshore Wind,CC-110,PO-4568770,481.26,GBP,,"Stainless bolts M12x50, box of 50",13,37.02
INV-502982,2025-09-11,Stonehaven Networks & Co,IT Hardware & Software,Ports & Terminals,CC-220,PO-4594591,1096.61,GBP,,"Laptop, 14in business",1,1096.61
INV-500783,2025-09-12,Foxley Systems Inc,IT Hardware & Software,Corporate,CC-900,PO-4519730,6600.25,USD,CT-2024-112,Docking station USB-C,25,264.01
INV-501654,2025-09-12,Merrow Facilities Ltd,Facilities Management,Corporate,CC-900,,7282.02,GBP,CT-2024-134,,,
INV-501974,2025-09-12,Whitcombe Haulage SAS,Logistics & Freight,Offshore Wind,CC-110,PO-4524889,7637.26,EUR,,,,
INV-502032,2025-09-12,Kingsway Facilities Ltd,Facilities Management,Corporate,CC-900,PO-4550608,3017.04,GBP,,,,
INV-502077,2025-09-12,Deepwell Telecom Ltd,Telecoms,Marine Fleet,CC-330,PO-4511735,3277.45,GBP,,,,
INV-502177,2025-09-12,Pembury Engineering Supplies Ltd,MRO & Spare Parts,Marine Fleet,CC-330,PO-4530544,2180.75,GBP,CT-2024-160,Ball bearing 6205-2RS,305,7.15
INV-502577,2025-09-12,Ironbridge Hotels PLC,Travel & Accommodation,Marine Fleet,CC-330,PO-4576598,3186.47,GBP,,,,
INV-503249,2025-09-12,Yarrow Property Care Ltd,Facilities Management,Ports & Terminals,CC-220,PO-4528716,95.73,GBP,,,,
INV-503339,2025-09-12,Kingsway Recruitment PLC,Temporary Labour,Ports & Terminals,CC-220,PO-4577995,22.37,GBP,,,,
INV-503349,2025-09-12,Fairhaven Hydraulics Ltd,MRO & Spare Parts,Offshore Wind,CC-110,PO-4521754,16.74,GBP,,Ball bearing 6205-2RS,3,5.58
INV-500218,2025-09-13,Ironbridge Stationers Ltd,Office Supplies,Marine Fleet,CC-330,PO-4569471,11727.88,GBP,CT-2025-103,"Lever arch files, pack of 10",898,13.06
INV-500252,2025-09-13,Wavecrest Couriers SAS,Logistics & Freight,Marine Fleet,CC-330,PO-4515764,22984.21,EUR,CT-2024-104,,,
INV-500435,2025-09-13,Clearwater Facilities Ltd,Facilities Management,Ports & Terminals,CC-220,PO-4559051,4866.08,GBP,CT-2025-107,,,
INV-500445,2025-09-13,Clearwater Facilities Ltd,Facilities Management,Marine Fleet,CC-330,PO-4511814,8485.31,GBP,CT-2025-107,,,
INV-500722,2025-09-13,Bayfront Hydraulics Ltd,MRO & Spare Parts,Corporate,CC-900,PO-4597827,8336.46,GBP,CT-2025-111,Ball bearing 6205-2RS,1122,7.43
INV-502089,2025-09-13,Driftwood Bearings & Co,MRO & Spare Parts,Corporate,CC-900,,2942.94,GBP,,Centrifugal pump seal kit,26,113.19
INV-502172,2025-09-13,Pembury Engineering Supplies Ltd,MRO & Spare Parts,Marine Fleet,CC-330,PO-4583795,3112.64,GBP,CT-2024-160,"Stainless bolts M12x50, box of 50",71,43.84
INV-502523,2025-09-13,Deepwell Towage PLC,Marine Services,Corporate,CC-900,,2761.69,GBP,,,,
INV-502759,2025-09-13,Yarrow Port Services BV,Port & Terminal Services,Marine Fleet,CC-330,PO-4529626,2432.01,EUR,,,,
INV-503132,2025-09-13,Kingsway Stationers Ltd,Office Supplies,Ports & Terminals,CC-220,PO-4585517,191.13,GBP,,Ergonomic office chair,1,191.13
INV-503302,2025-09-13,Blackwater Furniture Ltd,Office Supplies,Offshore Wind,CC-110,PO-4552830,61.08,GBP,,"Lever arch files, pack of 10",4,15.27
INV-500055,2025-09-14,Wavecrest Bearings Ltd,MRO & Spare Parts,Corporate,CC-900,PO-4537288,9955.05,GBP,CT-2024-100,Centrifugal pump seal kit,95,104.79
INV-500608,2025-09-14,Quarrymead Stevedoring A/S,Port & Terminal Services,Ports & Terminals,CC-220,PO-4580956,11675.05,EUR,CT-2024-110,,,
INV-501552,2025-09-14,Juniper Recruitment Ltd,Temporary Labour,Ports & Terminals,CC-220,PO-4598654,5764.57,GBP,CT-2025-129,,,
INV-501616,2025-09-14,Upton Kitchens Ltd,Catering & Hospitality,Offshore Wind,CC-110,PO-4544253,7677.8,GBP,CT-2024-132,,,
INV-502299,2025-09-14,Wavecrest Travel Limited,Travel & Accommodation,Corporate,CC-900,PO-4575433,2622.16,GBP,,,,
INV-500050,2025-09-15,Wavecrest Bearings Ltd,MRO & Spare Parts,Corporate,CC-900,PO-4575600,14494.57,GBP,CT-2024-100,Ball bearing 6205-2RS,2141,6.77
INV-500088,2025-09-15,Westerly Safety PLC,Safety & PPE,Offshore Wind,CC-110,PO-4514015,23231.7,GBP,CT-2025-101,"Safety helmet, EN397",1494,15.55
INV-500614,2025-09-15,Quarrymead Stevedoring A/S,Port & Terminal Services,Ports & Terminals,CC-220,PO-4525695,13097.78,EUR,CT-2024-110,,,
INV-501072,2025-09-15,Stonehaven Construction PLC,Construction & Civils,Offshore Wind,CC-110,PO-4558538,8089.53,GBP,CT-2024-118,,,
INV-501789,2025-09-15,Tarnside Staffing Ltd,Temporary Labour,Marine Fleet,CC-330,PO-4596967,7423.86,GBP,,,,
INV-501885,2025-09-15,Solent Training Limited,Training & Development,Ports & Terminals,CC-220,PO-4588169,5537.2,GBP,,,,
INV-502254,2025-09-15,Harrowgate Fasteners Ltd,MRO & Spare Parts,Ports & Terminals,CC-220,,7967.17,GBP,CT-2024-166,Centrifugal pump seal kit,83,95.99
INV-502395,2025-09-15,Shorewell Cleaning & Co,Facilities Management,Offshore Wind,CC-110,PO-4598168,5013.94,GBP,CT-2024-180,,,
INV-502776,2025-09-15,Wavecrest PPE Supplies & Co,Safety & PPE,Marine Fleet,CC-330,PO-4557032,2414.02,GBP,,"Safety boots, S3",43,56.14
INV-503218,2025-09-15,Westerly Media Ltd,Marketing & Events,Corporate,CC-900,PO-4539439,71.42,GBP,,,,
INV-500465,2025-09-16,Castlegate Media Ltd,Marketing & Events,Offshore Wind,CC-110,PO-4551421,3998.21,GBP,CT-2024-108,,,
INV-500518,2025-09-16,Castlegate Media Ltd,Marketing & Events,Offshore Wind,CC-110,PO-4561416,5027.02,GBP,CT-2024-108,,,
INV-501149,2025-09-16,Kingsway Fasteners PLC,MRO & Spare Parts,Marine Fleet,CC-330,PO-4527054,5763,GBP,CT-2025-119,Gate valve DN50 PN16,34,169.5
INV-501811,2025-09-16,Quarrymead Terminals A/S,Port & Terminal Services,Ports & Terminals,CC-220,PO-4587155,7496.66,EUR,,,,
INV-501985,2025-09-16,Whitcombe Haulage SAS,Logistics & Freight,Offshore Wind,CC-110,,2946.4,EUR,,,,
INV-502118,2025-09-16,Windrush Travel A/S,Travel & Accommodation,Marine Fleet,CC-330,PO-4559345,5539.54,EUR,,,,
INV-502297,2025-09-16,Wavecrest Travel Limited,Travel & Accommodation,Corporate,CC-900,PO-4551945,3255.21,GBP,,,,
INV-502470,2025-09-16,Solent Couriers PLC,Logistics & Freight,Marine Fleet,CC-330,,1885.2,GBP,,,,
INV-502537,2025-09-16,Lowther Advisory Ltd,Professional Services,Ports & Terminals,CC-220,PO-4529683,1353.43,GBP,,,,
INV-502762,2025-09-16,Thistle Telecom Ltd,Telecoms,Ports & Terminals,CC-220,PO-4592735,7198.03,GBP,,,,
INV-500071,2025-09-17,Westerly Safety PLC,Safety & PPE,Offshore Wind,CC-110,PO-4502784,23138.28,GBP,CT-2025-101,"Safety boots, S3",396,58.43
INV-500553,2025-09-17,Coastway Fuels Inc,Fuel & Lubricants,Corporate,CC-900,PO-4584905,13782.69,USD,CT-2025-109,,,
INV-500936,2025-09-17,Blackwater Travel PLC,Travel & Accommodation,Marine Fleet,CC-330,PO-4598354,16585.03,GBP,CT-2025-115,,,
INV-501264,2025-09-17,Juniper Learning PLC,Training & Development,Ports & Terminals,CC-220,PO-4548893,1847.29,GBP,CT-2025-121,,,
INV-501741,2025-09-17,Starboard Maintenance Ltd,Facilities Management,Ports & Terminals,CC-220,PO-4555557,6412.08,GBP,,,,
INV-502805,2025-09-17,Stonehaven Diving Services A/S,Marine Services,Marine Fleet,CC-330,PO-4552295,1433.46,EUR,,,,
INV-503031,2025-09-17,Merrow Energy & Co,Energy & Utilities,Corporate,CC-900,,331.76,GBP,,,,
INV-503365,2025-09-17,Eastholme Consulting Ltd,Professional Services,Ports & Terminals,CC-220,,18,GBP,,,,
INV-500596,2025-09-18,Coastway Fuels Inc,Fuel & Lubricants,Corporate,CC-900,PO-4520591,7989.09,USD,,,,
INV-501155,2025-09-18,Kingsway Fasteners PLC,MRO & Spare Parts,Corporate,CC-900,PO-4503131,4380.7,GBP,CT-2025-119,Ball bearing 6205-2RS,617,7.1
INV-501233,2025-09-18,Heathmere Cleaning Limited,Facilities Management,Marine Fleet,CC-330,PO-4509544,4487.73,GBP,CT-2024-120,,,
INV-501257,2025-09-18,Heathmere Cleaning Limited,Facilities Management,Ports & Terminals,CC-220,PO-4556201,1531.8,GBP,CT-2024-120,,,
INV-502521,2025-09-18,Deepwell Towage PLC,Marine Services,Corporate,CC-900,PO-4534011,2360.96,GBP,,,,
INV-502574,2025-09-18,Ironbridge Hotels PLC,Travel & Accommodation,Marine Fleet,CC-330,PO-4531219,2401.68,GBP,,,,
INV-502704,2025-09-18,Shorewell Networks LLC,IT Hardware & Software,Ports & Terminals,CC-220,,2554.4,USD,,Docking station USB-C,10,255.44
INV-502812,2025-09-18,Deepwell Workwear Ltd,Safety & PPE,Offshore Wind,CC-110,PO-4502112,2098.39,GBP,,"Safety boots, S3",31,67.69
INV-502936,2025-09-18,Yarrow Hospitality & Co,Catering & Hospitality,Corporate,CC-900,PO-4553302,327.68,GBP,,,,
INV-503096,2025-09-18,Foxley Pumps PLC,MRO & Spare Parts,Corporate,CC-900,PO-4573734,650.44,GBP,,Centrifugal pump seal kit,7,92.92
INV-503224,2025-09-18,Pembury PPE Supplies Ltd,Safety & PPE,Ports & Terminals,CC-220,PO-4594037,67.69,GBP,,"Safety boots, S3",1,67.69
INV-503375,2025-09-18,Ironbridge Fasteners Ltd,MRO & Spare Parts,Ports & Terminals,CC-220,PO-4509572,94.5,GBP,,Centrifugal pump seal kit,1,94.5
INV-500011,2025-09-19,Wavecrest Bearings Ltd,MRO & Spare Parts,Corporate,CC-900,PO-4560161,32580.36,GBP,CT-2024-100,"Hydraulic hose 1/2in, per metre",2619,12.44
INV-500684,2025-09-19,Bayfront Hydraulics Ltd,MRO & Spare Parts,Offshore Wind,CC-110,PO-4515295,4671.72,GBP,,"Hydraulic hose 1/2in, per metre",342,13.66
INV-500786,2025-09-19,Foxley Systems Inc,IT Hardware & Software,Corporate,CC-900,,11120.4,USD,,Rugged tablet,5,2224.08
INV-500881,2025-09-19,Shorewell Safety Ltd,Safety & PPE,Corporate,CC-900,PO-4577468,5476.25,GBP,CT-2024-114,"Ear defenders, SNR 30",325,16.85
INV-500960,2025-09-19,Oakridge Valves PLC,MRO & Spare Parts,Offshore Wind,CC-110,PO-4500733,3430,GBP,CT-2024-116,"Hydraulic hose 1/2in, per metre",280,12.25
INV-500997,2025-09-19,Oakridge Valves PLC,MRO & Spare Parts,Offshore Wind,CC-110,,4628.7,GBP,CT-2024-116,Ball bearing 6205-2RS,695,6.66
INV-501280,2025-09-19,Juniper Learning PLC,Training & Development,Ports & Terminals,CC-220,,2837.16,GBP,CT-2025-121,,,
INV-501448,2025-09-19,Merrow Events Ltd,Marketing & Events,Ports & Terminals,CC-220,PO-4550986,1732.3,GBP,CT-2024-124,,,
INV-502166,2025-09-19,Pembury Engineering Supplies Ltd,MRO & Spare Parts,Marine Fleet,CC-330,PO-4511139,3507.2,GBP,CT-2024-160,"Stainless bolts M12x50, box of 50",80,43.84
INV-502221,2025-09-19,Merrow Office Supplies & Co,Office Supplies,Corporate,CC-900,PO-4534619,3756.05,GBP,,"Toner cartridge, black, high yield",43,87.35
INV-502647,2025-09-19,Pembury Couriers Ltd,Logistics & Freight,Offshore Wind,CC-110,PO-4507639,1003.35,GBP,,,,
INV-503298,2025-09-19,Westerly Stevedoring GmbH,Port & Terminal Services,Marine Fleet,CC-330,,364.19,EUR,,,,
INV-500574,2025-09-20,Coastway Fuels Inc,Fuel & Lubricants,Corporate,CC-900,PO-4576617,4931.87,USD,CT-2025-109,,,
INV-501321,2025-09-20,Juniper Learning PLC,Training & Development,Ports & Terminals,CC-220,PO-4587471,1831.32,GBP,CT-2025-121,,,
INV-501405,2025-09-20,Starboard Pumps & Co,MRO & Spare Parts,Offshore Wind,CC-110,PO-4527462,9194.12,GBP,CT-2025-123,Gate valve DN50 PN16,52,176.81
INV-501476,2025-09-20,Coastway Property Care Limited,Facilities Management,Corporate,CC-900,PO-4598786,8343.21,GBP,CT-2025-125,,,
INV-502072,2025-09-20,Deepwell Telecom Ltd,Telecoms,Ports & Terminals,CC-220,PO-4507452,4791.41,GBP,,,,
INV-502093,2025-09-20,Driftwood Bearings & Co,MRO & Spare Parts,Corporate,CC-900,PO-4596190,1047.06,GBP,,Gate valve DN50 PN16,6,174.51
INV-502212,2025-09-20,Clearwater Staffing Ltd,Temporary Labour,Marine Fleet,CC-330,PO-4545485,4139.81,GBP,,,,
INV-502390,2025-09-20,Wavecrest Logistics Ltd,Logistics & Freight,Corporate,CC-900,PO-4555257,5235.8,GBP,CT-2025-179,,,
INV-503017,2025-09-20,Seacroft Civils PLC,Construction & Civils,Marine Fleet,CC-330,PO-4586898,646.65,GBP,,,,
INV-503372,2025-09-20,Eastholme Consulting Ltd,Professional Services,Ports & Terminals,CC-220,PO-4502138,18,GBP,,,,
INV-500053,2025-09-21,Wavecrest Bearings Ltd,MRO & Spare Parts,Corporate,CC-900,PO-4513172,23918.41,GBP,CT-2024-100,Ball bearing 6205-2RS,3533,6.77
INV-500086,2025-09-21,Westerly Safety PLC,Safety & PPE,Offshore Wind,CC-110,PO-4515485,24455.28,GBP,CT-2025-101,"Nitrile gloves, box of 100",3287,7.44
INV-500703,2025-09-21,Bayfront Hydraulics Ltd,MRO & Spare Parts,Ports & Terminals,CC-220,PO-4578026,3358.36,GBP,CT-2025-111,Ball bearing 6205-2RS,452,7.43
INV-500875,2025-09-21,Shorewell Safety Ltd,Safety & PPE,Marine Fleet,CC-330,PO-4584531,9257.8,GBP,CT-2024-114,"Safety boots, S3",164,56.45
INV-501197,2025-09-21,Heathmere Cleaning Limited,Facilities Management,Marine Fleet,CC-330,PO-4582081,1489.03,GBP,CT-2024-120,,,
INV-501252,2025-09-21,Heathmere Cleaning Limited,Facilities Management,Marine Fleet,CC-330,PO-4584820,2724.2,GBP,CT-2024-120,,,
INV-501527,2025-09-21,Pembury Civils PLC,Construction & Civils,Ports & Terminals,CC-220,PO-4555405,6379.51,GBP,CT-2024-128,,,
INV-501689,2025-09-21,Saltmarsh Kitchens PLC,Catering & Hospitality,Corporate,CC-900,PO-4533581,11688.75,GBP,,,,
INV-501878,2025-09-21,Greystone PPE Supplies PLC,Safety & PPE,Offshore Wind,CC-110,PO-4535833,4112.64,GBP,CT-2025-145,"Nitrile gloves, box of 100",476,8.64
INV-502952,2025-09-21,Galeforce Media PLC,Marketing & Events,Offshore Wind,CC-110,PO-4553929,818.15,GBP,,,,
INV-500226,2025-09-22,Wavecrest Couriers SAS,Logistics & Freight,Marine Fleet,CC-330,PO-4542283,9173.37,EUR,,,,
INV-500493,2025-09-22,Castlegate Media Ltd,Marketing & Events,Offshore Wind,CC-110,PO-4545223,10849.48,GBP,CT-2024-108,,,
INV-500531,2025-09-22,Castlegate Media Ltd,Marketing & Events,Offshore Wind,CC-110,PO-4503198,7335.89,GBP,CT-2024-108,,,
INV-500855,2025-09-22,Shorewell Digital LLC,IT Hardware & Software,Ports & Terminals,CC-220,PO-4530923,8658.78,USD,CT-2025-113,Docking station USB-C,39,222.02
INV-501653,2025-09-22,Merrow Facilities Ltd,Facilities Management,Marine Fleet,CC-330,PO-4595591,3963.01,GBP,CT-2024-134,,,
INV-501666,2025-09-22,Merrow Facilities Ltd,Facilities Management,Corporate,CC-900,PO-4543333,7471.48,GBP,CT-2024-134,,,
INV-501737,2025-09-22,Starboard Maintenance Ltd,Facilities Management,Ports & Terminals,CC-220,PO-4548868,8829.47,GBP,,,,
INV-501956,2025-09-22,Tarnside Haulage PLC,Logistics & Freight,Ports & Terminals,CC-220,,2167.6,GBP,,,,
INV-502293,2025-09-22,Juniper Staffing Limited,Temporary Labour,Corporate,CC-900,PO-4532403,1699.09,GBP,,,,
INV-502306,2025-09-22,Wavecrest Travel Limited,Travel & Accommodation,Marine Fleet,CC-330,,4109.69,GBP,,,,
INV-502388,2025-09-22,Wavecrest Logistics Ltd,Logistics & Freight,Corporate,CC-900,,2584.96,GBP,CT-2025-179,,,
INV-502510,2025-09-22,Pembury Academy Ltd,Training & Development,Corporate,CC-900,PO-4580046,3441.11,GBP,CT-2024-196,,,
INV-500049,2025-09-23,Wavecrest Bearings Ltd,MRO & Spare Parts,Corporate,CC-900,PO-4582430,33724.84,GBP,CT-2024-100,"Hydraulic hose 1/2in, per metre",2711,12.44
INV-500241,2025-09-23,Wavecrest Couriers SAS,Logistics & Freight,Marine Fleet,CC-330,PO-4571225,23094.58,EUR,CT-2024-104,,,
INV-500343,2025-09-23,Merrow Workwear Ltd,Safety & PPE,Corporate,CC-900,PO-4586835,12326.52,GBP,CT-2024-106,"Ear defenders, SNR 30",556,22.17
INV-500628,2025-09-23,Quarrymead Stevedoring A/S,Port & Terminal Services,Ports & Terminals,CC-220,PO-4552900,6235.63,EUR,,,,
INV-500646,2025-09-23,Quarrymead Stevedoring A/S,Port & Terminal Services,Ports & Terminals,CC-220,PO-4577626,5644.12,EUR,CT-2024-110,,,
INV-500661,2025-09-23,Bayfront Hydraulics Ltd,MRO & Spare Parts,Marine Fleet,CC-330,,3460.28,GBP,,"Stainless bolts M12x50, box of 50",76,45.53
INV-500878,2025-09-23,Shorewell Safety Ltd,Safety & PPE,Corporate,CC-900,PO-4538974,4348.15,GBP,CT-2024-114,"Hi-vis jacket, class 3",199,21.85
INV-501472,2025-09-23,Merrow Events Ltd,Marketing & Events,Ports & Terminals,CC-220,PO-4507256,2844.53,GBP,CT-2024-124,,,
INV-501929,2025-09-23,Lanyard Kitchens Ltd,Catering & Hospitality,Offshore Wind,CC-110,PO-4582339,4061.43,GBP,CT-2025-149,,,
INV-502165,2025-09-23,Pembury Engineering Supplies Ltd,MRO & Spare Parts,Marine Fleet,CC-330,PO-4515908,4610.52,GBP,CT-2024-160,Gate valve DN50 PN16,27,170.76
INV-502260,2025-09-23,Harrowgate Stationers Ltd,Office Supplies,Offshore Wind,CC-110,PO-4536095,3033.92,GBP,CT-2025-167,"Toner cartridge, black, high yield",38,79.84
INV-502319,2025-09-23,Stonehaven Build Ltd,Construction & Civils,Ports & Terminals,CC-220,PO-4571779,6024.42,GBP,,,,
INV-502613,2025-09-23,Coastway Transfers PLC,Travel & Accommodation,Ports & Terminals,CC-220,PO-4535604,4367.88,GBP,,,,
INV-502720,2025-09-23,Kingsway Hospitality PLC,Catering & Hospitality,Offshore Wind,CC-110,PO-4575023,3751.87,GBP,,,,
INV-502830,2025-09-23,Yarrow Furniture Ltd,Office Supplies,Offshore Wind,CC-110,PO-4572118,862.7,GBP,,Ergonomic office chair,5,172.54
CN-503384,2025-09-23,Coastway Property Care Limited,Facilities Management,Corporate,CC-900,PO-4588520,-5050.61,GBP,CT-2025-125,,,
INV-500687,2025-09-24,Bayfront Hydraulics Ltd,MRO & Spare Parts,Offshore Wind,CC-110,PO-4594011,9288.12,GBP,,"Stainless bolts M12x50, box of 50",204,45.53
INV-500856,2025-09-24,Shorewell Digital LLC,IT Hardware & Software,Ports & Terminals,CC-220,PO-4577743,5813,USD,CT-2025-113,"Laptop, 14in business",4,1453.25
INV-501646,2025-09-24,Ironbridge Diving Services Limited,Marine Services,Offshore Wind,CC-110,,2648.89,GBP,,,,
INV-501834,2025-09-24,Greystone Systems Inc,IT Hardware & Software,Marine Fleet,CC-330,PO-4568334,4707.48,USD,CT-2025-143,"Laptop, 14in business",3,1569.16
INV-502666,2025-09-24,Westerly Comms Ltd,Telecoms,Offshore Wind,CC-110,PO-4503170,2683.86,GBP,,,,
INV-500501,2025-09-25,Castlegate Media Ltd,Marketing & Events,Offshore Wind,CC-110,PO-4571837,6884.82,GBP,CT-2024-108,,,
INV-500746,2025-09-25,Foxley Systems Inc,IT Hardware & Software,Corporate,CC-900,PO-4554034,5808.22,USD,CT-2024-112,Docking station USB-C,22,264.01
INV-501133,2025-09-25,Kingsway Fasteners PLC,MRO & Spare Parts,Marine Fleet,CC-330,PO-4531469,3873.28,GBP,,"Stainless bolts M12x50, box of 50",89,43.52
INV-501559,2025-09-25,Juniper Recruitment Ltd,Temporary Labour,Ports & Terminals,CC-220,PO-4560914,6648.84,GBP,CT-2025-129,,,
INV-501966,2025-09-25,Tarnside Haulage PLC,Logistics & Freight,Ports & Terminals,CC-220,PO-4592636,3770.32,GBP,,,,
INV-502140,2025-09-25,Saltmarsh Travel Limited,Travel & Accommodation,Corporate,CC-900,,1189.52,GBP,,,,
INV-502350,2025-09-25,Quarrymead Events Ltd,Marketing & Events,Ports & Terminals,CC-220,PO-4558610,2659.1,GBP,,,,
INV-502932,2025-09-25,Yarrow Hospitality & Co,Catering & Hospitality,Ports & Terminals,CC-220,PO-4510280,392.74,GBP,,,,
INV-502960,2025-09-25,Greystone Media & Co,Marketing & Events,Offshore Wind,CC-110,PO-4534509,561.77,GBP,,,,
INV-503117,2025-09-25,Solent Academy Limited,Training & Development,Corporate,CC-900,PO-4562218,324.68,GBP,,,,
INV-503257,2025-09-25,Castlegate Learning Ltd,Training & Development,Offshore Wind,CC-110,PO-4536650,180.21,GBP,,,,
INV-500424,2025-09-26,Clearwater Facilities Ltd,Facilities Management,Ports & Terminals,CC-220,PO-4524474,10472.01,GBP,CT-2025-107,,,
INV-500447,2025-09-26,Clearwater Facilities Ltd,Facilities Management,Ports & Terminals,CC-220,PO-4549914,4864.91,GBP,CT-2025-107,,,
INV-500589,2025-09-26,Coastway Fuels Inc,Fuel & Lubricants,Corporate,CC-900,PO-4535999,7350.63,USD,CT-2025-109,,,
INV-500669,2025-09-26,Bayfront Hydraulics Ltd,MRO & Spare Parts,Offshore Wind,CC-110,PO-4534340,5497.23,GBP,,Gate valve DN50 PN16,31,177.33
INV-501351,2025-09-26,Coastway Logistics BV,Logistics & Freight,Marine Fleet,CC-330,PO-4564839,9857.7,EUR,CT-2024-122,,,
INV-501772,2025-09-26,Clearwater Catering Limited,Catering & Hospitality,Marine Fleet,CC-330,PO-4584088,10826.24,GBP,,,,
INV-502082,2025-09-26,Driftwood Bearings & Co,MRO & Spare Parts,Corporate,CC-900,PO-4518465,1030.71,GBP,,Ball bearing 6205-2RS,141,7.31
INV-502289,2025-09-26,Juniper Staffing Limited,Temporary Labour,Corporate,CC-900,,1140.55,GBP,CT-2024-168,,,
INV-502622,2025-09-26,Oakridge Events & Co,Marketing & Events,Corporate,CC-900,PO-4514975,1847.26,GBP,,,,
INV-502632,2025-09-26,Stonehaven PPE Supplies A/S,Safety & PPE,Marine Fleet,CC-330,PO-4527659,1683.3,EUR,,"Nitrile gloves, box of 100",181,9.3
INV-502834,2025-09-26,Yarrow Furniture Ltd,Office Supplies,Offshore Wind,CC-110,PO-4552017,1035.24,GBP,,Ergonomic office chair,6,172.54
INV-500269,2025-09-27,Wavecrest Couriers SAS,Logistics & Freight,Marine Fleet,CC-330,PO-4517012,21184.24,EUR,CT-2024-104,,,
INV-500904,2025-09-27,Shorewell Safety Ltd,Safety & PPE,Corporate,CC-900,PO-4559568,5362.75,GBP,CT-2024-114,"Safety boots, S3",95,56.45
INV-501314,2025-09-27,Juniper Learning PLC,Training & Development,Marine Fleet,CC-330,PO-4598524,5467.9,GBP,CT-2025-121,,,
INV-501677,2025-09-27,Merrow Facilities Ltd,Facilities Management,Corporate,CC-900,,2773.38,GBP,CT-2024-134,,,
INV-501850,2025-09-27,Deepwell Diving Services PLC,Marine Services,Ports & Terminals,CC-220,PO-4527367,8462.51,GBP,,,,
INV-502737,2025-09-27,Lanyard Software Ltd,IT Hardware & Software,Marine Fleet,CC-330,PO-4586635,1054.54,GBP,,"Laptop, 14in business",1,1054.54
INV-500486,2025-09-28,Castlegate Media Ltd,Marketing & Events,Offshore Wind,CC-110,PO-4592827,8525.5,GBP,CT-2024-108,,,
INV-501135,2025-09-28,Kingsway Fasteners PLC,MRO & Spare Parts,Marine Fleet,CC-330,PO-4574363,2219.52,GBP,CT-2025-119,"Stainless bolts M12x50, box of 50",51,43.52
INV-501243,2025-09-28,Heathmere Cleaning Limited,Facilities Management,Marine Fleet,CC-330,PO-4503855,2982.35,GBP,CT-2024-120,,,
INV-501522,2025-09-28,Pembury Civils PLC,Construction & Civils,Ports & Terminals,CC-220,PO-4568882,4681.49,GBP,CT-2024-128,,,
INV-501526,2025-09-28,Pembury Civils PLC,Construction & Civils,Ports & Terminals,CC-220,,6053.42,GBP,CT-2024-128,,,
INV-501649,2025-09-28,Ironbridge Diving Services Limited,Marine Services,Offshore Wind,CC-110,PO-4543542,4852.65,GBP,CT-2025-133,,,
INV-502038,2025-09-28,Clearwater Civils Ltd,Construction & Civils,Ports & Terminals,CC-220,PO-4557079,4772.88,GBP,,,,
INV-502102,2025-09-28,Driftwood Bearings & Co,MRO & Spare Parts,Corporate,CC-900,PO-4542970,1697.85,GBP,,Centrifugal pump seal kit,15,113.19
INV-502282,2025-09-28,Juniper Staffing Limited,Temporary Labour,Corporate,CC-900,PO-4539918,2462.9,GBP,CT-2024-168,,,
INV-502389,2025-09-28,Wavecrest Logistics Ltd,Logistics & Freight,Corporate,CC-900,PO-4565981,3513.6,GBP,,,,
INV-502465,2025-09-28,Harrowgate Maintenance Ltd,Facilities Management,Offshore Wind,CC-110,PO-4563176,8929.36,GBP,CT-2025-189,,,
INV-502833,2025-09-28,Yarrow Furniture Ltd,Office Supplies,Offshore Wind,CC-110,PO-4555729,1347.84,GBP,,"Lever arch files, pack of 10",104,12.96
INV-503304,2025-09-28,Blackwater Furniture Ltd,Office Supplies,Offshore Wind,CC-110,PO-4542397,45.81,GBP,,"Lever arch files, pack of 10",3,15.27
CN-503378,2025-09-28,Greystone PPE Supplies PLC,Safety & PPE,Offshore Wind,CC-900,PO-4504983,-2904.37,GBP,,,,
INV-500278,2025-09-29,Wavecrest Couriers SAS,Logistics & Freight,Marine Fleet,CC-330,PO-4585037,12207.46,EUR,CT-2024-104,,,
INV-500729,2025-09-29,Bayfront Hydraulics Ltd,MRO & Spare Parts,Marine Fleet,CC-330,PO-4552484,5655.24,GBP,CT-2025-111,"Hydraulic hose 1/2in, per metre",414,13.66
INV-500906,2025-09-29,Shorewell Safety Ltd,Safety & PPE,Corporate,CC-900,PO-4552413,6623.82,GBP,CT-2024-114,"Safety helmet, EN397",441,15.02
INV-501177,2025-09-29,Kingsway Fasteners PLC,MRO & Spare Parts,Marine Fleet,CC-330,PO-4599804,5026.8,GBP,CT-2025-119,Ball bearing 6205-2RS,708,7.1
INV-501629,2025-09-29,Ironbridge Diving Services Limited,Marine Services,Marine Fleet,CC-330,,3432.3,GBP,CT-2025-133,,,
INV-501678,2025-09-29,Merrow Facilities Ltd,Facilities Management,Corporate,CC-900,PO-4550052,6169.14,GBP,CT-2024-134,,,
INV-502036,2025-09-29,Clearwater Civils Ltd,Construction & Civils,Ports & Terminals,CC-220,PO-4539259,4810.75,GBP,,,,
INV-502592,2025-09-29,Wavecrest Industrial Ltd,MRO & Spare Parts,Marine Fleet,CC-330,PO-4556515,3646.05,GBP,,Ball bearing 6205-2RS,545,6.69
INV-502680,2025-09-29,Windrush Learning Ltd,Training & Development,Offshore Wind,CC-110,,6157.35,GBP,,,,
INV-500193,2025-09-30,Ironbridge Stationers Ltd,Office Supplies,Marine Fleet,CC-330,PO-4542734,6737.94,GBP,CT-2025-103,"Ballpoint pens, box of 50",747,9.02
INV-500214,2025-09-30,Ironbridge Stationers Ltd,Office Supplies,Corporate,CC-900,PO-4534520,22470.08,GBP,CT-2025-103,"Toner cartridge, black, high yield",284,79.12
INV-500385,2025-09-30,Clearwater Facilities Ltd,Facilities Management,Ports & Terminals,CC-220,PO-4548115,12581.02,GBP,,,,
INV-500539,2025-09-30,Coastway Fuels Inc,Fuel & Lubricants,Ports & Terminals,CC-220,PO-4580832,17435.91,USD,CT-2025-109,,,
INV-502253,2025-09-30,Harrowgate Fasteners Ltd,MRO & Spare Parts,Corporate,CC-900,PO-4518934,8702,GBP,CT-2024-166,"Stainless bolts M12x50, box of 50",229,38
INV-502561,2025-09-30,Quarrymead Kitchens Ltd,Catering & Hospitality,Corporate,CC-900,PO-4589636,2495.57,GBP,,,,
INV-502628,2025-09-30,Oakridge Events & Co,Marketing & Events,Corporate,CC-900,PO-4573427,2291.4,GBP,,,,
INV-503155,2025-09-30,Upton Academy Ltd,Training & Development,Marine Fleet,CC-330,,323.49,GBP,,,,
INV-500219,2025-10-01,Ironbridge Stationers Ltd,Office Supplies,Marine Fleet,CC-330,PO-4570601,19681.42,GBP,CT-2025-103,"Lever arch files, pack of 10",1507,13.06
INV-500492,2025-10-01,Castlegate Media Ltd,Marketing & Events,Offshore Wind,CC-110,PO-4521549,4372.73,GBP,CT-2024-108,,,
INV-500554,2025-10-01,Coastway Fuels Inc,Fuel & Lubricants,Corporate,CC-900,PO-4576855,18318.72,USD,CT-2025-109,,,
INV-500674,2025-10-01,Bayfront Hydraulics Ltd,MRO & Spare Parts,Marine Fleet,CC-330,PO-4559863,7361.92,GBP,CT-2025-111,Centrifugal pump seal kit,64,115.03
INV-500748,2025-10-01,Foxley Systems Inc,IT Hardware & Software,Corporate,CC-900,PO-4528152,15552.63,USD,CT-2024-112,"Laptop, 14in business",9,1728.07
INV-500951,2025-10-01,Blackwater Travel PLC,Travel & Accommodation,Marine Fleet,CC-330,PO-4582562,6642.48,GBP,CT-2025-115,,,
INV-502171,2025-10-01,Pembury Engineering Supplies Ltd,MRO & Spare Parts,Marine Fleet,CC-330,PO-4578865,4269,GBP,CT-2024-160,Gate valve DN50 PN16,25,170.76
INV-502792,2025-10-01,Blackwater Construction Ltd,Construction & Civils,Offshore Wind,CC-110,PO-4516176,834.8,GBP,,,,
INV-502862,2025-10-01,Kingsway Cleaning PLC,Facilities Management,Offshore Wind,CC-110,PO-4575378,795.6,GBP,,,,
INV-502881,2025-10-01,Windrush Fasteners PLC,MRO & Spare Parts,Offshore Wind,CC-110,PO-4556710,1207.68,GBP,,"Hydraulic hose 1/2in, per metre",96,12.58
INV-502944,2025-10-01,Keelson Kitchens Ltd,Catering & Hospitality,Ports & Terminals,CC-220,,1644.26,GBP,,,,
INV-503398,2025-10-01,Wavecrest Industrial Ltd,MRO & Spare Parts,Marine Fleet,CC-330,PO-4556515,3646.05,GBP,,Ball bearing 6205-2RS,545,6.69
INV-500328,2025-10-02,Anchorline Advisory PLC,Professional Services,Corporate,CC-900,PO-4570662,13104.1,GBP,CT-2025-105,,,
INV-500806,2025-10-02,Shorewell Digital LLC,IT Hardware & Software,Corporate,CC-900,PO-4518644,3956.04,USD,CT-2025-113,27in monitor,12,329.67
INV-500825,2025-10-02,Shorewell Digital LLC,IT Hardware & Software,Ports & Terminals,CC-220,PO-4562341,10172.75,USD,CT-2025-113,"Laptop, 14in business",7,1453.25
INV-500842,2025-10-02,Shorewell Digital LLC,IT Hardware & Software,Ports & Terminals,CC-220,PO-4557441,4615.38,USD,CT-2025-113,27in monitor,14,329.67
INV-501098,2025-10-02,Stonehaven Construction PLC,Construction & Civils,Offshore Wind,CC-110,PO-4524459,2852.42,GBP,,,,
INV-501335,2025-10-02,Coastway Logistics BV,Logistics & Freight,Corporate,CC-900,PO-4558506,4055.58,EUR,CT-2024-122,,,
INV-501411,2025-10-02,Starboard Pumps & Co,MRO & Spare Parts,Offshore Wind,CC-110,PO-4536493,6310.6,GBP,CT-2025-123,"Stainless bolts M12x50, box of 50",139,45.4
INV-501635,2025-10-02,Ironbridge Diving Services Limited,Marine Services,Offshore Wind,CC-110,,5325.17,GBP,CT-2025-133,,,
INV-501752,2025-10-02,Anchorline Marine PLC,Marine Services,Ports & Terminals,CC-220,,12786.49,GBP,,,,
INV-502241,2025-10-02,Lanyard Fasteners & Co,MRO & Spare Parts,Corporate,CC-900,PO-4526299,3839.16,GBP,,Ball bearing 6205-2RS,598,6.42
INV-503075,2025-10-02,Thistle Office Supplies Ltd,Office Supplies,Ports & Terminals,CC-220,PO-4547094,556.56,GBP,,"Toner cartridge, black, high yield",6,92.76
INV-503187,2025-10-02,Thistle Diving Services PLC,Marine Services,Offshore Wind,CC-110,PO-4542886,261.73,GBP,,,,
INV-503313,2025-10-02,Vantage Media PLC,Marketing & Events,Marine Fleet,CC-330,PO-4562235,63.4,GBP,,,,
INV-500369,2025-10-03,Merrow Workwear Ltd,Safety & PPE,Ports & Terminals,CC-220,PO-4550345,15070.24,GBP,CT-2024-106,"Hi-vis jacket, class 3",524,28.76
INV-500549,2025-10-03,Coastway Fuels Inc,Fuel & Lubricants,Corporate,CC-900,PO-4588729,7135.67,USD,CT-2025-109,,,
INV-500696,2025-10-03,Bayfront Hydraulics Ltd,MRO & Spare Parts,Offshore Wind,CC-110,PO-4552538,8974.62,GBP,CT-2025-111,"Hydraulic hose 1/2in, per metre",657,13.66
INV-500735,2025-10-03,Foxley Systems Inc,IT Hardware & Software,Corporate,CC-900,PO-4530872,6912.28,USD,,"Laptop, 14in business",4,1728.07
INV-501015,2025-10-03,Oakridge Valves PLC,MRO & Spare Parts,Offshore Wind,CC-110,PO-4574843,6766.56,GBP,CT-2024-116,Ball bearing 6205-2RS,1016,6.66
INV-501029,2025-10-03,Juniper Events & Co,Marketing & Events,Ports & Terminals,CC-220,PO-4563127,10027.33,GBP,CT-2025-117,,,
INV-501275,2025-10-03,Juniper Learning PLC,Training & Development,Ports & Terminals,CC-220,PO-4585173,5447.03,GBP,,,,
INV-501507,2025-10-03,Greystone Telecom Ltd,Telecoms,Corporate,CC-900,PO-4561708,15329.29,GBP,CT-2025-127,,,
INV-502279,2025-10-03,Juniper Staffing Limited,Temporary Labour,Marine Fleet,CC-330,PO-4535396,2488.68,GBP,CT-2024-168,,,
INV-502497,2025-10-03,Quarrymead Marine A/S,Marine Services,Marine Fleet,CC-330,,2745.57,EUR,,,,
INV-502513,2025-10-03,Pembury Academy Ltd,Training & Development,Marine Fleet,CC-330,PO-4528667,3727.4,GBP,CT-2024-196,,,
INV-503322,2025-10-03,Coastway Fasteners Limited,MRO & Spare Parts,Marine Fleet,CC-330,PO-4588712,111.87,GBP,,Centrifugal pump seal kit,1,111.87
INV-500386,2025-10-04,Clearwater Facilities Ltd,Facilities Management,Ports & Terminals,CC-220,PO-4565173,8605.14,GBP,,,,
INV-501290,2025-10-04,Juniper Learning PLC,Training & Development,Ports & Terminals,CC-220,PO-4507135,4760.84,GBP,CT-2025-121,,,
INV-501909,2025-10-04,Castlegate Utilities Ltd,Energy & Utilities,Offshore Wind,CC-110,PO-4542032,2955.95,GBP,,,,
INV-502274,2025-10-04,Juniper Staffing Limited,Temporary Labour,Corporate,CC-900,PO-4559454,2438.41,GBP,CT-2024-168,,,
INV-502587,2025-10-04,Wavecrest Industrial Ltd,MRO & Spare Parts,Corporate,CC-900,PO-4528515,1157.14,GBP,,"Hydraulic hose 1/2in, per metre",94,12.31
INV-502756,2025-10-04,Yarrow Port Services BV,Port & Terminal Services,Marine Fleet,CC-330,PO-4506457,2622.75,EUR,,,,
INV-503328,2025-10-04,Solent Engineering Supplies PLC,MRO & Spare Parts,Offshore Wind,CC-110,PO-4531129,98.82,GBP,,Centrifugal pump seal kit,1,98.82
INV-500500,2025-10-05,Castlegate Media Ltd,Marketing & Events,Offshore Wind,CC-110,,5695.82,GBP,,,,
INV-500798,2025-10-05,Shorewell Digital LLC,IT Hardware & Software,Ports & Terminals,CC-220,PO-4541656,7266.25,USD,CT-2025-113,"Laptop, 14in business",5,1453.25
INV-500931,2025-10-05,Blackwater Travel PLC,Travel & Accommodation,Marine Fleet,CC-330,PO-4571917,10178.78,GBP,CT-2025-115,,,
INV-501572,2025-10-05,Juniper Recruitment Ltd,Temporary Labour,Corporate,CC-900,PO-4527220,5177.82,GBP,,,,
INV-502154,2025-10-05,Saltmarsh Travel Limited,Travel & Accommodation,Offshore Wind,CC-110,PO-4531340,2576.01,GBP,,,,
INV-502271,2025-10-05,Juniper Staffing Limited,Temporary Labour,Corporate,CC-900,PO-4525822,2257.37,GBP,CT-2024-168,,,
INV-502314,2025-10-05,Eastholme Partners Ltd,Professional Services,Offshore Wind,CC-110,PO-4537401,13772.85,GBP,,,,
INV-502976,2025-10-05,Stonehaven Networks & Co,IT Hardware & Software,Ports & Terminals,CC-220,PO-4572336,1411.38,GBP,,Rugged tablet,1,1411.38
INV-500334,2025-10-06,Anchorline Advisory PLC,Professional Services,Marine Fleet,CC-330,PO-4505061,16643.07,GBP,CT-2025-105,,,
INV-500952,2025-10-06,Blackwater Travel PLC,Travel & Accommodation,Marine Fleet,CC-330,PO-4515008,8015.5,GBP,CT-2025-115,,,
INV-501061,2025-10-06,Stonehaven Construction PLC,Construction & Civils,Offshore Wind,CC-110,PO-4595124,7371.66,GBP,CT-2024-118,,,
INV-501286,2025-10-06,Juniper Learning PLC,Training & Development,Ports & Terminals,CC-220,PO-4594958,2905.3,GBP,CT-2025-121,,,
INV-501827,2025-10-06,Quarrymead Terminals A/S,Port & Terminal Services,Ports & Terminals,CC-220,PO-4514497,3142.36,EUR,,,,
INV-501859,2025-10-06,Deepwell Diving Services PLC,Marine Services,Marine Fleet,CC-330,,11317.83,GBP,,,,
INV-502208,2025-10-06,Clearwater Staffing Ltd,Temporary Labour,Marine Fleet,CC-330,PO-4541950,2336.46,GBP,,,,
INV-502230,2025-10-06,Bayfront Partners & Co,Professional Services,Marine Fleet,CC-330,PO-4511017,2827.86,GBP,,,,
INV-502696,2025-10-06,Ironbridge Software Ltd,IT Hardware & Software,Marine Fleet,CC-330,,1500.08,GBP,,Docking station USB-C,8,187.51
INV-503094,2025-10-06,Merrow Catering & Co,Catering & Hospitality,Ports & Terminals,CC-220,PO-4584748,526.45,GBP,,,,
INV-503159,2025-10-06,Lowther Pumps & Co,MRO & Spare Parts,Offshore Wind,CC-110,,215.9,GBP,,"Hydraulic hose 1/2in, per metre",17,12.7
INV-500223,2025-10-07,Ironbridge Stationers Ltd,Office Supplies,Marine Fleet,CC-330,PO-4591900,11114.06,GBP,CT-2025-103,"Lever arch files, pack of 10",851,13.06
INV-500250,2025-10-07,Wavecrest Couriers SAS,Logistics & Freight,Marine Fleet,CC-330,PO-4554648,26612,EUR,CT-2024-104,,,
INV-500405,2025-10-07,Clearwater Facilities Ltd,Facilities Management,Corporate,CC-900,PO-4505474,10161.86,GBP,CT-2025-107,,,
INV-500583,2025-10-07,Coastway Fuels Inc,Fuel & Lubricants,Corporate,CC-900,PO-4579479,17857.37,USD,CT-2025-109,,,
INV-501535,2025-10-07,Pembury Civils PLC,Construction & Civils,Corporate,CC-900,PO-4599041,4359.24,GBP,CT-2024-128,,,
INV-502153,2025-10-07,Saltmarsh Travel Limited,Travel & Accommodation,Offshore Wind,CC-110,PO-4515357,2407.58,GBP,,,,
INV-502226,2025-10-07,Bayfront Partners & Co,Professional Services,Marine Fleet,CC-330,PO-4510342,4469.93,GBP,,,,
INV-502418,2025-10-07,Saltmarsh Cleaning & Co,Facilities Management,Ports & Terminals,CC-220,,4816.57,GBP,CT-2025-183,,,
INV-502869,2025-10-07,Kingsway Cleaning PLC,Facilities Management,Marine Fleet,CC-330,PO-4506662,839.32,GBP,,,,
INV-503063,2025-10-07,Galeforce Maintenance Ltd,Facilities Management,Offshore Wind,CC-110,PO-4525231,968.06,GBP,,,,
INV-503113,2025-10-07,Solent Academy Limited,Training & Development,Corporate,CC-900,PO-4518936,190.43,GBP,,,,
INV-503198,2025-10-07,Ironbridge Workwear Ltd,Safety & PPE,Corporate,CC-900,PO-4572659,197.7,GBP,,"Safety helmet, EN397",10,19.77
INV-500058,2025-10-08,Wavecrest Bearings Ltd,MRO & Spare Parts,Corporate,CC-900,PO-4566408,32148.45,GBP,CT-2024-100,Gate valve DN50 PN16,199,161.55
INV-500719,2025-10-08,Bayfront Hydraulics Ltd,MRO & Spare Parts,Offshore Wind,CC-110,PO-4577599,3581.26,GBP,CT-2025-111,Ball bearing 6205-2RS,482,7.43
INV-500836,2025-10-08,Shorewell Digital LLC,IT Hardware & Software,Ports & Terminals,CC-220,PO-4577105,7481.52,USD,CT-2025-113,Rugged tablet,4,1870.38
INV-501041,2025-10-08,Juniper Events & Co,Marketing & Events,Ports & Terminals,CC-220,PO-4549335,9498.43,GBP,CT-2025-117,,,
INV-501805,2025-10-08,Quarrymead Terminals A/S,Port & Terminal Services,Ports & Terminals,CC-220,PO-4598438,4005.3,EUR,,,,
INV-501944,2025-10-08,Lanyard Kitchens Ltd,Catering & Hospitality,Offshore Wind,CC-110,PO-4547753,4468.64,GBP,CT-2025-149,,,
INV-502412,2025-10-08,Fairhaven Facilities Ltd,Facilities Management,Offshore Wind,CC-110,PO-4525633,3549.65,GBP,,,,
INV-503112,2025-10-08,Solent Academy Limited,Training & Development,Corporate,CC-900,,336.8,GBP,,,,
INV-503138,2025-10-08,Kingsway Stationers Ltd,Office Supplies,Ports & Terminals,CC-220,,257.66,GBP,,"Ballpoint pens, box of 50",26,9.91
INV-503163,2025-10-08,Lowther Pumps & Co,MRO & Spare Parts,Offshore Wind,CC-110,,296.45,GBP,,"Stainless bolts M12x50, box of 50",7,42.35
INV-503263,2025-10-08,Keelson Hydraulics Ltd,MRO & Spare Parts,Marine Fleet,CC-330,PO-4532586,78.52,GBP,,"Stainless bolts M12x50, box of 50",2,39.26
INV-503297,2025-10-08,Eastholme Networks LLC,IT Hardware & Software,Marine Fleet,CC-330,PO-4524913,1568.5,USD,,"Laptop, 14in business",1,1568.5
INV-503326,2025-10-08,Solent Engineering Supplies PLC,MRO & Spare Parts,Offshore Wind,CC-110,PO-4521399,98.82,GBP,,Centrifugal pump seal kit,1,98.82
INV-500061,2025-10-09,Wavecrest Bearings Ltd,MRO & Spare Parts,Corporate,CC-900,PO-4565446,10016.1,GBP,CT-2024-100,Gate valve DN50 PN16,62,161.55
INV-500190,2025-10-09,Ironbridge Stationers Ltd,Office Supplies,Marine Fleet,CC-330,PO-4576572,16160.26,GBP,CT-2025-103,"A4 copier paper, box of 5 reams",817,19.78
INV-500246,2025-10-09,Wavecrest Couriers SAS,Logistics & Freight,Marine Fleet,CC-330,PO-4550895,16487.64,EUR,CT-2024-104,,,
INV-500582,2025-10-09,Coastway Fuels Inc,Fuel & Lubricants,Corporate,CC-900,PO-4529099,14295.52,USD,CT-2025-109,,,
INV-500644,2025-10-09,Quarrymead Stevedoring A/S,Port & Terminal Services,Marine Fleet,CC-330,,8145.09,EUR,CT-2024-110,,,
INV-500733,2025-10-09,Foxley Systems Inc,IT Hardware & Software,Corporate,CC-900,PO-4527024,10192.26,USD,CT-2024-112,27in monitor,26,392.01
INV-502074,2025-10-09,Deepwell Telecom Ltd,Telecoms,Marine Fleet,CC-330,PO-4543659,5597.99,GBP,,,,
INV-502757,2025-10-09,Yarrow Port Services BV,Port & Terminal Services,Marine Fleet,CC-330,PO-4510440,1460.01,EUR,,,,
INV-503229,2025-10-09,Pembury PPE Supplies Ltd,Safety & PPE,Marine Fleet,CC-330,PO-4516759,135.38,GBP,,"Safety boots, S3",2,67.69
INV-500587,2025-10-10,Coastway Fuels Inc,Fuel & Lubricants,Corporate,CC-900,PO-4590847,5911.38,USD,,,,
INV-500947,2025-10-10,Blackwater Travel PLC,Travel & Accommodation,Marine Fleet,CC-330,PO-4569577,5763.2,GBP,CT-2025-115,,,
INV-500999,2025-10-10,Oakridge Valves PLC,MRO & Spare Parts,Corporate,CC-900,PO-4509327,3226.36,GBP,CT-2024-116,"Stainless bolts M12x50, box of 50",79,40.84
INV-501418,2025-10-10,Merrow Events Ltd,Marketing & Events,Ports & Terminals,CC-220,PO-4547341,3161.2,GBP,CT-2024-124,,,
INV-503015,2025-10-10,Heathmere Partners Limited,Professional Services,Corporate,CC-900,PO-4544034,1168.82,GBP,,,,
INV-503220,2025-10-10,Westerly Media Ltd,Marketing & Events,Marine Fleet,CC-330,PO-4509496,100.69,GBP,,,,
INV-503303,2025-10-10,Blackwater Furniture Ltd,Office Supplies,Offshore Wind,CC-110,PO-4594941,203.23,GBP,,Ergonomic office chair,1,203.23
INV-500105,2025-10-11,Westerly Safety PLC,Safety & PPE,Offshore Wind,CC-110,PO-4589123,18808.32,GBP,,"Nitrile gloves, box of 100",2528,7.44
INV-500151,2025-10-11,Ravensworth Pumps Limited,MRO & Spare Parts,Marine Fleet,CC-330,PO-4528133,9217.94,GBP,CT-2024-102,Gate valve DN50 PN16,58,158.93
INV-500934,2025-10-11,Blackwater Travel PLC,Travel & Accommodation,Ports & Terminals,CC-220,PO-4563531,4910.92,GBP,CT-2025-115,,,
INV-502108,2025-10-11,Driftwood Bearings & Co,MRO & Spare Parts,Corporate,CC-900,PO-4537352,2112.59,GBP,,Ball bearing 6205-2RS,289,7.31
INV-502365,2025-10-11,Stonehaven Property Care Ltd,Facilities Management,Marine Fleet,CC-330,,6339.05,GBP,,,,
INV-502545,2025-10-11,Blackwater Property Care Limited,Facilities Management,Corporate,CC-900,PO-4566187,7194.52,GBP,,,,
INV-502564,2025-10-11,Quarrymead Kitchens Ltd,Catering & Hospitality,Corporate,CC-900,PO-4520615,2526.66,GBP,,,,
INV-500259,2025-10-12,Wavecrest Couriers SAS,Logistics & Freight,Marine Fleet,CC-330,PO-4531019,12532.27,EUR,CT-2024-104,,,
INV-500271,2025-10-12,Wavecrest Couriers SAS,Logistics & Freight,Marine Fleet,CC-330,PO-4536494,17602.16,EUR,CT-2024-104,,,
INV-500895,2025-10-12,Shorewell Safety Ltd,Safety & PPE,Corporate,CC-900,PO-4555073,4482.1,GBP,CT-2024-114,"Ear defenders, SNR 30",266,16.85
INV-502332,2025-10-12,Pembury Diving Services Ltd,Marine Services,Offshore Wind,CC-110,,2317.24,GBP,,,,
INV-502415,2025-10-12,Fairhaven Facilities Ltd,Facilities Management,Offshore Wind,CC-110,PO-4542946,1701.44,GBP,,,,
INV-503030,2025-10-12,Merrow Energy & Co,Energy & Utilities,Corporate,CC-900,,335.57,GBP,,,,
INV-500103,2025-10-13,Westerly Safety PLC,Safety & PPE,Offshore Wind,CC-110,PO-4547683,28455.41,GBP,CT-2025-101,"Safety boots, S3",487,58.43
INV-500162,2025-10-13,Ravensworth Pumps Limited,MRO & Spare Parts,Marine Fleet,CC-330,PO-4595496,17768.88,GBP,CT-2024-102,Ball bearing 6205-2RS,2668,6.66
INV-502236,2025-10-13,Bayfront Partners & Co,Professional Services,Marine Fleet,CC-330,PO-4535303,4843.74,GBP,,,,
INV-500264,2025-10-14,Wavecrest Couriers SAS,Logistics & Freight,Corporate,CC-900,PO-4532740,26367.45,EUR,CT-2024-104,,,
INV-500490,2025-10-14,Castlegate Media Ltd,Marketing & Events,Marine Fleet,CC-330,PO-4506432,5657.8,GBP,CT-2024-108,,,
INV-500524,2025-10-14,Castlegate Media Ltd,Marketing & Events,Offshore Wind,CC-110,PO-4547021,7149.24,GBP,CT-2024-108,,,
INV-500542,2025-10-14,Coastway Fuels Inc,Fuel & Lubricants,Corporate,CC-900,PO-4553383,4689.74,USD,CT-2025-109,,,
INV-501628,2025-10-14,Ironbridge Diving Services Limited,Marine Services,Offshore Wind,CC-110,,5123.2,GBP,CT-2025-133,,,
INV-501868,2025-10-14,Greystone PPE Supplies PLC,Safety & PPE,Offshore Wind,CC-110,,2730,GBP,CT-2025-145,"Hi-vis jacket, class 3",104,26.25
INV-502364,2025-10-14,Stonehaven Property Care Ltd,Facilities Management,Marine Fleet,CC-330,PO-4547759,3096.97,GBP,,,,
INV-502889,2025-10-14,Brightmoor Workwear Ltd,Safety & PPE,Ports & Terminals,CC-220,,1076.4,GBP,,"Nitrile gloves, box of 100",130,8.28
INV-503102,2025-10-14,Northstar Lubricants Inc,Fuel & Lubricants,Corporate,CC-900,PO-4575969,516.75,USD,,,,
INV-503222,2025-10-14,Westerly Media Ltd,Marketing & Events,Ports & Terminals,CC-220,PO-4516126,123.79,GBP,,,,
INV-503286,2025-10-14,Quarrymead Bunkering Inc,Fuel & Lubricants,Ports & Terminals,CC-220,PO-4503807,222.1,USD,,,,
INV-500541,2025-10-15,Coastway Fuels Inc,Fuel & Lubricants,Corporate,CC-900,PO-4588905,7724.22,USD,CT-2025-109,,,
INV-500771,2025-10-15,Foxley Systems Inc,IT Hardware & Software,Corporate,CC-900,,8976.34,USD,,Docking station USB-C,34,264.01
INV-501046,2025-10-15,Juniper Events & Co,Marketing & Events,Ports & Terminals,CC-220,,11913.57,GBP,CT-2025-117,,,
INV-501533,2025-10-15,Pembury Civils PLC,Construction & Civils,Ports & Terminals,CC-220,PO-4541300,6877.23,GBP,CT-2024-128,,,
INV-501916,2025-10-15,Castlegate Utilities Ltd,Energy & Utilities,Offshore Wind,CC-110,PO-4530619,3342.37,GBP,,,,
INV-502380,2025-10-15,Thistle Facilities Limited,Facilities Management,Corporate,CC-900,PO-4543618,3803.48,GBP,CT-2024-178,,,
INV-502735,2025-10-15,Lanyard Software Ltd,IT Hardware & Software,Marine Fleet,CC-330,PO-4552328,1196.1,GBP,,27in monitor,5,239.22
INV-503264,2025-10-15,Keelson Hydraulics Ltd,MRO & Spare Parts,Marine Fleet,CC-330,,99.19,GBP,,Centrifugal pump seal kit,1,99.19
CN-503383,2025-10-15,Lanyard Kitchens Ltd,Catering & Hospitality,Offshore Wind,CC-900,PO-4597747,-4679.41,GBP,CT-2025-149,,,
INV-500209,2025-10-16,Ironbridge Stationers Ltd,Office Supplies,Marine Fleet,CC-330,PO-4594865,10787.92,GBP,CT-2025-103,"Ballpoint pens, box of 50",1196,9.02
INV-500225,2025-10-16,Ironbridge Stationers Ltd,Office Supplies,Marine Fleet,CC-330,PO-4565603,10602.08,GBP,CT-2025-103,"A4 copier paper, box of 5 reams",536,19.78
INV-500636,2025-10-16,Quarrymead Stevedoring A/S,Port & Terminal Services,Marine Fleet,CC-330,PO-4529742,13400.5,EUR,CT-2024-110,,,
INV-501182,2025-10-16,Heathmere Cleaning Limited,Facilities Management,Marine Fleet,CC-330,PO-4512005,1846.29,GBP,CT-2024-120,,,
INV-501467,2025-10-16,Merrow Events Ltd,Marketing & Events,Ports & Terminals,CC-220,PO-4528412,2659.9,GBP,CT-2024-124,,,
INV-501529,2025-10-16,Pembury Civils PLC,Construction & Civils,Ports & Terminals,CC-220,PO-4586860,9224.99,GBP,CT-2024-128,,,
INV-501732,2025-10-16,Driftwood Industrial & Co,MRO & Spare Parts,Corporate,CC-900,PO-4582529,7367.91,GBP,,Centrifugal pump seal kit,83,88.77
INV-502455,2025-10-16,Oakridge Systems Ltd,IT Hardware & Software,Corporate,CC-900,PO-4511026,6736.56,GBP,,Rugged tablet,4,1684.14
INV-502589,2025-10-16,Wavecrest Industrial Ltd,MRO & Spare Parts,Marine Fleet,CC-330,PO-4585704,2117.32,GBP,,"Hydraulic hose 1/2in, per metre",172,12.31
INV-502906,2025-10-16,Wavecrest Creative & Co,Marketing & Events,Corporate,CC-900,,776.78,GBP,,,,
INV-502935,2025-10-16,Yarrow Hospitality & Co,Catering & Hospitality,Corporate,CC-900,PO-4515532,610.75,GBP,,,,
INV-503142,2025-10-16,Keelson Training PLC,Training & Development,Offshore Wind,CC-110,PO-4531811,108.7,GBP,,,,
INV-503216,2025-10-16,Westerly Media Ltd,Marketing & Events,Ports & Terminals,CC-220,PO-4596105,102.41,GBP,,,,
INV-503270,2025-10-16,Mariner Industrial PLC,MRO & Spare Parts,Marine Fleet,CC-330,PO-4576335,110.08,GBP,,"Hydraulic hose 1/2in, per metre",8,13.76
INV-500014,2025-10-17,Wavecrest Bearings Ltd,MRO & Spare Parts,Corporate,CC-900,PO-4524787,33010.52,GBP,CT-2024-100,Ball bearing 6205-2RS,4876,6.77
INV-500026,2025-10-17,Wavecrest Bearings Ltd,MRO & Spare Parts,Corporate,CC-900,PO-4524332,29563.65,GBP,CT-2024-100,Gate valve DN50 PN16,183,161.55
INV-501018,2025-10-17,Oakridge Valves PLC,MRO & Spare Parts,Offshore Wind,CC-110,PO-4557738,5962.64,GBP,CT-2024-116,"Stainless bolts M12x50, box of 50",146,40.84
INV-501025,2025-10-17,Juniper Events & Co,Marketing & Events,Ports & Terminals,CC-220,PO-4551738,10841.55,GBP,CT-2025-117,,,
INV-501171,2025-10-17,Kingsway Fasteners PLC,MRO & Spare Parts,Marine Fleet,CC-330,PO-4539134,4915.5,GBP,CT-2025-119,Gate valve DN50 PN16,29,169.5
INV-502157,2025-10-17,Saltmarsh Travel Limited,Travel & Accommodation,Corporate,CC-900,PO-4515311,2207.25,GBP,,,,
INV-502338,2025-10-17,Coastway Hotels & Co,Travel & Accommodation,Corporate,CC-900,PO-4514429,1330.78,GBP,,,,
INV-502489,2025-10-17,Harrowgate Furniture Ltd,Office Supplies,Corporate,CC-900,PO-4536737,1362.9,GBP,,"Toner cartridge, black, high yield",14,97.35
INV-502550,2025-10-17,Windrush Print Ltd,Marketing & Events,Marine Fleet,CC-330,PO-4537946,5909.29,GBP,,,,
INV-502859,2025-10-17,Juniper Stationers Ltd,Office Supplies,Marine Fleet,CC-330,PO-4525748,2737.98,GBP,,"A4 copier paper, box of 5 reams",123,22.26
INV-500195,2025-10-18,Ironbridge Stationers Ltd,Office Supplies,Marine Fleet,CC-330,PO-4545270,19104.36,GBP,CT-2025-103,"Ballpoint pens, box of 50",2118,9.02
INV-500472,2025-10-18,Castlegate Media Ltd,Marketing & Events,Corporate,CC-900,PO-4539804,4180.63,GBP,CT-2024-108,,,
INV-501330,2025-10-18,Juniper Learning PLC,Training & Development,Marine Fleet,CC-330,PO-4556383,4094.16,GBP,CT-2025-121,,,
INV-501590,2025-10-18,Starboard Fasteners BV,MRO & Spare Parts,Ports & Terminals,CC-220,PO-4563087,11625.81,EUR,CT-2024-130,Centrifugal pump seal kit,87,133.63
INV-501829,2025-10-18,Greystone Systems Inc,IT Hardware & Software,Marine Fleet,CC-330,,7845.8,USD,,"Laptop, 14in business",5,1569.16
INV-501843,2025-10-18,Greystone Systems Inc,IT Hardware & Software,Marine Fleet,CC-330,,4707.48,USD,CT-2025-143,"Laptop, 14in business",3,1569.16
INV-502362,2025-10-18,Stonehaven Property Care Ltd,Facilities Management,Marine Fleet,CC-330,PO-4541244,6046.24,GBP,,,,
INV-502431,2025-10-18,Starboard Creative Limited,Marketing & Events,Ports & Terminals,CC-220,,4075.45,GBP,,,,
INV-502733,2025-10-18,Lanyard Software Ltd,IT Hardware & Software,Marine Fleet,CC-330,PO-4584336,1772.21,GBP,,Docking station USB-C,11,161.11
INV-502817,2025-10-18,Kingsway Kitchens Limited,Catering & Hospitality,Corporate,CC-900,PO-4546487,2545.37,GBP,,,,
INV-500091,2025-10-19,Westerly Safety PLC,Safety & PPE,Offshore Wind,CC-110,PO-4537191,32925.27,GBP,CT-2025-101,"Ear defenders, SNR 30",1889,17.43
INV-500327,2025-10-19,Anchorline Advisory PLC,Professional Services,Marine Fleet,CC-330,PO-4529017,11208.03,GBP,CT-2025-105,,,
INV-500632,2025-10-19,Quarrymead Stevedoring A/S,Port & Terminal Services,Ports & Terminals,CC-220,PO-4548616,7413.77,EUR,CT-2024-110,,,
INV-500920,2025-10-19,Shorewell Safety Ltd,Safety & PPE,Corporate,CC-900,PO-4589205,6251.35,GBP,CT-2024-114,"Ear defenders, SNR 30",371,16.85
INV-501853,2025-10-19,Deepwell Diving Services PLC,Marine Services,Marine Fleet,CC-330,PO-4510923,3788.73,GBP,,,,
INV-501919,2025-10-19,Blackwater Stationers & Co,Office Supplies,Offshore Wind,CC-110,,6530.72,GBP,,"Toner cartridge, black, high yield",68,96.04
INV-501954,2025-10-19,Tarnside Haulage PLC,Logistics & Freight,Ports & Terminals,CC-220,PO-4595799,2838.39,GBP,,,,
INV-502083,2025-10-19,Driftwood Bearings & Co,MRO & Spare Parts,Corporate,CC-900,PO-4567679,2792.16,GBP,,Gate valve DN50 PN16,16,174.51
INV-502443,2025-10-19,Stonehaven Legal Ltd,Professional Services,Ports & Terminals,CC-220,,1670.13,GBP,CT-2025-185,,,
INV-502644,2025-10-19,Pembury Couriers Ltd,Logistics & Freight,Offshore Wind,CC-110,,1805.89,GBP,,,,
INV-503153,2025-10-19,Upton Academy Ltd,Training & Development,Corporate,CC-900,PO-4581701,215.63,GBP,,,,
INV-503344,2025-10-19,Kingsway Recruitment PLC,Temporary Labour,Corporate,CC-900,PO-4566505,18,GBP,,,,
INV-500005,2025-10-20,Wavecrest Bearings Ltd,MRO & Spare Parts,Marine Fleet,CC-330,PO-4563299,9747.8,GBP,CT-2024-100,"Stainless bolts M12x50, box of 50",235,41.48
INV-500655,2025-10-20,Quarrymead Stevedoring A/S,Port & Terminal Services,Ports & Terminals,CC-220,PO-4586897,13804.38,EUR,CT-2024-110,,,
INV-503215,2025-10-20,Westerly Media Ltd,Marketing & Events,Ports & Terminals,CC-220,PO-4586703,139.92,GBP,,,,
INV-503255,2025-10-20,Castlegate Learning Ltd,Training & Development,Offshore Wind,CC-110,PO-4507112,107.63,GBP,,,,
INV-500139,2025-10-21,Ravensworth Pumps Limited,MRO & Spare Parts,Marine Fleet,CC-330,PO-4517676,10330.45,GBP,CT-2024-102,Gate valve DN50 PN16,65,158.93
INV-501470,2025-10-21,Merrow Events Ltd,Marketing & Events,Ports & Terminals,CC-220,PO-4532952,4716.03,GBP,CT-2024-124,,,
INV-502220,2025-10-21,Merrow Office Supplies & Co,Office Supplies,Corporate,CC-900,PO-4517555,8566.95,GBP,,"Ballpoint pens, box of 50",861,9.95
INV-502417,2025-10-21,Saltmarsh Cleaning & Co,Facilities Management,Offshore Wind,CC-110,,3144.31,GBP,CT-2025-183,,,
INV-500188,2025-10-22,Ironbridge Stationers Ltd,Office Supplies,Corporate,CC-900,PO-4572929,9652.64,GBP,CT-2025-103,"Toner cartridge, black, high yield",122,79.12
INV-500747,2025-10-22,Foxley Systems Inc,IT Hardware & Software,Ports & Terminals,CC-220,PO-4512536,8896.32,USD,CT-2024-112,Rugged tablet,4,2224.08
INV-500767,2025-10-22,Foxley Systems Inc,IT Hardware & Software,Offshore Wind,CC-110,PO-4573707,13344.48,USD,CT-2024-112,Rugged tablet,6,2224.08
INV-501251,2025-10-22,Heathmere Cleaning Limited,Facilities Management,Marine Fleet,CC-330,PO-4512171,1706.8,GBP,CT-2024-120,,,
INV-501336,2025-10-22,Coastway Logistics BV,Logistics & Freight,Offshore Wind,CC-110,PO-4585758,7708.5,EUR,CT-2024-122,,,
INV-502661,2025-10-22,Windrush Digital & Co,IT Hardware & Software,Marine Fleet,CC-330,PO-4521871,1476.9,GBP,,Rugged tablet,1,1476.9
INV-502858,2025-10-22,Juniper Stationers Ltd,Office Supplies,Marine Fleet,CC-330,PO-4544812,1869.63,GBP,,"Toner cartridge, black, high yield",21,89.03
INV-503204,2025-10-22,Keelson PPE Supplies Ltd,Safety & PPE,Ports & Terminals,CC-220,,64.53,GBP,,"Safety boots, S3",1,64.53
INV-503296,2025-10-22,Eastholme Networks LLC,IT Hardware & Software,Marine Fleet,CC-330,,355.82,USD,,27in monitor,1,355.82
INV-503355,2025-10-22,Deepwell Hotels Limited,Travel & Accommodation,Offshore Wind,CC-110,PO-4548072,18.94,GBP,,,,
INV-500065,2025-10-23,Westerly Safety PLC,Safety & PPE,Offshore Wind,CC-110,PO-4572521,33099.57,GBP,CT-2025-101,"Ear defenders, SNR 30",1899,17.43
INV-500393,2025-10-23,Clearwater Facilities Ltd,Facilities Management,Ports & Terminals,CC-220,PO-4543250,11043.64,GBP,CT-2025-107,,,
INV-500537,2025-10-23,Coastway Fuels Inc,Fuel & Lubricants,Corporate,CC-900,PO-4525775,6628.77,USD,CT-2025-109,,,
INV-500953,2025-10-23,Blackwater Travel PLC,Travel & Accommodation,Corporate,CC-900,PO-4502395,13587.53,GBP,CT-2025-115,,,
INV-500975,2025-10-23,Oakridge Valves PLC,MRO & Spare Parts,Offshore Wind,CC-110,PO-4580372,6362,GBP,CT-2024-116,Gate valve DN50 PN16,40,159.05
INV-501242,2025-10-23,Heathmere Cleaning Limited,Facilities Management,Marine Fleet,CC-330,PO-4566112,3197.84,GBP,CT-2024-120,,,
INV-501545,2025-10-23,Pembury Civils PLC,Construction & Civils,Ports & Terminals,CC-220,PO-4565209,2478.96,GBP,,,,
INV-501568,2025-10-23,Juniper Recruitment Ltd,Temporary Labour,Ports & Terminals,CC-220,PO-4531707,8351.47,GBP,CT-2025-129,,,
INV-501793,2025-10-23,Tarnside Staffing Ltd,Temporary Labour,Marine Fleet,CC-330,PO-4591317,5698.71,GBP,,,,
INV-501812,2025-10-23,Quarrymead Terminals A/S,Port & Terminal Services,Ports & Terminals,CC-220,PO-4587684,4241.66,EUR,,,,
INV-502037,2025-10-23,Clearwater Civils Ltd,Construction & Civils,Ports & Terminals,CC-220,PO-4566924,7820.76,GBP,,,,
INV-502376,2025-10-23,Fairhaven Events Ltd,Marketing & Events,Corporate,CC-900,,6136.24,GBP,,,,
INV-502630,2025-10-23,Stonehaven PPE Supplies A/S,Safety & PPE,Marine Fleet,CC-330,PO-4519457,2699.38,EUR,,"Safety helmet, EN397",139,19.42
INV-502728,2025-10-23,Anchorline Maintenance & Co,Facilities Management,Marine Fleet,CC-330,PO-4542289,2940.6,GBP,,,,
INV-503226,2025-10-23,Pembury PPE Supplies Ltd,Safety & PPE,Marine Fleet,CC-330,PO-4569602,126.14,GBP,,"Safety helmet, EN397",7,18.02
INV-500194,2025-10-24,Ironbridge Stationers Ltd,Office Supplies,Marine Fleet,CC-330,PO-4571567,16865.39,GBP,,Ergonomic office chair,97,173.87
INV-500605,2025-10-24,Quarrymead Stevedoring A/S,Port & Terminal Services,Ports & Terminals,CC-220,PO-4571654,4367.06,EUR,,,,
INV-501064,2025-10-24,Stonehaven Construction PLC,Construction & Civils,Offshore Wind,CC-110,PO-4544228,5221.75,GBP,CT-2024-118,,,
INV-501874,2025-10-24,Greystone PPE Supplies PLC,Safety & PPE,Offshore Wind,CC-110,PO-4554760,3517.5,GBP,CT-2025-145,"Hi-vis jacket, class 3",134,26.25
INV-501899,2025-10-24,Castlegate Utilities Ltd,Energy & Utilities,Offshore Wind,CC-110,PO-4501825,2354.22,GBP,,,,
INV-502066,2025-10-24,Keelson Diving Services & Co,Marine Services,Offshore Wind,CC-110,PO-4566340,2091.31,GBP,,,,
INV-502734,2025-10-24,Lanyard Software Ltd,IT Hardware & Software,Marine Fleet,CC-330,PO-4590729,2109.08,GBP,,"Laptop, 14in business",2,1054.54
INV-500363,2025-10-25,Merrow Workwear Ltd,Safety & PPE,Ports & Terminals,CC-220,PO-4548386,13833.56,GBP,CT-2024-106,"Hi-vis jacket, class 3",481,28.76
INV-501200,2025-10-25,Heathmere Cleaning Limited,Facilities Management,Marine Fleet,CC-330,PO-4535942,4733.31,GBP,CT-2024-120,,,
INV-501230,2025-10-25,Heathmere Cleaning Limited,Facilities Management,Ports & Terminals,CC-220,PO-4543078,2834.59,GBP,CT-2024-120,,,
INV-501263,2025-10-25,Juniper Learning PLC,Training & Development,Ports & Terminals,CC-220,PO-4597535,1584.33,GBP,CT-2025-121,,,
INV-501809,2025-10-25,Quarrymead Terminals A/S,Port & Terminal Services,Ports & Terminals,CC-220,PO-4577859,3159.16,EUR,,,,
INV-500865,2025-10-26,Shorewell Safety Ltd,Safety & PPE,Corporate,CC-900,PO-4528527,5543.65,GBP,CT-2024-114,"Ear defenders, SNR 30",329,16.85
INV-501619,2025-10-26,Upton Kitchens Ltd,Catering & Hospitality,Offshore Wind,CC-110,PO-4571940,7507.14,GBP,CT-2024-132,,,
INV-501746,2025-10-26,Anchorline Marine PLC,Marine Services,Ports & Terminals,CC-220,,11182.24,GBP,,,,
INV-501927,2025-10-26,Blackwater Stationers & Co,Office Supplies,Offshore Wind,CC-110,PO-4571840,8259.44,GBP,,"Toner cartridge, black, high yield",86,96.04
INV-501981,2025-10-26,Whitcombe Haulage SAS,Logistics & Freight,Ports & Terminals,CC-220,PO-4594665,6288.27,EUR,,,,
INV-502146,2025-10-26,Saltmarsh Travel Limited,Travel & Accommodation,Offshore Wind,CC-110,,1070.02,GBP,,,,
INV-502699,2025-10-26,Ironbridge Software Ltd,IT Hardware & Software,Marine Fleet,CC-330,PO-4535630,1227.34,GBP,,"Laptop, 14in business",1,1227.34
INV-503022,2025-10-26,Merrow Energy & Co,Energy & Utilities,Corporate,CC-900,PO-4505496,179.74,GBP,,,,
INV-500041,2025-10-27,Wavecrest Bearings Ltd,MRO & Spare Parts,Corporate,CC-900,PO-4594982,31340.7,GBP,CT-2024-100,Gate valve DN50 PN16,194,161.55
INV-500318,2025-10-27,Anchorline Advisory PLC,Professional Services,Offshore Wind,CC-110,PO-4525468,19643.97,GBP,CT-2025-105,,,
INV-500341,2025-10-27,Merrow Workwear Ltd,Safety & PPE,Ports & Terminals,CC-220,PO-4592222,20461.95,GBP,CT-2024-106,"Safety helmet, EN397",1035,19.77
INV-500453,2025-10-27,Castlegate Media Ltd,Marketing & Events,Offshore Wind,CC-110,,6368.01,GBP,,,,
INV-500741,2025-10-27,Foxley Systems Inc,IT Hardware & Software,Marine Fleet,CC-330,PO-4558082,13344.48,USD,CT-2024-112,Rugged tablet,6,2224.08
INV-501013,2025-10-27,Oakridge Valves PLC,MRO & Spare Parts,Offshore Wind,CC-110,PO-4538543,3036.96,GBP,CT-2024-116,Ball bearing 6205-2RS,456,6.66
INV-501383,2025-10-27,Starboard Pumps & Co,MRO & Spare Parts,Offshore Wind,CC-110,PO-4590728,10262.85,GBP,CT-2025-123,Ball bearing 6205-2RS,1385,7.41
INV-502225,2025-10-27,Bayfront Partners & Co,Professional Services,Marine Fleet,CC-330,PO-4568961,1795.5,GBP,,,,
INV-502605,2025-10-27,Whitcombe Telecom & Co,Telecoms,Ports & Terminals,CC-220,PO-4596675,1507.65,GBP,,,,
INV-500154,2025-10-28,Ravensworth Pumps Limited,MRO & Spare Parts,Marine Fleet,CC-330,PO-4511777,8162,GBP,CT-2024-102,"Stainless bolts M12x50, box of 50",200,40.81
INV-500498,2025-10-28,Castlegate Media Ltd,Marketing & Events,Ports & Terminals,CC-220,PO-4535378,4831.33,GBP,CT-2024-108,,,
INV-500631,2025-10-28,Quarrymead Stevedoring A/S,Port & Terminal Services,Ports & Terminals,CC-220,PO-4597639,7839.47,EUR,CT-2024-110,,,
INV-500789,2025-10-28,Shorewell Digital LLC,IT Hardware & Software,Ports & Terminals,CC-220,PO-4597185,6263.73,USD,CT-2025-113,27in monitor,19,329.67
INV-501104,2025-10-28,Kingsway Fasteners PLC,MRO & Spare Parts,Marine Fleet,CC-330,PO-4548510,2219.52,GBP,CT-2025-119,"Stainless bolts M12x50, box of 50",51,43.52
INV-501269,2025-10-28,Juniper Learning PLC,Training & Development,Ports & Terminals,CC-220,PO-4545278,2052.2,GBP,CT-2025-121,,,
INV-501506,2025-10-28,Kingsway Staffing PLC,Temporary Labour,Ports & Terminals,CC-220,PO-4511481,31943.79,GBP,CT-2024-126,,,
INV-501728,2025-10-28,Driftwood Industrial & Co,MRO & Spare Parts,Corporate,CC-900,PO-4540470,10577.14,GBP,,"Stainless bolts M12x50, box of 50",301,35.14
INV-502340,2025-10-28,Coastway Hotels & Co,Travel & Accommodation,Marine Fleet,CC-330,PO-4565221,1789.51,GBP,,,,
INV-502591,2025-10-28,Wavecrest Industrial Ltd,MRO & Spare Parts,Marine Fleet,CC-330,PO-4515674,2589.03,GBP,,Ball bearing 6205-2RS,387,6.69
INV-502685,2025-10-28,Quarrymead Office Supplies Ltd,Office Supplies,Corporate,CC-900,PO-4572332,4611.6,GBP,,"Toner cartridge, black, high yield",56,82.35
INV-503007,2025-10-28,Stonehaven Partners Limited,Professional Services,Offshore Wind,CC-110,,248.64,GBP,,,,
CN-503381,2025-10-28,Ravensworth Pumps Limited,MRO & Spare Parts,Marine Fleet,CC-900,PO-4575611,-2378.08,GBP,CT-2024-102,,,
INV-500161,2025-10-29,Ravensworth Pumps Limited,MRO & Spare Parts,Marine Fleet,CC-330,PO-4524034,14123.33,GBP,CT-2024-102,Centrifugal pump seal kit,137,103.09
INV-500283,2025-10-29,Wavecrest Couriers SAS,Logistics & Freight,Marine Fleet,CC-330,PO-4597039,22843.75,EUR,CT-2024-104,,,
INV-500811,2025-10-29,Shorewell Digital LLC,IT Hardware & Software,Ports & Terminals,CC-220,PO-4510697,9351.9,USD,CT-2025-113,Rugged tablet,5,1870.38
INV-500972,2025-10-29,Oakridge Valves PLC,MRO & Spare Parts,Offshore Wind,CC-110,PO-4598479,5426.75,GBP,CT-2024-116,"Hydraulic hose 1/2in, per metre",443,12.25
INV-501416,2025-10-29,Merrow Events Ltd,Marketing & Events,Ports & Terminals,CC-220,PO-4589786,1549.02,GBP,CT-2024-124,,,
INV-501849,2025-10-29,Deepwell Diving Services PLC,Marine Services,Marine Fleet,CC-330,PO-4566521,5146.92,GBP,,,,
INV-502567,2025-10-29,Stonehaven Fasteners Ltd,MRO & Spare Parts,Ports & Terminals,CC-220,PO-4590138,22321.96,GBP,,"Hydraulic hose 1/2in, per metre",1748,12.77
INV-502745,2025-10-29,Oakridge Advisory Limited,Professional Services,Marine Fleet,CC-330,PO-4567230,680.77,GBP,,,,
INV-502787,2025-10-29,Blackwater Construction Ltd,Construction & Civils,Corporate,CC-900,,845.02,GBP,,,,
INV-503151,2025-10-29,Lowther Systems Limited,IT Hardware & Software,Marine Fleet,CC-330,PO-4535753,1138.26,GBP,,"Laptop, 14in business",1,1138.26
INV-500019,2025-10-30,Wavecrest Bearings Ltd,MRO & Spare Parts,Corporate,CC-900,PO-4563081,13190.64,GBP,CT-2024-100,"Stainless bolts M12x50, box of 50",318,41.48
INV-500302,2025-10-30,Anchorline Advisory PLC,Professional Services,Ports & Terminals,CC-220,PO-4599939,11499.27,GBP,CT-2025-105,,,
INV-500375,2025-10-30,Merrow Workwear Ltd,Safety & PPE,Ports & Terminals,CC-220,PO-4595455,15600.9,GBP,CT-2024-106,"Safety boots, S3",210,74.29
INV-500641,2025-10-30,Quarrymead Stevedoring A/S,Port & Terminal Services,Ports & Terminals,CC-220,PO-4560814,13649.32,EUR,CT-2024-110,,,
INV-501027,2025-10-30,Juniper Events & Co,Marketing & Events,Ports & Terminals,CC-220,,15221.72,GBP,CT-2025-117,,,
INV-501441,2025-10-30,Merrow Events Ltd,Marketing & Events,Ports & Terminals,CC-220,PO-4588606,3945.01,GBP,CT-2024-124,,,
INV-501546,2025-10-30,Pembury Civils PLC,Construction & Civils,Marine Fleet,CC-330,PO-4539540,3993.1,GBP,CT-2024-128,,,
INV-501643,2025-10-30,Ironbridge Diving Services Limited,Marine Services,Offshore Wind,CC-110,PO-4590318,5164.02,GBP,CT-2025-133,,,
INV-502018,2025-10-30,Kingsway Facilities Ltd,Facilities Management,Corporate,CC-900,PO-4523207,4520.43,GBP,CT-2025-153,,,
INV-502330,2025-10-30,Pembury Diving Services Ltd,Marine Services,Offshore Wind,CC-110,PO-4548615,4283.08,GBP,,,,
INV-502706,2025-10-30,Shorewell Networks LLC,IT Hardware & Software,Ports & Terminals,CC-220,,4303.78,USD,,Rugged tablet,2,2151.89
INV-502938,2025-10-30,Yarrow Hospitality & Co,Catering & Hospitality,Corporate,CC-900,PO-4535178,711.38,GBP,,,,
INV-503072,2025-10-30,Thistle Office Supplies Ltd,Office Supplies,Ports & Terminals,CC-220,PO-4546955,440.61,GBP,,"A4 copier paper, box of 5 reams",19,23.19
INV-503123,2025-10-30,Fairhaven Bunkering Limited,Fuel & Lubricants,Offshore Wind,CC-110,PO-4515569,343.89,GBP,,,,
INV-503137,2025-10-30,Kingsway Stationers Ltd,Office Supplies,Marine Fleet,CC-330,PO-4548753,118.92,GBP,,"Ballpoint pens, box of 50",12,9.91
INV-500118,2025-10-31,Ravensworth Pumps Limited,MRO & Spare Parts,Marine Fleet,CC-330,PO-4591958,24037.09,GBP,CT-2024-102,"Stainless bolts M12x50, box of 50",589,40.81
INV-500664,2025-10-31,Bayfront Hydraulics Ltd,MRO & Spare Parts,Offshore Wind,CC-110,PO-4593563,2444.47,GBP,CT-2025-111,Ball bearing 6205-2RS,329,7.43
INV-501212,2025-10-31,Heathmere Cleaning Limited,Facilities Management,Marine Fleet,CC-330,PO-4591008,4139.71,GBP,CT-2024-120,,,
INV-501277,2025-10-31,Juniper Learning PLC,Training & Development,Ports & Terminals,CC-220,PO-4507807,4659.93,GBP,CT-2025-121,,,
INV-501574,2025-10-31,Juniper Recruitment Ltd,Temporary Labour,Ports & Terminals,CC-220,PO-4579771,2891.86,GBP,CT-2025-129,,,
INV-501607,2025-10-31,Upton Kitchens Ltd,Catering & Hospitality,Marine Fleet,CC-330,,4870.58,GBP,CT-2024-132,,,
INV-501857,2025-10-31,Deepwell Diving Services PLC,Marine Services,Ports & Terminals,CC-220,PO-4564069,5375.59,GBP,,,,
INV-501879,2025-10-31,Greystone PPE Supplies PLC,Safety & PPE,Offshore Wind,CC-110,PO-4523307,4515,GBP,CT-2025-145,"Hi-vis jacket, class 3",172,26.25
INV-501992,2025-10-31,Bayfront Advisory Ltd,Professional Services,Marine Fleet,CC-330,,2491.67,GBP,,,,
INV-502871,2025-10-31,Bayfront Kitchens Ltd,Catering & Hospitality,Offshore Wind,CC-110,PO-4545852,3613.35,GBP,,,,
INV-502922,2025-10-31,Lanyard Industrial Limited,MRO & Spare Parts,Offshore Wind,CC-110,,666.36,GBP,,"Stainless bolts M12x50, box of 50",18,37.02
INV-503315,2025-10-31,Vantage Media PLC,Marketing & Events,Ports & Terminals,CC-220,PO-4541634,38.51,GBP,,,,
INV-500027,2025-11-01,Wavecrest Bearings Ltd,MRO & Spare Parts,Corporate,CC-900,PO-4555947,20408.16,GBP,CT-2024-100,"Stainless bolts M12x50, box of 50",492,41.48
INV-500356,2025-11-01,Merrow Workwear Ltd,Safety & PPE,Ports & Terminals,CC-220,PO-4545774,22724.25,GBP,CT-2024-106,"Ear defenders, SNR 30",1025,22.17
INV-500515,2025-11-01,Castlegate Media Ltd,Marketing & Events,Offshore Wind,CC-110,PO-4501003,6233.75,GBP,CT-2024-108,,,
INV-500678,2025-11-01,Bayfront Hydraulics Ltd,MRO & Spare Parts,Ports & Terminals,CC-220,PO-4528481,7162.52,GBP,CT-2025-111,Ball bearing 6205-2RS,964,7.43
INV-501717,2025-11-01,Thistle Software LLC,IT Hardware & Software,Offshore Wind,CC-110,PO-4566254,12014.31,USD,,27in monitor,33,364.07
INV-501799,2025-11-01,Tarnside Staffing Ltd,Temporary Labour,Marine Fleet,CC-330,PO-4588037,2496.86,GBP,,,,
INV-501942,2025-11-01,Lanyard Kitchens Ltd,Catering & Hospitality,Offshore Wind,CC-110,PO-4559684,2612.56,GBP,,,,
INV-502053,2025-11-01,Keelson Diving Services & Co,Marine Services,Marine Fleet,CC-330,PO-4522091,2243.81,GBP,,,,
INV-502269,2025-11-01,Harrowgate Stationers Ltd,Office Supplies,Offshore Wind,CC-110,PO-4518114,5088.34,GBP,CT-2025-167,Ergonomic office chair,29,175.46
INV-502310,2025-11-01,Wavecrest Travel Limited,Travel & Accommodation,Corporate,CC-900,PO-4560703,2115.01,GBP,,,,
INV-502408,2025-11-01,Fairhaven Facilities Ltd,Facilities Management,Offshore Wind,CC-110,,3020.05,GBP,,,,
INV-503100,2025-11-01,Northstar Lubricants Inc,Fuel & Lubricants,Corporate,CC-900,,529.26,USD,,,,
INV-500155,2025-11-02,Ravensworth Pumps Limited,MRO & Spare Parts,Ports & Terminals,CC-220,PO-4536823,11689.2,GBP,CT-2024-102,"Hydraulic hose 1/2in, per metre",955,12.24
INV-500230,2025-11-02,Wavecrest Couriers SAS,Logistics & Freight,Marine Fleet,CC-330,PO-4500412,13728.18,EUR,CT-2024-104,,,
INV-500390,2025-11-02,Clearwater Facilities Ltd,Facilities Management,Offshore Wind,CC-110,PO-4515289,10816.17,GBP,CT-2025-107,,,
INV-500665,2025-11-02,Bayfront Hydraulics Ltd,MRO & Spare Parts,Offshore Wind,CC-110,PO-4582913,4890.28,GBP,CT-2025-111,"Hydraulic hose 1/2in, per metre",358,13.66
INV-501401,2025-11-02,Starboard Pumps & Co,MRO & Spare Parts,Marine Fleet,CC-330,PO-4563777,6946.2,GBP,CT-2025-123,"Stainless bolts M12x50, box of 50",153,45.4
INV-501567,2025-11-02,Juniper Recruitment Ltd,Temporary Labour,Ports & Terminals,CC-220,PO-4525099,8653.3,GBP,CT-2025-129,,,
INV-501640,2025-11-02,Ironbridge Diving Services Limited,Marine Services,Offshore Wind,CC-110,,7945.38,GBP,CT-2025-133,,,
INV-501642,2025-11-02,Ironbridge Diving Services Limited,Marine Services,Offshore Wind,CC-110,PO-4561669,3945.48,GBP,CT-2025-133,,,
INV-502048,2025-11-02,Keelson Diving Services & Co,Marine Services,Corporate,CC-900,PO-4551637,4651.84,GBP,,,,
INV-502247,2025-11-02,Lanyard Fasteners & Co,MRO & Spare Parts,Corporate,CC-900,,5861.46,GBP,,Ball bearing 6205-2RS,913,6.42
INV-502920,2025-11-02,Keelson Towage Ltd,Marine Services,Marine Fleet,CC-330,PO-4594714,1165.66,GBP,,,,
INV-502926,2025-11-02,Lanyard Industrial Limited,MRO & Spare Parts,Offshore Wind,CC-110,,1036.56,GBP,,"Stainless bolts M12x50, box of 50",28,37.02
INV-503332,2025-11-02,Foxley Academy & Co,Training & Development,Corporate,CC-900,PO-4561764,18,GBP,,,,
INV-500038,2025-11-03,Wavecrest Bearings Ltd,MRO & Spare Parts,Corporate,CC-900,,11116.64,GBP,CT-2024-100,"Stainless bolts M12x50, box of 50",268,41.48
INV-500039,2025-11-03,Wavecrest Bearings Ltd,MRO & Spare Parts,Corporate,CC-900,PO-4545638,14816.04,GBP,CT-2024-100,"Hydraulic hose 1/2in, per metre",1191,12.44
INV-500413,2025-11-03,Clearwater Facilities Ltd,Facilities Management,Ports & Terminals,CC-220,PO-4586148,9167.35,GBP,CT-2025-107,,,
INV-501824,2025-11-03,Quarrymead Terminals A/S,Port & Terminal Services,Ports & Terminals,CC-220,PO-4554248,7591.61,EUR,,,,
INV-502626,2025-11-03,Oakridge Events & Co,Marketing & Events,Marine Fleet,CC-330,PO-4588025,1970.02,GBP,,,,
INV-502743,2025-11-03,Oakridge Advisory Limited,Professional Services,Ports & Terminals,CC-220,,898.1,GBP,,,,
INV-503146,2025-11-03,Keelson Training PLC,Training & Development,Offshore Wind,CC-110,,414.33,GBP,,,,
INV-503320,2025-11-03,Coastway Fasteners Limited,MRO & Spare Parts,Marine Fleet,CC-330,PO-4555844,172.47,GBP,,Gate valve DN50 PN16,1,172.47
INV-501126,2025-11-04,Kingsway Fasteners PLC,MRO & Spare Parts,Marine Fleet,CC-330,PO-4553389,4746,GBP,CT-2025-119,Gate valve DN50 PN16,28,169.5
INV-502492,2025-11-04,Eastholme Port Services Limited,Port & Terminal Services,Ports & Terminals,CC-220,,12768.14,GBP,,,,
INV-502697,2025-11-04,Ironbridge Software Ltd,IT Hardware & Software,Marine Fleet,CC-330,PO-4503722,1579.64,GBP,,Rugged tablet,1,1579.64
INV-500496,2025-11-05,Castlegate Media Ltd,Marketing & Events,Offshore Wind,CC-110,PO-4574026,12026.9,GBP,CT-2024-108,,,
INV-500702,2025-11-05,Bayfront Hydraulics Ltd,MRO & Spare Parts,Offshore Wind,CC-110,PO-4561359,3546.6,GBP,CT-2025-111,Gate valve DN50 PN16,20,177.33
INV-501123,2025-11-05,Kingsway Fasteners PLC,MRO & Spare Parts,Marine Fleet,CC-330,PO-4518420,1979.1,GBP,CT-2025-119,Centrifugal pump seal kit,18,109.95
INV-501187,2025-11-05,Heathmere Cleaning Limited,Facilities Management,Marine Fleet,CC-330,PO-4523493,5379.98,GBP,CT-2024-120,,,
INV-501602,2025-11-05,Blackwater PPE Supplies & Co,Safety & PPE,Marine Fleet,CC-330,,19209.8,GBP,CT-2025-131,"Hi-vis jacket, class 3",695,27.64
INV-501650,2025-11-05,Ironbridge Diving Services Limited,Marine Services,Offshore Wind,CC-110,PO-4505905,8193.71,GBP,CT-2025-133,,,
INV-501915,2025-11-05,Castlegate Utilities Ltd,Energy & Utilities,Offshore Wind,CC-110,PO-4532123,1952.97,GBP,,,,
INV-502246,2025-11-05,Lanyard Fasteners & Co,MRO & Spare Parts,Corporate,CC-900,,6686.1,GBP,,"Stainless bolts M12x50, box of 50",170,39.33
INV-502524,2025-11-05,Deepwell Towage PLC,Marine Services,Corporate,CC-900,PO-4590803,2283.91,GBP,,,,
INV-500069,2025-11-06,Westerly Safety PLC,Safety & PPE,Offshore Wind,CC-110,PO-4501341,18814.46,GBP,CT-2025-101,"Safety boots, S3",322,58.43
INV-500227,2025-11-06,Wavecrest Couriers SAS,Logistics & Freight,Marine Fleet,CC-330,,21730.95,EUR,CT-2024-104,,,
INV-500964,2025-11-06,Oakridge Valves PLC,MRO & Spare Parts,Offshore Wind,CC-110,PO-4521808,4002.32,GBP,CT-2024-116,"Stainless bolts M12x50, box of 50",98,40.84
INV-501528,2025-11-06,Pembury Civils PLC,Construction & Civils,Ports & Terminals,CC-220,PO-4526925,9106.64,GBP,CT-2024-128,,,
INV-501775,2025-11-06,Tarnside Staffing Ltd,Temporary Labour,Offshore Wind,CC-110,PO-4534661,3923.28,GBP,,,,
INV-502529,2025-11-06,Stonehaven Haulage BV,Logistics & Freight,Marine Fleet,CC-330,PO-4508023,4160.87,EUR,CT-2024-198,,,
INV-503186,2025-11-06,Thistle Diving Services PLC,Marine Services,Offshore Wind,CC-110,PO-4541517,116.7,GBP,,,,
INV-500131,2025-11-07,Ravensworth Pumps Limited,MRO & Spare Parts,Ports & Terminals,CC-220,PO-4581534,25110.94,GBP,CT-2024-102,Gate valve DN50 PN16,158,158.93
INV-500253,2025-11-07,Wavecrest Couriers SAS,Logistics & Freight,Marine Fleet,CC-330,,8181.84,EUR,CT-2024-104,,,
INV-500475,2025-11-07,Castlegate Media Ltd,Marketing & Events,Offshore Wind,CC-110,PO-4584542,7503.39,GBP,CT-2024-108,,,
INV-500758,2025-11-07,Foxley Systems Inc,IT Hardware & Software,Offshore Wind,CC-110,PO-4563710,10976.28,USD,CT-2024-112,27in monitor,28,392.01
INV-500837,2025-11-07,Shorewell Digital LLC,IT Hardware & Software,Ports & Terminals,CC-220,PO-4515817,4285.71,USD,CT-2025-113,27in monitor,13,329.67
INV-501175,2025-11-07,Kingsway Fasteners PLC,MRO & Spare Parts,Offshore Wind,CC-110,PO-4527366,1695,GBP,CT-2025-119,Gate valve DN50 PN16,10,169.5
INV-502134,2025-11-07,Saltmarsh Travel Limited,Travel & Accommodation,Offshore Wind,CC-110,,1393.32,GBP,,,,
INV-502298,2025-11-07,Wavecrest Travel Limited,Travel & Accommodation,Corporate,CC-900,,1298.72,GBP,,,,
INV-502448,2025-11-07,Oakridge Systems Ltd,IT Hardware & Software,Ports & Terminals,CC-220,PO-4522600,3368.28,GBP,,Rugged tablet,2,1684.14
INV-502899,2025-11-07,Merrow Fasteners Ltd,MRO & Spare Parts,Corporate,CC-900,,918.33,GBP,,"Stainless bolts M12x50, box of 50",21,43.73
INV-502941,2025-11-07,Merrow Towage Ltd,Marine Services,Marine Fleet,CC-330,PO-4542035,938.93,GBP,,,,
INV-503104,2025-11-07,Northstar Lubricants Inc,Fuel & Lubricants,Corporate,CC-900,PO-4573307,438.54,USD,,,,
INV-503157,2025-11-07,Lowther Pumps & Co,MRO & Spare Parts,Offshore Wind,CC-110,PO-4567348,164.93,GBP,,Gate valve DN50 PN16,1,164.93
INV-503321,2025-11-07,Coastway Fasteners Limited,MRO & Spare Parts,Marine Fleet,CC-330,PO-4547169,101.22,GBP,,Ball bearing 6205-2RS,14,7.23
INV-500008,2025-11-08,Wavecrest Bearings Ltd,MRO & Spare Parts,Ports & Terminals,CC-220,PO-4524795,20188.14,GBP,CT-2024-100,Ball bearing 6205-2RS,2982,6.77
INV-500676,2025-11-08,Bayfront Hydraulics Ltd,MRO & Spare Parts,Offshore Wind,CC-110,PO-4548016,7057.15,GBP,CT-2025-111,"Stainless bolts M12x50, box of 50",155,45.53
INV-501505,2025-11-08,Kingsway Staffing PLC,Temporary Labour,Ports & Terminals,CC-220,,24295.98,GBP,CT-2024-126,,,
INV-501521,2025-11-08,Greystone Telecom Ltd,Telecoms,Corporate,CC-900,PO-4598516,18198.09,GBP,CT-2025-127,,,
INV-501873,2025-11-08,Greystone PPE Supplies PLC,Safety & PPE,Offshore Wind,CC-110,PO-4555285,4656.96,GBP,CT-2025-145,"Nitrile gloves, box of 100",539,8.64
INV-501986,2025-11-08,Whitcombe Haulage SAS,Logistics & Freight,Offshore Wind,CC-110,PO-4501028,6187.11,EUR,,,,
INV-502059,2025-11-08,Keelson Diving Services & Co,Marine Services,Offshore Wind,CC-110,PO-4589728,2331.99,GBP,,,,
INV-502115,2025-11-08,Windrush Travel A/S,Travel & Accommodation,Marine Fleet,CC-330,PO-4527155,6011.57,EUR,,,,
INV-502990,2025-11-08,Shorewell Office Supplies Ltd,Office Supplies,Corporate,CC-900,PO-4581297,1648.36,GBP,,"Lever arch files, pack of 10",116,14.21
INV-500349,2025-11-09,Merrow Workwear Ltd,Safety & PPE,Ports & Terminals,CC-220,PO-4532300,21391.14,GBP,CT-2024-106,"Safety helmet, EN397",1082,19.77
INV-500432,2025-11-09,Clearwater Facilities Ltd,Facilities Management,Ports & Terminals,CC-220,PO-4530097,13095.62,GBP,CT-2025-107,,,
INV-500736,2025-11-09,Foxley Systems Inc,IT Hardware & Software,Corporate,CC-900,PO-4588792,8640.35,USD,,"Laptop, 14in business",5,1728.07
INV-500993,2025-11-09,Oakridge Valves PLC,MRO & Spare Parts,Offshore Wind,CC-110,PO-4527000,4462.2,GBP,CT-2024-116,Ball bearing 6205-2RS,670,6.66
INV-501660,2025-11-09,Merrow Facilities Ltd,Facilities Management,Corporate,CC-900,PO-4538427,2674.71,GBP,CT-2024-134,,,
INV-501690,2025-11-09,Saltmarsh Kitchens PLC,Catering & Hospitality,Corporate,CC-900,PO-4557439,7943.44,GBP,,,,
INV-501939,2025-11-09,Lanyard Kitchens Ltd,Catering & Hospitality,Ports & Terminals,CC-220,PO-4561726,4426.08,GBP,CT-2025-149,,,
INV-502000,2025-11-09,Bayfront Advisory Ltd,Professional Services,Marine Fleet,CC-330,PO-4584926,4065.18,GBP,,,,
INV-502060,2025-11-09,Keelson Diving Services & Co,Marine Services,Offshore Wind,CC-110,,3768.41,GBP,,,,
INV-502781,2025-11-09,Stonehaven Couriers BV,Logistics & Freight,Offshore Wind,CC-110,PO-4504222,8878.42,EUR,,,,
INV-502821,2025-11-09,Portland Events & Co,Marketing & Events,Ports & Terminals,CC-220,,453.95,GBP,,,,
INV-502909,2025-11-09,Wavecrest Creative & Co,Marketing & Events,Corporate,CC-900,PO-4566716,663.7,GBP,,,,
INV-500954,2025-11-10,Blackwater Travel PLC,Travel & Accommodation,Marine Fleet,CC-330,PO-4565273,9649.21,GBP,CT-2025-115,,,
INV-501092,2025-11-10,Stonehaven Construction PLC,Construction & Civils,Offshore Wind,CC-110,PO-4581629,7296.61,GBP,CT-2024-118,,,
INV-501188,2025-11-10,Heathmere Cleaning Limited,Facilities Management,Ports & Terminals,CC-220,PO-4557728,1574.59,GBP,CT-2024-120,,,
INV-501475,2025-11-10,Merrow Events Ltd,Marketing & Events,Ports & Terminals,CC-220,PO-4587258,4432.2,GBP,CT-2024-124,,,
INV-501680,2025-11-10,Saltmarsh Kitchens PLC,Catering & Hospitality,Corporate,CC-900,PO-4563229,7945.45,GBP,,,,
INV-502176,2025-11-10,Pembury Engineering Supplies Ltd,MRO & Spare Parts,Marine Fleet,CC-330,PO-4537944,2279.68,GBP,,"Stainless bolts M12x50, box of 50",52,43.84
INV-502527,2025-11-10,Stonehaven Haulage BV,Logistics & Freight,Marine Fleet,CC-330,PO-4509610,1460.54,EUR,CT-2024-198,,,
INV-503184,2025-11-10,Driftwood Engineering Supplies LLC,MRO & Spare Parts,Marine Fleet,CC-330,PO-4540107,2355.21,USD,,"Hydraulic hose 1/2in, per metre",143,16.47
INV-500387,2025-11-11,Clearwater Facilities Ltd,Facilities Management,Ports & Terminals,CC-220,PO-4545891,7313.03,GBP,CT-2025-107,,,
INV-502024,2025-11-11,Kingsway Facilities Ltd,Facilities Management,Corporate,CC-900,PO-4536349,1731.9,GBP,CT-2025-153,,,
INV-502149,2025-11-11,Saltmarsh Travel Limited,Travel & Accommodation,Offshore Wind,CC-110,PO-4588510,2191.75,GBP,,,,
INV-502377,2025-11-11,Thistle Facilities Limited,Facilities Management,Corporate,CC-900,PO-4598128,1637.8,GBP,CT-2024-178,,,
INV-503316,2025-11-11,Anchorline Travel Ltd,Travel & Accommodation,Corporate,CC-900,,217.93,GBP,,,,
INV-500137,2025-11-12,Ravensworth Pumps Limited,MRO & Spare Parts,Marine Fleet,CC-330,,24595.38,GBP,CT-2024-102,Ball bearing 6205-2RS,3693,6.66
INV-500529,2025-11-12,Castlegate Media Ltd,Marketing & Events,Offshore Wind,CC-110,PO-4513788,3840.11,GBP,CT-2024-108,,,
INV-501373,2025-11-12,Coastway Logistics BV,Logistics & Freight,Corporate,CC-900,PO-4551266,9680.19,EUR,CT-2024-122,,,
INV-501625,2025-11-12,Ironbridge Diving Services Limited,Marine Services,Offshore Wind,CC-110,,7384.3,GBP,CT-2025-133,,,
INV-501835,2025-11-12,Greystone Systems Inc,IT Hardware & Software,Marine Fleet,CC-330,,8078.28,USD,CT-2025-143,Rugged tablet,4,2019.57
INV-502164,2025-11-12,Pembury Engineering Supplies Ltd,MRO & Spare Parts,Marine Fleet,CC-330,PO-4569207,2077.7,GBP,CT-2024-160,"Hydraulic hose 1/2in, per metre",158,13.15
INV-502499,2025-11-12,Quarrymead Marine A/S,Marine Services,Offshore Wind,CC-110,PO-4550189,3999.54,EUR,,,,
INV-502652,2025-11-12,Merrow Engineering Supplies Ltd,MRO & Spare Parts,Ports & Terminals,CC-220,PO-4586174,11446.09,GBP,,Centrifugal pump seal kit,109,105.01
INV-502956,2025-11-12,Galeforce Media PLC,Marketing & Events,Offshore Wind,CC-110,PO-4520874,482.81,GBP,,,,
INV-503342,2025-11-12,Kingsway Recruitment PLC,Temporary Labour,Ports & Terminals,CC-220,,23.53,GBP,,,,
INV-503345,2025-11-12,Kingsway Recruitment PLC,Temporary Labour,Ports & Terminals,CC-220,PO-4528907,18,GBP,,,,
INV-500242,2025-11-13,Wavecrest Couriers SAS,Logistics & Freight,Marine Fleet,CC-330,PO-4571539,21498.63,EUR,CT-2024-104,,,
INV-500611,2025-11-13,Quarrymead Stevedoring A/S,Port & Terminal Services,Offshore Wind,CC-110,PO-4591188,11809.83,EUR,CT-2024-110,,,
INV-500893,2025-11-13,Shorewell Safety Ltd,Safety & PPE,Offshore Wind,CC-110,PO-4555987,9282.36,GBP,CT-2024-114,"Safety helmet, EN397",618,15.02
INV-501763,2025-11-13,Clearwater Catering Limited,Catering & Hospitality,Marine Fleet,CC-330,,6387.2,GBP,,,,
INV-501842,2025-11-13,Greystone Systems Inc,IT Hardware & Software,Ports & Terminals,CC-220,PO-4533289,9414.96,USD,CT-2025-143,"Laptop, 14in business",6,1569.16
INV-503044,2025-11-13,Ironbridge Build Ltd,Construction & Civils,Corporate,CC-900,PO-4590802,576.76,GBP,,,,
INV-503136,2025-11-13,Kingsway Stationers Ltd,Office Supplies,Ports & Terminals,CC-220,,143.6,GBP,,"Lever arch files, pack of 10",10,14.36
INV-503141,2025-11-13,Keelson Training PLC,Training & Development,Offshore Wind,CC-110,PO-4516701,342.91,GBP,,,,
INV-500423,2025-11-14,Clearwater Facilities Ltd,Facilities Management,Ports & Terminals,CC-220,PO-4549215,5151.45,GBP,CT-2025-107,,,
INV-500534,2025-11-14,Coastway Fuels Inc,Fuel & Lubricants,Corporate,CC-900,PO-4545188,15982.09,USD,,,,
INV-500642,2025-11-14,Quarrymead Stevedoring A/S,Port & Terminal Services,Ports & Terminals,CC-220,PO-4595570,14293.97,EUR,CT-2024-110,,,
INV-501028,2025-11-14,Juniper Events & Co,Marketing & Events,Ports & Terminals,CC-220,PO-4518871,9597.34,GBP,CT-2025-117,,,
INV-501311,2025-11-14,Juniper Learning PLC,Training & Development,Ports & Terminals,CC-220,PO-4559250,4689.66,GBP,CT-2025-121,,,
INV-501544,2025-11-14,Pembury Civils PLC,Construction & Civils,Ports & Terminals,CC-220,PO-4550123,3547.63,GBP,,,,
INV-501882,2025-11-14,Greystone PPE Supplies PLC,Safety & PPE,Offshore Wind,CC-110,,7053.28,GBP,CT-2025-145,"Safety boots, S3",104,67.82
INV-502228,2025-11-14,Bayfront Partners & Co,Professional Services,Marine Fleet,CC-330,PO-4570196,3901.4,GBP,,,,
INV-502286,2025-11-14,Juniper Staffing Limited,Temporary Labour,Corporate,CC-900,PO-4557796,1550.34,GBP,,,,
INV-502782,2025-11-14,Keelson Stationers PLC,Office Supplies,Offshore Wind,CC-110,PO-4504081,788.58,GBP,,"A4 copier paper, box of 5 reams",39,20.22
INV-503219,2025-11-14,Westerly Media Ltd,Marketing & Events,Ports & Terminals,CC-220,PO-4538434,74.11,GBP,,,,
INV-503293,2025-11-14,Stonehaven Events Ltd,Marketing & Events,Offshore Wind,CC-110,PO-4590271,324.83,GBP,,,,
INV-500617,2025-11-15,Quarrymead Stevedoring A/S,Port & Terminal Services,Offshore Wind,CC-110,PO-4504370,9589.53,EUR,CT-2024-110,,,
INV-500654,2025-11-15,Quarrymead Stevedoring A/S,Port & Terminal Services,Corporate,CC-900,PO-4515636,13319.71,EUR,CT-2024-110,,,
INV-501162,2025-11-15,Kingsway Fasteners PLC,MRO & Spare Parts,Marine Fleet,CC-330,PO-4578378,2960.7,GBP,,Ball bearing 6205-2RS,417,7.1
INV-501500,2025-11-15,Kingsway Staffing PLC,Temporary Labour,Ports & Terminals,CC-220,PO-4568319,31396.02,GBP,CT-2024-126,,,
INV-502590,2025-11-15,Wavecrest Industrial Ltd,MRO & Spare Parts,Marine Fleet,CC-330,PO-4559402,2871.4,GBP,,"Stainless bolts M12x50, box of 50",70,41.02
INV-502785,2025-11-15,Keelson Stationers PLC,Office Supplies,Ports & Terminals,CC-220,PO-4562592,2056.06,GBP,,"Ballpoint pens, box of 50",223,9.22
INV-503135,2025-11-15,Kingsway Stationers Ltd,Office Supplies,Ports & Terminals,CC-220,PO-4514486,191.13,GBP,,Ergonomic office chair,1,191.13
INV-500004,2025-11-16,Wavecrest Bearings Ltd,MRO & Spare Parts,Corporate,CC-900,PO-4503751,32908.97,GBP,CT-2024-100,Ball bearing 6205-2RS,4861,6.77
INV-500006,2025-11-16,Wavecrest Bearings Ltd,MRO & Spare Parts,Corporate,CC-900,PO-4567008,31732.2,GBP,CT-2024-100,"Stainless bolts M12x50, box of 50",765,41.48
INV-500913,2025-11-16,Shorewell Safety Ltd,Safety & PPE,Corporate,CC-900,PO-4596420,7178.1,GBP,CT-2024-114,"Ear defenders, SNR 30",426,16.85
INV-501483,2025-11-16,Coastway Property Care Limited,Facilities Management,Corporate,CC-900,PO-4584166,13600.08,GBP,CT-2025-125,,,
INV-501597,2025-11-16,Blackwater PPE Supplies & Co,Safety & PPE,Marine Fleet,CC-330,PO-4596283,17800.16,GBP,CT-2025-131,"Hi-vis jacket, class 3",644,27.64
INV-501896,2025-11-16,Castlegate Utilities Ltd,Energy & Utilities,Offshore Wind,CC-110,PO-4503788,3461.89,GBP,,,,
INV-502050,2025-11-16,Keelson Diving Services & Co,Marine Services,Offshore Wind,CC-110,PO-4567100,3124.41,GBP,,,,
INV-502237,2025-11-16,Bayfront Partners & Co,Professional Services,Marine Fleet,CC-330,,1988.8,GBP,,,,
INV-502637,2025-11-16,Stonehaven PPE Supplies A/S,Safety & PPE,Marine Fleet,CC-330,PO-4541274,2913,EUR,,"Safety helmet, EN397",150,19.42
INV-502919,2025-11-16,Keelson Towage Ltd,Marine Services,Marine Fleet,CC-330,PO-4575443,998.2,GBP,,,,
INV-500380,2025-11-17,Clearwater Facilities Ltd,Facilities Management,Ports & Terminals,CC-220,PO-4502048,8701.24,GBP,CT-2025-107,,,
INV-500679,2025-11-17,Bayfront Hydraulics Ltd,MRO & Spare Parts,Offshore Wind,CC-110,PO-4547724,5851.89,GBP,CT-2025-111,Gate valve DN50 PN16,33,177.33
INV-500863,2025-11-17,Shorewell Safety Ltd,Safety & PPE,Corporate,CC-900,PO-4586145,4566.65,GBP,CT-2024-114,"Hi-vis jacket, class 3",209,21.85
INV-500922,2025-11-17,Shorewell Safety Ltd,Safety & PPE,Corporate,CC-900,PO-4572015,7338.5,GBP,CT-2024-114,"Safety boots, S3",130,56.45
INV-501339,2025-11-17,Coastway Logistics BV,Logistics & Freight,Corporate,CC-900,PO-4519237,5873.02,EUR,CT-2024-122,,,
INV-501407,2025-11-17,Starboard Pumps & Co,MRO & Spare Parts,Corporate,CC-900,PO-4525697,5950.23,GBP,CT-2025-123,Ball bearing 6205-2RS,803,7.41
INV-502674,2025-11-17,Seacroft Facilities Ltd,Facilities Management,Corporate,CC-900,PO-4541102,1035.87,GBP,,,,
INV-502796,2025-11-17,Solent Furniture Ltd,Office Supplies,Marine Fleet,CC-330,PO-4569399,1024.65,GBP,,"A4 copier paper, box of 5 reams",45,22.77
INV-500551,2025-11-18,Coastway Fuels Inc,Fuel & Lubricants,Corporate,CC-900,PO-4574017,5366.22,USD,CT-2025-109,,,
INV-500988,2025-11-18,Oakridge Valves PLC,MRO & Spare Parts,Corporate,CC-900,PO-4589055,2937.06,GBP,CT-2024-116,Ball bearing 6205-2RS,441,6.66
INV-501035,2025-11-18,Juniper Events & Co,Marketing & Events,Ports & Terminals,CC-220,PO-4530678,13462.94,GBP,CT-2025-117,,,
INV-501097,2025-11-18,Stonehaven Construction PLC,Construction & Civils,Offshore Wind,CC-110,PO-4590370,3142.97,GBP,CT-2024-118,,,
INV-501357,2025-11-18,Coastway Logistics BV,Logistics & Freight,Corporate,CC-900,PO-4599257,9614.82,EUR,CT-2024-122,,,
INV-501779,2025-11-18,Tarnside Staffing Ltd,Temporary Labour,Marine Fleet,CC-330,PO-4512326,4882.18,GBP,,,,
INV-502175,2025-11-18,Pembury Engineering Supplies Ltd,MRO & Spare Parts,Marine Fleet,CC-330,PO-4544872,2367.36,GBP,CT-2024-160,"Stainless bolts M12x50, box of 50",54,43.84
INV-502997,2025-11-18,Portland Freight PLC,Logistics & Freight,Marine Fleet,CC-330,,358.68,GBP,,,,
INV-503244,2025-11-18,Windrush Legal Ltd,Professional Services,Corporate,CC-900,PO-4503872,155.64,GBP,,,,
INV-500104,2025-11-19,Westerly Safety PLC,Safety & PPE,Offshore Wind,CC-110,,23956.3,GBP,,"Safety boots, S3",410,58.43
INV-500265,2025-11-19,Wavecrest Couriers SAS,Logistics & Freight,Marine Fleet,CC-330,PO-4551520,18879.16,EUR,CT-2024-104,,,
INV-500467,2025-11-19,Castlegate Media Ltd,Marketing & Events,Marine Fleet,CC-330,PO-4593546,6125.19,GBP,CT-2024-108,,,
INV-500658,2025-11-19,Quarrymead Stevedoring A/S,Port & Terminal Services,Ports & Terminals,CC-220,PO-4512101,7000.96,EUR,CT-2024-110,,,
INV-502184,2025-11-19,Westerly Water Ltd,Energy & Utilities,Ports & Terminals,CC-220,PO-4549878,1845.85,GBP,CT-2025-161,,,
INV-502650,2025-11-19,Pembury Couriers Ltd,Logistics & Freight,Offshore Wind,CC-110,PO-4536206,2376.63,GBP,,,,
INV-502993,2025-11-19,Portland Freight PLC,Logistics & Freight,Marine Fleet,CC-330,,261.09,GBP,,,,
INV-503092,2025-11-19,Merrow Catering & Co,Catering & Hospitality,Ports & Terminals,CC-220,PO-4586940,689.02,GBP,,,,
INV-501137,2025-11-20,Kingsway Fasteners PLC,MRO & Spare Parts,Marine Fleet,CC-330,PO-4519727,2373,GBP,CT-2025-119,Gate valve DN50 PN16,14,169.5
INV-501322,2025-11-20,Juniper Learning PLC,Training & Development,Ports & Terminals,CC-220,PO-4504943,4255.93,GBP,CT-2025-121,,,
INV-501851,2025-11-20,Deepwell Diving Services PLC,Marine Services,Marine Fleet,CC-330,PO-4593983,7451.59,GBP,,,,
INV-502034,2025-11-20,Kingsway Facilities Ltd,Facilities Management,Corporate,CC-900,PO-4570909,1360.11,GBP,CT-2025-153,,,
INV-502056,2025-11-20,Keelson Diving Services & Co,Marine Services,Offshore Wind,CC-110,PO-4511936,1305.22,GBP,,,,
INV-502885,2025-11-20,Brightmoor Workwear Ltd,Safety & PPE,Corporate,CC-900,PO-4506645,414,GBP,,"Nitrile gloves, box of 100",50,8.28
INV-503363,2025-11-20,Eastholme Consulting Ltd,Professional Services,Corporate,CC-900,PO-4506414,18,GBP,,,,
INV-500013,2025-11-21,Wavecrest Bearings Ltd,MRO & Spare Parts,Corporate,CC-900,PO-4587459,24730.44,GBP,CT-2024-100,Centrifugal pump seal kit,236,104.79
INV-500134,2025-11-21,Ravensworth Pumps Limited,MRO & Spare Parts,Marine Fleet,CC-330,PO-4527356,19437.12,GBP,CT-2024-102,"Hydraulic hose 1/2in, per metre",1588,12.24
INV-500239,2025-11-21,Wavecrest Couriers SAS,Logistics & Freight,Marine Fleet,CC-330,PO-4527664,18802.97,EUR,CT-2024-104,,,
INV-500659,2025-11-21,Quarrymead Stevedoring A/S,Port & Terminal Services,Corporate,CC-900,PO-4513010,14971.33,EUR,CT-2024-110,,,
INV-500827,2025-11-21,Shorewell Digital LLC,IT Hardware & Software,Ports & Terminals,CC-220,PO-4500059,3740.76,USD,CT-2025-113,Rugged tablet,2,1870.38
INV-501313,2025-11-21,Juniper Learning PLC,Training & Development,Ports & Terminals,CC-220,PO-4535981,4830.13,GBP,,,,
INV-501331,2025-11-21,Juniper Learning PLC,Training & Development,Ports & Terminals,CC-220,PO-4501835,4564.05,GBP,,,,
INV-501747,2025-11-21,Anchorline Marine PLC,Marine Services,Ports & Terminals,CC-220,PO-4521537,11577.99,GBP,,,,
INV-502677,2025-11-21,Oakridge Furniture & Co,Office Supplies,Offshore Wind,CC-110,PO-4527016,13635.92,GBP,,Ergonomic office chair,76,179.42
INV-502780,2025-11-21,Solent Marine A/S,Marine Services,Marine Fleet,CC-330,PO-4538970,6367.46,EUR,,,,
INV-502988,2025-11-21,Starboard Advisory PLC,Professional Services,Corporate,CC-900,PO-4515447,1758.01,GBP,,,,
INV-503299,2025-11-21,Starboard Freight Ltd,Logistics & Freight,Marine Fleet,CC-330,PO-4516370,575.84,GBP,,,,
INV-503358,2025-11-21,Deepwell Hotels Limited,Travel & Accommodation,Marine Fleet,CC-330,,18,GBP,,,,
INV-501160,2025-11-22,Kingsway Fasteners PLC,MRO & Spare Parts,Marine Fleet,CC-330,PO-4568749,5055.2,GBP,CT-2025-119,Ball bearing 6205-2RS,712,7.1
INV-501308,2025-11-22,Juniper Learning PLC,Training & Development,Corporate,CC-900,,5374.69,GBP,CT-2025-121,,,
INV-501520,2025-11-22,Greystone Telecom Ltd,Telecoms,Corporate,CC-900,PO-4566551,6557.32,GBP,CT-2025-127,,,
INV-501630,2025-11-22,Ironbridge Diving Services Limited,Marine Services,Offshore Wind,CC-110,,3214.04,GBP,CT-2025-133,,,
INV-500089,2025-11-23,Westerly Safety PLC,Safety & PPE,Offshore Wind,CC-110,PO-4555473,32219.6,GBP,CT-2025-101,"Safety helmet, EN397",2072,15.55
INV-500480,2025-11-23,Castlegate Media Ltd,Marketing & Events,Offshore Wind,CC-110,PO-4576771,5645.64,GBP,CT-2024-108,,,
INV-501890,2025-11-23,Solent Training Limited,Training & Development,Ports & Terminals,CC-220,PO-4565408,6530.96,GBP,,,,
INV-502042,2025-11-23,Clearwater Civils Ltd,Construction & Civils,Ports & Terminals,CC-220,PO-4543178,4981.32,GBP,,,,
INV-502156,2025-11-23,Saltmarsh Travel Limited,Travel & Accommodation,Offshore Wind,CC-110,PO-4506560,1202.31,GBP,,,,
INV-502607,2025-11-23,Whitcombe Telecom & Co,Telecoms,Ports & Terminals,CC-220,,2796.86,GBP,,,,
INV-503150,2025-11-23,Lowther Systems Limited,IT Hardware & Software,Marine Fleet,CC-330,PO-4508765,516.44,GBP,,27in monitor,2,258.22
INV-500595,2025-11-24,Coastway Fuels Inc,Fuel & Lubricants,Corporate,CC-900,PO-4556321,12265.02,USD,CT-2025-109,,,
INV-501096,2025-11-24,Stonehaven Construction PLC,Construction & Civils,Offshore Wind,CC-110,PO-4580627,4194.94,GBP,CT-2024-118,,,
INV-502267,2025-11-24,Harrowgate Stationers Ltd,Office Supplies,Offshore Wind,CC-110,PO-4538919,2631.9,GBP,CT-2025-167,Ergonomic office chair,15,175.46
INV-502911,2025-11-24,Wavecrest Creative & Co,Marketing & Events,Corporate,CC-900,,281.97,GBP,,,,
INV-500202,2025-11-25,Ironbridge Stationers Ltd,Office Supplies,Offshore Wind,CC-110,PO-4568454,13229.78,GBP,CT-2025-103,"Lever arch files, pack of 10",1013,13.06
INV-500412,2025-11-25,Clearwater Facilities Ltd,Facilities Management,Marine Fleet,CC-330,PO-4523938,7706.95,GBP,CT-2025-107,,,
INV-501414,2025-11-25,Merrow Events Ltd,Marketing & Events,Ports & Terminals,CC-220,PO-4538913,2599.69,GBP,CT-2024-124,,,
INV-502614,2025-11-25,Coastway Transfers PLC,Travel & Accommodation,Ports & Terminals,CC-220,PO-4591839,2519.62,GBP,,,,
INV-502730,2025-11-25,Lanyard Software Ltd,IT Hardware & Software,Marine Fleet,CC-330,PO-4594438,1357.23,GBP,,Rugged tablet,1,1357.23
INV-502751,2025-11-25,Galeforce Bearings Ltd,MRO & Spare Parts,Marine Fleet,CC-330,PO-4559829,3087.98,GBP,,Gate valve DN50 PN16,23,134.26
INV-503055,2025-11-25,Juniper Print Ltd,Marketing & Events,Offshore Wind,CC-110,PO-4539291,220.63,GBP,,,,
INV-503061,2025-11-25,Galeforce Maintenance Ltd,Facilities Management,Offshore Wind,CC-110,PO-4524167,814.98,GBP,,,,
INV-503236,2025-11-25,Galeforce Construction Ltd,Construction & Civils,Marine Fleet,CC-330,PO-4506936,517.16,GBP,,,,
INV-500032,2025-11-26,Wavecrest Bearings Ltd,MRO & Spare Parts,Ports & Terminals,CC-220,PO-4549192,23058.62,GBP,CT-2024-100,Ball bearing 6205-2RS,3406,6.77
INV-500580,2025-11-26,Coastway Fuels Inc,Fuel & Lubricants,Corporate,CC-900,PO-4528458,8921.1,USD,CT-2025-109,,,
INV-500585,2025-11-26,Coastway Fuels Inc,Fuel & Lubricants,Corporate,CC-900,PO-4596038,11255.04,USD,CT-2025-109,,,
INV-500616,2025-11-26,Quarrymead Stevedoring A/S,Port & Terminal Services,Marine Fleet,CC-330,PO-4577106,12405.63,EUR,CT-2024-110,,,
INV-501165,2025-11-26,Kingsway Fasteners PLC,MRO & Spare Parts,Marine Fleet,CC-330,PO-4545023,5254.5,GBP,CT-2025-119,Gate valve DN50 PN16,31,169.5
INV-501831,2025-11-26,Greystone Systems Inc,IT Hardware & Software,Marine Fleet,CC-330,PO-4531560,7911.09,USD,CT-2025-143,Docking station USB-C,33,239.73
INV-502150,2025-11-26,Saltmarsh Travel Limited,Travel & Accommodation,Offshore Wind,CC-110,PO-4527924,1790.64,GBP,,,,
INV-502215,2025-11-26,Merrow Office Supplies & Co,Office Supplies,Ports & Terminals,CC-220,PO-4564655,8210.9,GBP,,"Toner cartridge, black, high yield",94,87.35
INV-500263,2025-11-27,Wavecrest Couriers SAS,Logistics & Freight,Marine Fleet,CC-330,PO-4531186,22783.16,EUR,,,,
INV-500434,2025-11-27,Clearwater Facilities Ltd,Facilities Management,Ports & Terminals,CC-220,PO-4506512,8689.99,GBP,CT-2025-107,,,
INV-501053,2025-11-27,Stonehaven Construction PLC,Construction & Civils,Offshore Wind,CC-110,,8912.91,GBP,CT-2024-118,,,
INV-501185,2025-11-27,Heathmere Cleaning Limited,Facilities Management,Marine Fleet,CC-330,PO-4555975,3751.74,GBP,CT-2024-120,,,
INV-501755,2025-11-27,Anchorline Marine PLC,Marine Services,Ports & Terminals,CC-220,PO-4505240,12303.1,GBP,,,,
INV-502609,2025-11-27,Whitcombe Telecom & Co,Telecoms,Ports & Terminals,CC-220,,2640.05,GBP,,,,
INV-503114,2025-11-27,Solent Academy Limited,Training & Development,Corporate,CC-900,PO-4540407,276.51,GBP,,,,
INV-503158,2025-11-27,Lowther Pumps & Co,MRO & Spare Parts,Offshore Wind,CC-110,PO-4505270,164.93,GBP,,Gate valve DN50 PN16,1,164.93
INV-500279,2025-11-28,Wavecrest Couriers SAS,Logistics & Freight,Marine Fleet,CC-330,PO-4508334,7374.36,EUR,CT-2024-104,,,
INV-501009,2025-11-28,Oakridge Valves PLC,MRO & Spare Parts,Offshore Wind,CC-110,PO-4545377,3785.25,GBP,CT-2024-116,"Hydraulic hose 1/2in, per metre",309,12.25
INV-501338,2025-11-28,Coastway Logistics BV,Logistics & Freight,Corporate,CC-900,PO-4529786,4629.12,EUR,CT-2024-122,,,
INV-501451,2025-11-28,Merrow Events Ltd,Marketing & Events,Ports & Terminals,CC-220,PO-4532254,5524.92,GBP,CT-2024-124,,,
INV-501468,2025-11-28,Merrow Events Ltd,Marketing & Events,Ports & Terminals,CC-220,,3215.83,GBP,CT-2024-124,,,
INV-501688,2025-11-28,Saltmarsh Kitchens PLC,Catering & Hospitality,Corporate,CC-900,,5722.03,GBP,,,,
INV-501982,2025-11-28,Whitcombe Haulage SAS,Logistics & Freight,Offshore Wind,CC-110,,4318.33,EUR,,,,
INV-502004,2025-11-28,Bayfront Advisory Ltd,Professional Services,Marine Fleet,CC-330,,3467.05,GBP,,,,
INV-502174,2025-11-28,Pembury Engineering Supplies Ltd,MRO & Spare Parts,Marine Fleet,CC-330,PO-4519096,3212.33,GBP,CT-2024-160,Centrifugal pump seal kit,29,110.77
INV-502339,2025-11-28,Coastway Hotels & Co,Travel & Accommodation,Corporate,CC-900,,3911.14,GBP,,,,
INV-502437,2025-11-28,Starboard Creative Limited,Marketing & Events,Ports & Terminals,CC-220,,1692.96,GBP,,,,
INV-502512,2025-11-28,Pembury Academy Ltd,Training & Development,Corporate,CC-900,,2078.96,GBP,CT-2024-196,,,
INV-502797,2025-11-28,Solent Furniture Ltd,Office Supplies,Marine Fleet,CC-330,PO-4592866,2361.28,GBP,,"Lever arch files, pack of 10",157,15.04
INV-503073,2025-11-28,Thistle Office Supplies Ltd,Office Supplies,Ports & Terminals,CC-220,PO-4541138,185.52,GBP,,"Toner cartridge, black, high yield",2,92.76
INV-503189,2025-11-28,Thistle Diving Services PLC,Marine Services,Offshore Wind,CC-110,PO-4505096,179.76,GBP,,,,
INV-503203,2025-11-28,Keelson PPE Supplies Ltd,Safety & PPE,Ports & Terminals,CC-220,PO-4582387,154.08,GBP,,"Ear defenders, SNR 30",8,19.26
INV-503388,2025-11-28,GREYSTONE TELECOM LIMITED,Telecoms,Corporate,CC-900,,1465.59,GBP,,,,
INV-500398,2025-11-29,Clearwater Facilities Ltd,Facilities Management,Marine Fleet,CC-330,PO-4592492,11899.08,GBP,CT-2025-107,,,
INV-500576,2025-11-29,Coastway Fuels Inc,Fuel & Lubricants,Corporate,CC-900,PO-4563212,7231.11,USD,,,,
INV-500851,2025-11-29,Shorewell Digital LLC,IT Hardware & Software,Ports & Terminals,CC-220,PO-4566693,6593.4,USD,CT-2025-113,27in monitor,20,329.67
INV-501043,2025-11-29,Juniper Events & Co,Marketing & Events,Ports & Terminals,CC-220,PO-4527793,4697.58,GBP,CT-2025-117,,,
INV-501440,2025-11-29,Merrow Events Ltd,Marketing & Events,Ports & Terminals,CC-220,PO-4502272,5089.3,GBP,CT-2024-124,,,
INV-501580,2025-11-29,Starboard Fasteners BV,MRO & Spare Parts,Ports & Terminals,CC-220,PO-4560463,11537.12,EUR,CT-2024-130,Gate valve DN50 PN16,56,206.02
INV-501593,2025-11-29,Starboard Fasteners BV,MRO & Spare Parts,Ports & Terminals,CC-220,PO-4538502,13489.5,EUR,CT-2024-130,"Stainless bolts M12x50, box of 50",255,52.9
INV-501810,2025-11-29,Quarrymead Terminals A/S,Port & Terminal Services,Ports & Terminals,CC-220,PO-4544733,2195.2,EUR,,,,
INV-502015,2025-11-29,Kingsway Facilities Ltd,Facilities Management,Corporate,CC-900,PO-4555708,1353.98,GBP,,,,
INV-502370,2025-11-29,Fairhaven Events Ltd,Marketing & Events,Corporate,CC-900,PO-4505217,4847.86,GBP,,,,
INV-503160,2025-11-29,Lowther Pumps & Co,MRO & Spare Parts,Offshore Wind,CC-110,PO-4536106,200.39,GBP,,Ball bearing 6205-2RS,29,6.91
INV-500003,2025-11-30,Wavecrest Bearings Ltd,MRO & Spare Parts,Corporate,CC-900,,32760.03,GBP,CT-2024-100,Ball bearing 6205-2RS,4839,6.77
INV-500078,2025-11-30,Westerly Safety PLC,Safety & PPE,Ports & Terminals,CC-220,PO-4597725,25673.7,GBP,CT-2025-101,"Hi-vis jacket, class 3",1135,22.62
INV-500286,2025-11-30,Anchorline Advisory PLC,Professional Services,Marine Fleet,CC-330,PO-4598452,13140.78,GBP,CT-2025-105,,,
INV-500930,2025-11-30,Blackwater Travel PLC,Travel & Accommodation,Marine Fleet,CC-330,PO-4581430,17235.37,GBP,CT-2025-115,,,
INV-501076,2025-11-30,Stonehaven Construction PLC,Construction & Civils,Offshore Wind,CC-110,PO-4530830,3655.78,GBP,CT-2024-118,,,
INV-501192,2025-11-30,Heathmere Cleaning Limited,Facilities Management,Marine Fleet,CC-330,PO-4501693,1441.16,GBP,,,,
INV-501329,2025-11-30,Juniper Learning PLC,Training & Development,Ports & Terminals,CC-220,PO-4507985,2133.33,GBP,CT-2025-121,,,
INV-501421,2025-11-30,Merrow Events Ltd,Marketing & Events,Ports & Terminals,CC-220,PO-4527761,4469.23,GBP,CT-2024-124,,,
INV-501426,2025-11-30,Merrow Events Ltd,Marketing & Events,Ports & Terminals,CC-220,PO-4530176,3531.77,GBP,CT-2024-124,,,
INV-501460,2025-11-30,Merrow Events Ltd,Marketing & Events,Ports & Terminals,CC-220,PO-4515954,1682.15,GBP,,,,
INV-502623,2025-11-30,Oakridge Events & Co,Marketing & Events,Corporate,CC-900,,1938,GBP,,,,
INV-502660,2025-11-30,Windrush Digital & Co,IT Hardware & Software,Marine Fleet,CC-330,PO-4509310,2295.04,GBP,,"Laptop, 14in business",2,1147.52
INV-500270,2025-12-01,Wavecrest Couriers SAS,Logistics & Freight,Marine Fleet,CC-330,PO-4588891,27937.33,EUR,CT-2024-104,,,
INV-500627,2025-12-01,Quarrymead Stevedoring A/S,Port & Terminal Services,Ports & Terminals,CC-220,PO-4577853,8466.39,EUR,,,,
INV-500994,2025-12-01,Oakridge Valves PLC,MRO & Spare Parts,Offshore Wind,CC-110,PO-4591561,2164.52,GBP,CT-2024-116,"Stainless bolts M12x50, box of 50",53,40.84
INV-501254,2025-12-01,Heathmere Cleaning Limited,Facilities Management,Offshore Wind,CC-110,PO-4505160,2060.33,GBP,CT-2024-120,,,
INV-502026,2025-12-01,Kingsway Facilities Ltd,Facilities Management,Corporate,CC-900,PO-4573249,3182.16,GBP,CT-2025-153,,,
INV-502061,2025-12-01,Keelson Diving Services & Co,Marine Services,Offshore Wind,CC-110,PO-4552840,4615.91,GBP,,,,
INV-502214,2025-12-01,Clearwater Staffing Ltd,Temporary Labour,Offshore Wind,CC-110,PO-4528377,4479.39,GBP,,,,
INV-502375,2025-12-01,Fairhaven Events Ltd,Marketing & Events,Corporate,CC-900,PO-4520310,4287.67,GBP,,,,
INV-502456,2025-12-01,Mariner Towage GmbH,Marine Services,Marine Fleet,CC-330,PO-4514506,29206.64,EUR,,,,
INV-502600,2025-12-01,Upton Build & Co,Construction & Civils,Offshore Wind,CC-110,PO-4511589,1520.32,GBP,,,,
INV-502870,2025-12-01,Greystone Utilities Ltd,Energy & Utilities,Ports & Terminals,CC-220,PO-4507857,5679.14,GBP,,,,
INV-503001,2025-12-01,Clearwater Stevedoring Ltd,Port & Terminal Services,Marine Fleet,CC-330,PO-4537320,395.43,GBP,,,,
INV-503225,2025-12-01,Pembury PPE Supplies Ltd,Safety & PPE,Marine Fleet,CC-330,PO-4588601,90.1,GBP,,"Safety helmet, EN397",5,18.02
INV-503271,2025-12-01,Mariner Industrial PLC,MRO & Spare Parts,Marine Fleet,CC-330,,178.58,GBP,,Gate valve DN50 PN16,1,178.58
INV-500097,2025-12-02,Westerly Safety PLC,Safety & PPE,Ports & Terminals,CC-220,PO-4577062,30275.91,GBP,CT-2025-101,"Ear defenders, SNR 30",1737,17.43
INV-500248,2025-12-02,Wavecrest Couriers SAS,Logistics & Freight,Marine Fleet,CC-330,PO-4534606,23656.12,EUR,CT-2024-104,,,
INV-500371,2025-12-02,Merrow Workwear Ltd,Safety & PPE,Ports & Terminals,CC-220,PO-4596676,10208.66,GBP,CT-2024-106,"Nitrile gloves, box of 100",1078,9.47
INV-500848,2025-12-02,Shorewell Digital LLC,IT Hardware & Software,Ports & Terminals,CC-220,PO-4570677,5813,USD,CT-2025-113,"Laptop, 14in business",4,1453.25
INV-500859,2025-12-02,Shorewell Safety Ltd,Safety & PPE,Corporate,CC-900,PO-4542539,7506.36,GBP,CT-2024-114,"Nitrile gloves, box of 100",1044,7.19
INV-501408,2025-12-02,Starboard Pumps & Co,MRO & Spare Parts,Marine Fleet,CC-330,PO-4585507,5275.74,GBP,CT-2025-123,Centrifugal pump seal kit,46,114.69
INV-501866,2025-12-02,Greystone PPE Supplies PLC,Safety & PPE,Offshore Wind,CC-110,,5444.56,GBP,CT-2025-145,"Ear defenders, SNR 30",269,20.24
INV-502835,2025-12-02,Yarrow Furniture Ltd,Office Supplies,Ports & Terminals,CC-220,PO-4518840,375.9,GBP,,"Ballpoint pens, box of 50",42,8.95
INV-502884,2025-12-02,Brightmoor Workwear Ltd,Safety & PPE,Corporate,CC-900,PO-4581874,1046.52,GBP,,"Ear defenders, SNR 30",54,19.38
INV-502904,2025-12-02,Wavecrest Creative & Co,Marketing & Events,Corporate,CC-900,,742.04,GBP,,,,
INV-503129,2025-12-02,Kingsway Stationers Ltd,Office Supplies,Ports & Terminals,CC-220,PO-4574738,191.13,GBP,,Ergonomic office chair,1,191.13
INV-503246,2025-12-02,Yarrow Property Care Ltd,Facilities Management,Ports & Terminals,CC-220,PO-4514630,111.01,GBP,,,,
INV-503261,2025-12-02,Keelson Hydraulics Ltd,MRO & Spare Parts,Marine Fleet,CC-330,PO-4589556,78.52,GBP,,"Stainless bolts M12x50, box of 50",2,39.26
INV-500028,2025-12-03,Wavecrest Bearings Ltd,MRO & Spare Parts,Corporate,CC-900,PO-4549512,19490.94,GBP,CT-2024-100,Centrifugal pump seal kit,186,104.79
INV-500543,2025-12-03,Coastway Fuels Inc,Fuel & Lubricants,Corporate,CC-900,,14369.83,USD,CT-2025-109,,,
INV-500979,2025-12-03,Oakridge Valves PLC,MRO & Spare Parts,Offshore Wind,CC-110,PO-4591340,2888.76,GBP,CT-2024-116,Centrifugal pump seal kit,28,103.17
INV-501030,2025-12-03,Juniper Events & Co,Marketing & Events,Marine Fleet,CC-330,PO-4579117,14846.77,GBP,CT-2025-117,,,
INV-502111,2025-12-03,Driftwood Bearings & Co,MRO & Spare Parts,Corporate,CC-900,PO-4517249,2902.07,GBP,,Ball bearing 6205-2RS,397,7.31
INV-502189,2025-12-03,Westerly Water Ltd,Energy & Utilities,Ports & Terminals,CC-220,PO-4515166,3974.6,GBP,CT-2025-161,,,
INV-502235,2025-12-03,Bayfront Partners & Co,Professional Services,Marine Fleet,CC-330,PO-4538255,5517.37,GBP,,,,
INV-502243,2025-12-03,Lanyard Fasteners & Co,MRO & Spare Parts,Corporate,CC-900,PO-4509398,4708.2,GBP,,"Hydraulic hose 1/2in, per metre",399,11.8
INV-502245,2025-12-03,Lanyard Fasteners & Co,MRO & Spare Parts,Corporate,CC-900,PO-4548672,2871.09,GBP,,"Stainless bolts M12x50, box of 50",73,39.33
INV-502664,2025-12-03,Westerly Comms Ltd,Telecoms,Offshore Wind,CC-110,PO-4546520,2819.78,GBP,,,,
INV-502760,2025-12-03,Saltmarsh Systems LLC,IT Hardware & Software,Marine Fleet,CC-330,,6258.8,USD,,27in monitor,20,312.94
INV-500335,2025-12-04,Anchorline Advisory PLC,Professional Services,Marine Fleet,CC-330,PO-4534403,12681.38,GBP,CT-2025-105,,,
INV-500850,2025-12-04,Shorewell Digital LLC,IT Hardware & Software,Ports & Terminals,CC-220,PO-4591489,11626,USD,CT-2025-113,"Laptop, 14in business",8,1453.25
INV-501121,2025-12-04,Kingsway Fasteners PLC,MRO & Spare Parts,Marine Fleet,CC-330,PO-4504855,2308.95,GBP,,Centrifugal pump seal kit,21,109.95
INV-501316,2025-12-04,Juniper Learning PLC,Training & Development,Ports & Terminals,CC-220,PO-4572493,4727.45,GBP,,,,
INV-501490,2025-12-04,Coastway Property Care Limited,Facilities Management,Corporate,CC-900,PO-4561279,14516.26,GBP,CT-2025-125,,,
INV-501736,2025-12-04,Starboard Maintenance Ltd,Facilities Management,Ports & Terminals,CC-220,,14970.39,GBP,,,,
INV-501749,2025-12-04,Anchorline Marine PLC,Marine Services,Ports & Terminals,CC-220,PO-4533296,4644.2,GBP,,,,
INV-503134,2025-12-04,Kingsway Stationers Ltd,Office Supplies,Ports & Terminals,CC-220,,79.28,GBP,,"Ballpoint pens, box of 50",8,9.91
INV-500256,2025-12-05,Wavecrest Couriers SAS,Logistics & Freight,Marine Fleet,CC-330,PO-4509003,19798.59,EUR,CT-2024-104,,,
INV-500395,2025-12-05,Clearwater Facilities Ltd,Facilities Management,Ports & Terminals,CC-220,PO-4508357,3815.92,GBP,CT-2025-107,,,
INV-500653,2025-12-05,Quarrymead Stevedoring A/S,Port & Terminal Services,Ports & Terminals,CC-220,PO-4502033,5254.15,EUR,CT-2024-110,,,
INV-501549,2025-12-05,Pembury Civils PLC,Construction & Civils,Ports & Terminals,CC-220,PO-4542850,6622.5,GBP,CT-2024-128,,,
INV-502251,2025-12-05,Harrowgate Fasteners Ltd,MRO & Spare Parts,Corporate,CC-900,PO-4557573,5771.61,GBP,CT-2024-166,Gate valve DN50 PN16,39,147.99
INV-502258,2025-12-05,Harrowgate Stationers Ltd,Office Supplies,Offshore Wind,CC-110,PO-4598409,2075.84,GBP,CT-2025-167,"A4 copier paper, box of 5 reams",104,19.96
INV-502263,2025-12-05,Harrowgate Stationers Ltd,Office Supplies,Offshore Wind,CC-110,PO-4578170,1516.96,GBP,CT-2025-167,"Toner cartridge, black, high yield",19,79.84
INV-502349,2025-12-05,Quarrymead Events Ltd,Marketing & Events,Ports & Terminals,CC-220,PO-4523474,5186.69,GBP,,,,
INV-502856,2025-12-05,Solent Terminals Ltd,Port & Terminal Services,Marine Fleet,CC-330,PO-4579306,411.46,GBP,,,,
INV-502901,2025-12-05,Merrow Fasteners Ltd,MRO & Spare Parts,Marine Fleet,CC-330,,994.14,GBP,,Centrifugal pump seal kit,9,110.46
INV-500184,2025-12-06,Ironbridge Stationers Ltd,Office Supplies,Marine Fleet,CC-330,PO-4582456,14313.76,GBP,CT-2025-103,"Lever arch files, pack of 10",1096,13.06
INV-500418,2025-12-06,Clearwater Facilities Ltd,Facilities Management,Ports & Terminals,CC-220,PO-4579320,8940.58,GBP,CT-2025-107,,,
INV-501099,2025-12-06,Stonehaven Construction PLC,Construction & Civils,Corporate,CC-900,PO-4554696,5928.51,GBP,CT-2024-118,,,
INV-501154,2025-12-06,Kingsway Fasteners PLC,MRO & Spare Parts,Marine Fleet,CC-330,PO-4580077,2456.6,GBP,CT-2025-119,Ball bearing 6205-2RS,346,7.1
INV-501178,2025-12-06,Heathmere Cleaning Limited,Facilities Management,Marine Fleet,CC-330,PO-4599966,3122.87,GBP,CT-2024-120,,,
INV-501503,2025-12-06,Kingsway Staffing PLC,Temporary Labour,Ports & Terminals,CC-220,PO-4549556,29572.99,GBP,CT-2024-126,,,
INV-501871,2025-12-06,Greystone PPE Supplies PLC,Safety & PPE,Offshore Wind,CC-110,PO-4541854,3700.25,GBP,,"Safety helmet, EN397",205,18.05
INV-502659,2025-12-06,Windrush Digital & Co,IT Hardware & Software,Marine Fleet,CC-330,,1147.52,GBP,,"Laptop, 14in business",1,1147.52
INV-503174,2025-12-06,Harrowgate Networks Inc,IT Hardware & Software,Corporate,CC-900,PO-4549568,212.53,USD,,Docking station USB-C,1,212.53
CN-503380,2025-12-06,Castlegate Media Ltd,Marketing & Events,Offshore Wind,CC-900,PO-4509029,-635.28,GBP,CT-2024-108,,,
INV-500224,2025-12-07,Ironbridge Stationers Ltd,Office Supplies,Marine Fleet,CC-330,PO-4568923,9336.16,GBP,,"Toner cartridge, black, high yield",118,79.12
INV-501904,2025-12-07,Castlegate Utilities Ltd,Energy & Utilities,Offshore Wind,CC-110,PO-4553991,1859.34,GBP,,,,
INV-502062,2025-12-07,Keelson Diving Services & Co,Marine Services,Offshore Wind,CC-110,PO-4595614,4234.96,GBP,,,,
INV-502095,2025-12-07,Driftwood Bearings & Co,MRO & Spare Parts,Corporate,CC-900,PO-4526429,1048.32,GBP,,"Hydraulic hose 1/2in, per metre",78,13.44
INV-503070,2025-12-07,Portland Legal & Co,Professional Services,Corporate,CC-900,,257.96,GBP,,,,
INV-500222,2025-12-08,Ironbridge Stationers Ltd,Office Supplies,Marine Fleet,CC-330,PO-4587853,8070.24,GBP,CT-2025-103,"Toner cartridge, black, high yield",102,79.12
INV-500788,2025-12-08,Shorewell Digital LLC,IT Hardware & Software,Corporate,CC-900,PO-4532132,11626,USD,CT-2025-113,"Laptop, 14in business",8,1453.25
INV-501004,2025-12-08,Oakridge Valves PLC,MRO & Spare Parts,Offshore Wind,CC-110,PO-4560897,5840.12,GBP,CT-2024-116,"Stainless bolts M12x50, box of 50",143,40.84
INV-501231,2025-12-08,Heathmere Cleaning Limited,Facilities Management,Marine Fleet,CC-330,PO-4527598,4984.55,GBP,,,,
INV-501244,2025-12-08,Heathmere Cleaning Limited,Facilities Management,Marine Fleet,CC-330,PO-4535072,3876.31,GBP,,,,
INV-502002,2025-12-08,Bayfront Advisory Ltd,Professional Services,Marine Fleet,CC-330,PO-4565821,2051.34,GBP,,,,
INV-502702,2025-12-08,Ironbridge Software Ltd,IT Hardware & Software,Corporate,CC-900,PO-4595455,1579.64,GBP,,Rugged tablet,1,1579.64
INV-502929,2025-12-08,Yarrow Hospitality & Co,Catering & Hospitality,Corporate,CC-900,PO-4561012,216.78,GBP,,,,
INV-502983,2025-12-08,Stonehaven Networks & Co,IT Hardware & Software,Marine Fleet,CC-330,PO-4581465,497.54,GBP,,27in monitor,2,248.77
INV-500775,2025-12-09,Foxley Systems Inc,IT Hardware & Software,Corporate,CC-900,PO-4575824,15288.39,USD,CT-2024-112,27in monitor,39,392.01
INV-500955,2025-12-09,Blackwater Travel PLC,Travel & Accommodation,Marine Fleet,CC-330,PO-4506192,17811.28,GBP,,,,
INV-500986,2025-12-09,Oakridge Valves PLC,MRO & Spare Parts,Corporate,CC-900,PO-4579386,4952.16,GBP,CT-2024-116,Centrifugal pump seal kit,48,103.17
INV-501070,2025-12-09,Stonehaven Construction PLC,Construction & Civils,Offshore Wind,CC-110,PO-4551358,9275.44,GBP,CT-2024-118,,,
INV-501477,2025-12-09,Coastway Property Care Limited,Facilities Management,Marine Fleet,CC-330,PO-4528587,12451.03,GBP,CT-2025-125,,,
INV-502064,2025-12-09,Keelson Diving Services & Co,Marine Services,Offshore Wind,CC-110,PO-4552972,3391.53,GBP,,,,
INV-502183,2025-12-09,Westerly Water Ltd,Energy & Utilities,Ports & Terminals,CC-220,PO-4590110,3121.34,GBP,,,,
INV-502511,2025-12-09,Pembury Academy Ltd,Training & Development,Corporate,CC-900,PO-4585639,6258.92,GBP,CT-2024-196,,,
INV-502588,2025-12-09,Wavecrest Industrial Ltd,MRO & Spare Parts,Ports & Terminals,CC-220,PO-4533017,2076.88,GBP,,Gate valve DN50 PN16,13,159.76
INV-502980,2025-12-09,Stonehaven Networks & Co,IT Hardware & Software,Ports & Terminals,CC-220,PO-4583537,1096.61,GBP,,"Laptop, 14in business",1,1096.61
INV-500046,2025-12-10,Wavecrest Bearings Ltd,MRO & Spare Parts,Corporate,CC-900,PO-4597075,21496.32,GBP,CT-2024-100,"Hydraulic hose 1/2in, per metre",1728,12.44
INV-500203,2025-12-10,Ironbridge Stationers Ltd,Office Supplies,Marine Fleet,CC-330,,10364.72,GBP,,"A4 copier paper, box of 5 reams",524,19.78
INV-500402,2025-12-10,Clearwater Facilities Ltd,Facilities Management,Ports & Terminals,CC-220,PO-4540263,6778.16,GBP,CT-2025-107,,,
INV-500941,2025-12-10,Blackwater Travel PLC,Travel & Accommodation,Marine Fleet,CC-330,PO-4521813,15497.62,GBP,CT-2025-115,,,
INV-501084,2025-12-10,Stonehaven Construction PLC,Construction & Civils,Offshore Wind,CC-110,PO-4567586,2772.43,GBP,,,,
INV-501201,2025-12-10,Heathmere Cleaning Limited,Facilities Management,Marine Fleet,CC-330,PO-4562834,3231.14,GBP,CT-2024-120,,,
INV-501217,2025-12-10,Heathmere Cleaning Limited,Facilities Management,Marine Fleet,CC-330,PO-4594962,4304.4,GBP,CT-2024-120,,,
INV-501267,2025-12-10,Juniper Learning PLC,Training & Development,Ports & Terminals,CC-220,PO-4555652,4038.46,GBP,CT-2025-121,,,
INV-501608,2025-12-10,Upton Kitchens Ltd,Catering & Hospitality,Ports & Terminals,CC-220,,10105.23,GBP,CT-2024-132,,,
INV-501907,2025-12-10,Castlegate Utilities Ltd,Energy & Utilities,Offshore Wind,CC-110,PO-4587586,2476.74,GBP,,,,
INV-502107,2025-12-10,Driftwood Bearings & Co,MRO & Spare Parts,Corporate,CC-900,PO-4506846,2777.8,GBP,,Ball bearing 6205-2RS,380,7.31
INV-502127,2025-12-10,Windrush Travel A/S,Travel & Accommodation,Marine Fleet,CC-330,PO-4526453,5375.32,EUR,,,,
INV-502722,2025-12-10,Bayfront Media & Co,Marketing & Events,Offshore Wind,CC-110,PO-4576412,17301,GBP,,,,
INV-502876,2025-12-10,Yarrow Catering PLC,Catering & Hospitality,Offshore Wind,CC-110,PO-4552281,3750.14,GBP,,,,
INV-503062,2025-12-10,Galeforce Maintenance Ltd,Facilities Management,Offshore Wind,CC-110,PO-4511599,704.36,GBP,,,,
INV-503277,2025-12-10,Mariner Industrial PLC,MRO & Spare Parts,Marine Fleet,CC-330,PO-4530761,45.85,GBP,,"Stainless bolts M12x50, box of 50",1,45.85
INV-500362,2025-12-11,Merrow Workwear Ltd,Safety & PPE,Ports & Terminals,CC-220,PO-4558283,17514.84,GBP,CT-2024-106,"Hi-vis jacket, class 3",609,28.76
INV-500440,2025-12-11,Clearwater Facilities Ltd,Facilities Management,Corporate,CC-900,PO-4513440,5281.75,GBP,,,,
INV-501103,2025-12-11,Kingsway Fasteners PLC,MRO & Spare Parts,Marine Fleet,CC-330,PO-4554020,2215.2,GBP,,Ball bearing 6205-2RS,312,7.1
INV-501117,2025-12-11,Kingsway Fasteners PLC,MRO & Spare Parts,Marine Fleet,CC-330,PO-4583110,5135.36,GBP,CT-2025-119,"Stainless bolts M12x50, box of 50",118,43.52
INV-501474,2025-12-11,Merrow Events Ltd,Marketing & Events,Ports & Terminals,CC-220,PO-4526780,4907.67,GBP,CT-2024-124,,,
INV-501482,2025-12-11,Coastway Property Care Limited,Facilities Management,Corporate,CC-900,PO-4532072,15463.47,GBP,CT-2025-125,,,
INV-501558,2025-12-11,Juniper Recruitment Ltd,Temporary Labour,Ports & Terminals,CC-220,PO-4534560,8028.15,GBP,CT-2025-129,,,
INV-502359,2025-12-11,Stonehaven Property Care Ltd,Facilities Management,Marine Fleet,CC-330,PO-4537359,4096.6,GBP,,,,
INV-502386,2025-12-11,Thistle Facilities Limited,Facilities Management,Corporate,CC-900,PO-4561167,4042.36,GBP,CT-2024-178,,,
INV-502823,2025-12-11,Portland Events & Co,Marketing & Events,Ports & Terminals,CC-220,PO-4557457,882.04,GBP,,,,
INV-503202,2025-12-11,Keelson PPE Supplies Ltd,Safety & PPE,Ports & Terminals,CC-220,PO-4590061,211.86,GBP,,"Ear defenders, SNR 30",11,19.26
INV-500205,2025-12-12,Ironbridge Stationers Ltd,Office Supplies,Marine Fleet,CC-330,PO-4576623,22311.84,GBP,CT-2025-103,"A4 copier paper, box of 5 reams",1128,19.78
INV-501382,2025-12-12,Starboard Pumps & Co,MRO & Spare Parts,Offshore Wind,CC-110,PO-4533910,3830.97,GBP,CT-2025-123,Ball bearing 6205-2RS,517,7.41
INV-501392,2025-12-12,Starboard Pumps & Co,MRO & Spare Parts,Offshore Wind,CC-110,PO-4523005,4420.25,GBP,,Gate valve DN50 PN16,25,176.81
INV-501656,2025-12-12,Merrow Facilities Ltd,Facilities Management,Corporate,CC-900,PO-4590471,6011.3,GBP,CT-2024-134,,,
INV-501807,2025-12-12,Quarrymead Terminals A/S,Port & Terminal Services,Ports & Terminals,CC-220,PO-4510888,2793.92,EUR,,,,
INV-502563,2025-12-12,Quarrymead Kitchens Ltd,Catering & Hospitality,Offshore Wind,CC-110,PO-4510786,1420.7,GBP,,,,
INV-502950,2025-12-12,Pembury Hotels Limited,Travel & Accommodation,Ports & Terminals,CC-220,PO-4544110,1800.23,GBP,,,,
INV-503336,2025-12-12,Foxley Academy & Co,Training & Development,Offshore Wind,CC-110,PO-4500435,23.26,GBP,,,,
INV-503362,2025-12-12,Eastholme Consulting Ltd,Professional Services,Ports & Terminals,CC-220,PO-4579253,18,GBP,,,,
INV-500237,2025-12-13,Wavecrest Couriers SAS,Logistics & Freight,Marine Fleet,CC-330,PO-4510757,13430.58,EUR,CT-2024-104,,,
INV-500403,2025-12-13,Clearwater Facilities Ltd,Facilities Management,Offshore Wind,CC-110,PO-4599243,7031.75,GBP,CT-2025-107,,,
INV-500725,2025-12-13,Bayfront Hydraulics Ltd,MRO & Spare Parts,Offshore Wind,CC-110,PO-4550424,8742.28,GBP,CT-2025-111,Centrifugal pump seal kit,76,115.03
INV-500984,2025-12-13,Oakridge Valves PLC,MRO & Spare Parts,Offshore Wind,CC-110,PO-4540411,5880.69,GBP,CT-2024-116,Centrifugal pump seal kit,57,103.17
INV-501397,2025-12-13,Starboard Pumps & Co,MRO & Spare Parts,Offshore Wind,CC-110,PO-4526041,9870.12,GBP,CT-2025-123,Ball bearing 6205-2RS,1332,7.41
INV-501837,2025-12-13,Greystone Systems Inc,IT Hardware & Software,Marine Fleet,CC-330,PO-4557724,6051.49,USD,CT-2025-143,27in monitor,17,355.97
INV-502672,2025-12-13,Seacroft Facilities Ltd,Facilities Management,Corporate,CC-900,PO-4548992,1295.63,GBP,,,,
INV-503170,2025-12-13,Harrowgate Networks Inc,IT Hardware & Software,Corporate,CC-900,PO-4546277,315.58,USD,,27in monitor,1,315.58
INV-503352,2025-12-13,Fairhaven Hydraulics Ltd,MRO & Spare Parts,Offshore Wind,CC-110,,27.9,GBP,,Ball bearing 6205-2RS,5,5.58
INV-500407,2025-12-14,Clearwater Facilities Ltd,Facilities Management,Ports & Terminals,CC-220,PO-4517706,3485.52,GBP,CT-2025-107,,,
INV-500692,2025-12-14,Bayfront Hydraulics Ltd,MRO & Spare Parts,Offshore Wind,CC-110,PO-4563612,6426.95,GBP,CT-2025-111,Ball bearing 6205-2RS,865,7.43
INV-500694,2025-12-14,Bayfront Hydraulics Ltd,MRO & Spare Parts,Offshore Wind,CC-110,PO-4571995,7979.85,GBP,CT-2025-111,Gate valve DN50 PN16,45,177.33
INV-501259,2025-12-14,Juniper Learning PLC,Training & Development,Ports & Terminals,CC-220,PO-4520567,2704.58,GBP,CT-2025-121,,,
INV-502188,2025-12-14,Westerly Water Ltd,Energy & Utilities,Ports & Terminals,CC-220,,3035.34,GBP,CT-2025-161,,,
INV-502450,2025-12-14,Oakridge Systems Ltd,IT Hardware & Software,Offshore Wind,CC-110,PO-4509634,5052.42,GBP,,Rugged tablet,3,1684.14
INV-503310,2025-12-14,Foxley Advisory & Co,Professional Services,Corporate,CC-900,PO-4524505,374.25,GBP,,,,
INV-501478,2025-12-15,Coastway Property Care Limited,Facilities Management,Corporate,CC-900,PO-4539142,11378.55,GBP,CT-2025-125,,,
INV-501504,2025-12-15,Kingsway Staffing PLC,Temporary Labour,Ports & Terminals,CC-220,PO-4555994,14016.59,GBP,CT-2024-126,,,
INV-503120,2025-12-15,Fairhaven Bunkering Limited,Fuel & Lubricants,Offshore Wind,CC-110,,245.59,GBP,,,,
INV-500016,2025-12-16,Wavecrest Bearings Ltd,MRO & Spare Parts,Corporate,CC-900,PO-4530797,10906.47,GBP,,Ball bearing 6205-2RS,1611,6.77
INV-500560,2025-12-16,Coastway Fuels Inc,Fuel & Lubricants,Corporate,CC-900,PO-4589534,15157.57,USD,CT-2025-109,,,
INV-500720,2025-12-16,Bayfront Hydraulics Ltd,MRO & Spare Parts,Offshore Wind,CC-110,PO-4595954,7447.86,GBP,CT-2025-111,Gate valve DN50 PN16,42,177.33
INV-501235,2025-12-16,Heathmere Cleaning Limited,Facilities Management,Marine Fleet,CC-330,PO-4527379,1716.44,GBP,CT-2024-120,,,
INV-501855,2025-12-16,Deepwell Diving Services PLC,Marine Services,Marine Fleet,CC-330,PO-4568974,9800.71,GBP,,,,
INV-502427,2025-12-16,Starboard Creative Limited,Marketing & Events,Corporate,CC-900,PO-4520124,2882.38,GBP,,,,
INV-502744,2025-12-16,Oakridge Advisory Limited,Professional Services,Ports & Terminals,CC-220,PO-4576464,1847.41,GBP,,,,
INV-500001,2025-12-17,Wavecrest Bearings Ltd,MRO & Spare Parts,Ports & Terminals,CC-220,PO-4570711,22002.5,GBP,CT-2024-100,Ball bearing 6205-2RS,3250,6.77
INV-500178,2025-12-17,Ironbridge Stationers Ltd,Office Supplies,Marine Fleet,CC-330,PO-4514179,14933.9,GBP,CT-2025-103,"A4 copier paper, box of 5 reams",755,19.78
INV-500244,2025-12-17,Wavecrest Couriers SAS,Logistics & Freight,Marine Fleet,CC-330,PO-4513018,23675.62,EUR,,,,
INV-500491,2025-12-17,Castlegate Media Ltd,Marketing & Events,Offshore Wind,CC-110,PO-4517252,5946.32,GBP,,,,
INV-501484,2025-12-17,Coastway Property Care Limited,Facilities Management,Corporate,CC-900,PO-4551876,14325.43,GBP,,,,
INV-501715,2025-12-17,Thistle Software LLC,IT Hardware & Software,Offshore Wind,CC-110,,4814.64,USD,,"Laptop, 14in business",3,1604.88
INV-501743,2025-12-17,Starboard Maintenance Ltd,Facilities Management,Ports & Terminals,CC-220,PO-4502051,11402.95,GBP,,,,
INV-501759,2025-12-17,Anchorline Marine PLC,Marine Services,Ports & Terminals,CC-220,PO-4594494,7831.71,GBP,,,,
INV-501847,2025-12-17,Greystone Systems Inc,IT Hardware & Software,Marine Fleet,CC-330,PO-4551874,3559.7,USD,CT-2025-143,27in monitor,10,355.97
INV-502707,2025-12-17,Shorewell Networks LLC,IT Hardware & Software,Offshore Wind,CC-110,PO-4599848,1671.97,USD,,"Laptop, 14in business",1,1671.97
INV-503287,2025-12-17,Quarrymead Bunkering Inc,Fuel & Lubricants,Corporate,CC-900,PO-4598270,233.69,USD,,,,
INV-500695,2025-12-18,Bayfront Hydraulics Ltd,MRO & Spare Parts,Marine Fleet,CC-330,PO-4526499,8947.3,GBP,CT-2025-111,"Hydraulic hose 1/2in, per metre",655,13.66
INV-500926,2025-12-18,Blackwater Travel PLC,Travel & Accommodation,Marine Fleet,CC-330,PO-4552920,4857.76,GBP,CT-2025-115,,,
INV-501935,2025-12-18,Lanyard Kitchens Ltd,Catering & Hospitality,Offshore Wind,CC-110,PO-4580426,5676.14,GBP,CT-2025-149,,,
INV-502490,2025-12-18,Harrowgate Furniture Ltd,Office Supplies,Corporate,CC-900,,1283.64,GBP,,Ergonomic office chair,6,213.94
INV-502773,2025-12-18,Quarrymead Partners PLC,Professional Services,Ports & Terminals,CC-220,PO-4539870,1163.9,GBP,,,,
INV-500127,2025-12-19,Ravensworth Pumps Limited,MRO & Spare Parts,Marine Fleet,CC-330,PO-4575759,20979.36,GBP,CT-2024-102,"Hydraulic hose 1/2in, per metre",1714,12.24
INV-500150,2025-12-19,Ravensworth Pumps Limited,MRO & Spare Parts,Ports & Terminals,CC-220,PO-4525700,17992.8,GBP,,"Hydraulic hose 1/2in, per metre",1470,12.24
INV-500591,2025-12-19,Coastway Fuels Inc,Fuel & Lubricants,Corporate,CC-900,PO-4599473,13360.32,USD,CT-2025-109,,,
INV-501326,2025-12-19,Juniper Learning PLC,Training & Development,Ports & Terminals,CC-220,PO-4503723,1431.32,GBP,CT-2025-121,,,
INV-501332,2025-12-19,Coastway Logistics BV,Logistics & Freight,Corporate,CC-900,PO-4520864,8193.33,EUR,,,,
INV-501971,2025-12-19,Whitcombe Haulage SAS,Logistics & Freight,Offshore Wind,CC-110,PO-4559121,4901.5,EUR,,,,
INV-502205,2025-12-19,Clearwater Staffing Ltd,Temporary Labour,Corporate,CC-900,,1498.1,GBP,,,,
INV-503004,2025-12-19,Clearwater Stevedoring Ltd,Port & Terminal Services,Ports & Terminals,CC-220,PO-4575857,447.12,GBP,,,,
INV-503258,2025-12-19,Castlegate Learning Ltd,Training & Development,Offshore Wind,CC-110,PO-4594903,223.2,GBP,,,,
INV-500753,2025-12-20,Foxley Systems Inc,IT Hardware & Software,Corporate,CC-900,PO-4508640,13344.48,USD,CT-2024-112,Rugged tablet,6,2224.08
INV-500907,2025-12-20,Shorewell Safety Ltd,Safety & PPE,Corporate,CC-900,PO-4505477,7733.65,GBP,CT-2024-114,"Safety boots, S3",137,56.45
INV-501132,2025-12-20,Kingsway Fasteners PLC,MRO & Spare Parts,Marine Fleet,CC-330,PO-4571342,3298.5,GBP,CT-2025-119,Centrifugal pump seal kit,30,109.95
INV-501223,2025-12-20,Heathmere Cleaning Limited,Facilities Management,Marine Fleet,CC-330,PO-4522972,2566.07,GBP,,,,
INV-501962,2025-12-20,Tarnside Haulage PLC,Logistics & Freight,Ports & Terminals,CC-220,PO-4584681,5289.75,GBP,,,,
INV-502242,2025-12-20,Lanyard Fasteners & Co,MRO & Spare Parts,Corporate,CC-900,PO-4584817,1888.03,GBP,,Centrifugal pump seal kit,19,99.37
INV-502469,2025-12-20,Solent Couriers PLC,Logistics & Freight,Marine Fleet,CC-330,PO-4568629,1675.25,GBP,,,,
INV-502486,2025-12-20,Harrowgate Furniture Ltd,Office Supplies,Corporate,CC-900,PO-4520794,964.2,GBP,,"Lever arch files, pack of 10",60,16.07
INV-502927,2025-12-20,Lanyard Industrial Limited,MRO & Spare Parts,Offshore Wind,CC-110,PO-4512188,1036.56,GBP,,"Stainless bolts M12x50, box of 50",28,37.02
INV-503091,2025-12-20,Whitcombe Port Services Ltd,Port & Terminal Services,Offshore Wind,CC-110,PO-4546170,1387.76,GBP,,,,
INV-503259,2025-12-20,Keelson Hydraulics Ltd,MRO & Spare Parts,Marine Fleet,CC-330,PO-4555452,157.04,GBP,,"Stainless bolts M12x50, box of 50",4,39.26
INV-500446,2025-12-21,Clearwater Facilities Ltd,Facilities Management,Marine Fleet,CC-330,PO-4594810,8233.98,GBP,CT-2025-107,,,
INV-500709,2025-12-21,Bayfront Hydraulics Ltd,MRO & Spare Parts,Offshore Wind,CC-110,PO-4526375,5364.46,GBP,CT-2025-111,Ball bearing 6205-2RS,722,7.43
INV-500791,2025-12-21,Shorewell Digital LLC,IT Hardware & Software,Ports & Terminals,CC-220,PO-4594837,2906.5,USD,CT-2025-113,"Laptop, 14in business",2,1453.25
INV-501695,2025-12-21,Saltmarsh Kitchens PLC,Catering & Hospitality,Corporate,CC-900,PO-4558943,11894.68,GBP,,,,
INV-501876,2025-12-21,Greystone PPE Supplies PLC,Safety & PPE,Offshore Wind,CC-110,,5114.88,GBP,CT-2025-145,"Nitrile gloves, box of 100",592,8.64
INV-501922,2025-12-21,Blackwater Stationers & Co,Office Supplies,Offshore Wind,CC-110,PO-4520302,14454.02,GBP,,"A4 copier paper, box of 5 reams",602,24.01
INV-502128,2025-12-21,Saltmarsh Travel Limited,Travel & Accommodation,Offshore Wind,CC-110,PO-4553907,3051.76,GBP,,,,
INV-502204,2025-12-21,Clearwater Staffing Ltd,Temporary Labour,Marine Fleet,CC-330,,3879.57,GBP,,,,
INV-502250,2025-12-21,Harrowgate Fasteners Ltd,MRO & Spare Parts,Corporate,CC-900,PO-4542042,4183.8,GBP,CT-2024-166,"Hydraulic hose 1/2in, per metre",367,11.4
INV-502342,2025-12-21,Coastway Hotels & Co,Travel & Accommodation,Corporate,CC-900,PO-4531664,1764.29,GBP,,,,
INV-502542,2025-12-21,Lowther Advisory Ltd,Professional Services,Ports & Terminals,CC-220,PO-4505665,2226.88,GBP,,,,
INV-500562,2025-12-22,Coastway Fuels Inc,Fuel & Lubricants,Offshore Wind,CC-110,PO-4564723,6109.87,USD,CT-2025-109,,,
INV-501111,2025-12-22,Kingsway Fasteners PLC,MRO & Spare Parts,Marine Fleet,CC-330,PO-4584264,3518.4,GBP,CT-2025-119,Centrifugal pump seal kit,32,109.95
INV-501860,2025-12-22,Deepwell Diving Services PLC,Marine Services,Marine Fleet,CC-330,PO-4554619,6478.83,GBP,,,,
INV-501900,2025-12-22,Castlegate Utilities Ltd,Energy & Utilities,Offshore Wind,CC-110,PO-4549539,1824.28,GBP,,,,
INV-502604,2025-12-22,Whitcombe Telecom & Co,Telecoms,Ports & Terminals,CC-220,PO-4574991,2130.91,GBP,,,,
INV-502651,2025-12-22,Pembury Couriers Ltd,Logistics & Freight,Offshore Wind,CC-110,PO-4560183,1986.58,GBP,,,,
INV-503209,2025-12-22,Stonehaven Facilities & Co,Facilities Management,Offshore Wind,CC-110,PO-4565543,315.4,GBP,,,,
INV-500140,2025-12-23,Ravensworth Pumps Limited,MRO & Spare Parts,Marine Fleet,CC-330,PO-4571338,25110.94,GBP,CT-2024-102,Gate valve DN50 PN16,158,158.93
INV-500588,2025-12-23,Coastway Fuels Inc,Fuel & Lubricants,Corporate,CC-900,PO-4541708,6452.68,USD,,,,
INV-500713,2025-12-23,Bayfront Hydraulics Ltd,MRO & Spare Parts,Offshore Wind,CC-110,PO-4562590,6383.88,GBP,CT-2025-111,Gate valve DN50 PN16,36,177.33
INV-501229,2025-12-23,Heathmere Cleaning Limited,Facilities Management,Marine Fleet,CC-330,PO-4513658,3818.25,GBP,CT-2024-120,,,
INV-501285,2025-12-23,Juniper Learning PLC,Training & Development,Ports & Terminals,CC-220,PO-4570999,2385.28,GBP,CT-2025-121,,,
INV-501672,2025-12-23,Merrow Facilities Ltd,Facilities Management,Corporate,CC-900,PO-4524929,4010.54,GBP,CT-2024-134,,,
INV-501923,2025-12-23,Blackwater Stationers & Co,Office Supplies,Offshore Wind,CC-110,PO-4516560,5170.36,GBP,,"Lever arch files, pack of 10",326,15.86
INV-503213,2025-12-23,Westerly Media Ltd,Marketing & Events,Ports & Terminals,CC-220,,115.5,GBP,,,,
INV-500196,2025-12-24,Ironbridge Stationers Ltd,Office Supplies,Marine Fleet,CC-330,PO-4518547,21457.58,GBP,CT-2025-103,"Lever arch files, pack of 10",1643,13.06
INV-501125,2025-12-24,Kingsway Fasteners PLC,MRO & Spare Parts,Marine Fleet,CC-330,PO-4579120,5875.2,GBP,,"Stainless bolts M12x50, box of 50",135,43.52
INV-501455,2025-12-24,Merrow Events Ltd,Marketing & Events,Ports & Terminals,CC-220,PO-4524846,5087.85,GBP,CT-2024-124,,,
INV-501945,2025-12-24,Lanyard Kitchens Ltd,Catering & Hospitality,Offshore Wind,CC-110,,4533.92,GBP,CT-2025-149,,,
INV-502712,2025-12-24,Deepwell Facilities PLC,Facilities Management,Marine Fleet,CC-330,PO-4567170,1789.08,GBP,,,,
INV-503148,2025-12-24,Lowther Systems Limited,IT Hardware & Software,Marine Fleet,CC-330,PO-4552242,347.8,GBP,,Docking station USB-C,2,173.9
INV-500099,2025-12-25,Westerly Safety PLC,Safety & PPE,Offshore Wind,CC-110,,24254.4,GBP,CT-2025-101,"Nitrile gloves, box of 100",3260,7.44
INV-500497,2025-12-25,Castlegate Media Ltd,Marketing & Events,Offshore Wind,CC-110,PO-4590366,8205.49,GBP,CT-2024-108,,,
INV-501605,2025-12-25,Upton Kitchens Ltd,Catering & Hospitality,Offshore Wind,CC-110,PO-4510313,7210.81,GBP,CT-2024-132,,,
INV-502145,2025-12-25,Saltmarsh Travel Limited,Travel & Accommodation,Offshore Wind,CC-110,PO-4595317,1542.99,GBP,,,,
INV-502968,2025-12-25,Greystone Media & Co,Marketing & Events,Corporate,CC-900,PO-4579319,173.73,GBP,,,,
INV-503131,2025-12-25,Kingsway Stationers Ltd,Office Supplies,Ports & Terminals,CC-220,PO-4545398,172.32,GBP,,"Lever arch files, pack of 10",12,14.36
INV-503289,2025-12-25,Quarrymead Bunkering Inc,Fuel & Lubricants,Ports & Terminals,CC-220,,156.83,USD,,,,
INV-500754,2025-12-26,Foxley Systems Inc,IT Hardware & Software,Corporate,CC-900,PO-4583266,5016.19,USD,CT-2024-112,Docking station USB-C,19,264.01
INV-501469,2025-12-26,Merrow Events Ltd,Marketing & Events,Ports & Terminals,CC-220,PO-4548465,3150.94,GBP,CT-2024-124,,,
INV-501622,2025-12-26,Upton Kitchens Ltd,Catering & Hospitality,Offshore Wind,CC-110,,11222.96,GBP,CT-2024-132,,,
INV-502406,2025-12-26,Fairhaven Facilities Ltd,Facilities Management,Offshore Wind,CC-110,,3077.32,GBP,,,,
INV-502670,2025-12-26,Clearwater Bearings SAS,MRO & Spare Parts,Ports & Terminals,CC-220,PO-4542328,6517.44,EUR,,Ball bearing 6205-2RS,992,6.57
INV-502868,2025-12-26,Kingsway Cleaning PLC,Facilities Management,Marine Fleet,CC-330,PO-4550985,515.7,GBP,,,,
INV-502999,2025-12-26,Clearwater Stevedoring Ltd,Port & Terminal Services,Ports & Terminals,CC-220,,803.83,GBP,,,,
INV-503317,2025-12-26,Northstar Hospitality Limited,Catering & Hospitality,Corporate,CC-900,,104.43,GBP,,,,
INV-500247,2025-12-27,Wavecrest Couriers SAS,Logistics & Freight,Marine Fleet,CC-330,PO-4591493,8106.2,EUR,CT-2024-104,,,
INV-500546,2025-12-27,Coastway Fuels Inc,Fuel & Lubricants,Offshore Wind,CC-110,PO-4507015,9510.4,USD,CT-2025-109,,,
INV-500648,2025-12-27,Quarrymead Stevedoring A/S,Port & Terminal Services,Ports & Terminals,CC-220,PO-4589745,8921.69,EUR,CT-2024-110,,,
INV-500849,2025-12-27,Shorewell Digital LLC,IT Hardware & Software,Ports & Terminals,CC-220,PO-4501887,9351.9,USD,,Rugged tablet,5,1870.38
INV-502101,2025-12-27,Driftwood Bearings & Co,MRO & Spare Parts,Marine Fleet,CC-330,PO-4597489,2966.67,GBP,,Gate valve DN50 PN16,17,174.51
INV-502318,2025-12-27,Stonehaven Build Ltd,Construction & Civils,Ports & Terminals,CC-220,,8570.56,GBP,,,,
INV-502478,2025-12-27,Solent Couriers PLC,Logistics & Freight,Marine Fleet,CC-330,PO-4508271,1511.52,GBP,,,,
INV-502907,2025-12-27,Wavecrest Creative & Co,Marketing & Events,Corporate,CC-900,PO-4519762,271.14,GBP,,,,
INV-500149,2025-12-28,Ravensworth Pumps Limited,MRO & Spare Parts,Marine Fleet,CC-330,PO-4524630,9224.1,GBP,CT-2024-102,Ball bearing 6205-2RS,1385,6.66
INV-500452,2025-12-28,Clearwater Facilities Ltd,Facilities Management,Ports & Terminals,CC-220,PO-4513516,8588.81,GBP,CT-2025-107,,,
INV-500833,2025-12-28,Shorewell Digital LLC,IT Hardware & Software,Ports & Terminals,CC-220,PO-4596546,7912.08,USD,CT-2025-113,27in monitor,24,329.67
INV-501245,2025-12-28,Heathmere Cleaning Limited,Facilities Management,Marine Fleet,CC-330,PO-4504760,2327.25,GBP,CT-2024-120,,,
INV-502371,2025-12-28,Fairhaven Events Ltd,Marketing & Events,Corporate,CC-900,,4766.4,GBP,,,,
INV-502505,2025-12-28,Coastway Freight Limited,Logistics & Freight,Marine Fleet,CC-330,PO-4588151,4529.52,GBP,,,,
INV-502546,2025-12-28,Blackwater Property Care Limited,Facilities Management,Corporate,CC-900,PO-4576259,5166.12,GBP,,,,
INV-502573,2025-12-28,Ironbridge Hotels PLC,Travel & Accommodation,Marine Fleet,CC-330,PO-4513165,2874.35,GBP,,,,
INV-502866,2025-12-28,Kingsway Cleaning PLC,Facilities Management,Marine Fleet,CC-330,PO-4531285,860.88,GBP,,,,
INV-500540,2025-12-29,Coastway Fuels Inc,Fuel & Lubricants,Corporate,CC-900,PO-4597942,9956.06,USD,CT-2025-109,,,
INV-500740,2025-12-29,Foxley Systems Inc,IT Hardware & Software,Corporate,CC-900,,8896.32,USD,CT-2024-112,Rugged tablet,4,2224.08
INV-500838,2025-12-29,Shorewell Digital LLC,IT Hardware & Software,Ports & Terminals,CC-220,PO-4541914,4359.75,USD,CT-2025-113,"Laptop, 14in business",3,1453.25
INV-501147,2025-12-29,Kingsway Fasteners PLC,MRO & Spare Parts,Ports & Terminals,CC-220,PO-4518965,5085,GBP,CT-2025-119,Gate valve DN50 PN16,30,169.5
INV-501402,2025-12-29,Starboard Pumps & Co,MRO & Spare Parts,Offshore Wind,CC-110,PO-4542635,8028.3,GBP,CT-2025-123,Centrifugal pump seal kit,70,114.69
INV-501718,2025-12-29,Driftwood Industrial & Co,MRO & Spare Parts,Corporate,CC-900,PO-4515707,7800.45,GBP,,Gate valve DN50 PN16,57,136.85
INV-501910,2025-12-29,Castlegate Utilities Ltd,Energy & Utilities,Offshore Wind,CC-110,,1916.92,GBP,,,,
INV-502905,2025-12-29,Wavecrest Creative & Co,Marketing & Events,Marine Fleet,CC-330,PO-4576062,776.55,GBP,,,,
INV-503285,2025-12-29,Quarrymead Bunkering Inc,Fuel & Lubricants,Ports & Terminals,CC-220,,211.18,USD,,,,
INV-500063,2025-12-30,Westerly Safety PLC,Safety & PPE,Ports & Terminals,CC-220,PO-4584747,30672.72,GBP,CT-2025-101,"Hi-vis jacket, class 3",1356,22.62
INV-500186,2025-12-30,Ironbridge Stationers Ltd,Office Supplies,Marine Fleet,CC-330,PO-4583922,24705.22,GBP,CT-2025-103,"A4 copier paper, box of 5 reams",1249,19.78
INV-500306,2025-12-30,Anchorline Advisory PLC,Professional Services,Marine Fleet,CC-330,PO-4567137,8975.42,GBP,CT-2025-105,,,
INV-500494,2025-12-30,Castlegate Media Ltd,Marketing & Events,Offshore Wind,CC-110,PO-4594208,5103.2,GBP,CT-2024-108,,,
INV-501403,2025-12-30,Starboard Pumps & Co,MRO & Spare Parts,Offshore Wind,CC-110,PO-4541752,9247.98,GBP,CT-2025-123,"Hydraulic hose 1/2in, per metre",679,13.62
INV-501539,2025-12-30,Pembury Civils PLC,Construction & Civils,Corporate,CC-900,PO-4502369,2679.94,GBP,CT-2024-128,,,
INV-502012,2025-12-30,Kingsway Facilities Ltd,Facilities Management,Corporate,CC-900,,3890.02,GBP,CT-2025-153,,,
INV-502161,2025-12-30,Pembury Engineering Supplies Ltd,MRO & Spare Parts,Marine Fleet,CC-330,PO-4511443,4269,GBP,CT-2024-160,Gate valve DN50 PN16,25,170.76
INV-502193,2025-12-30,Westerly Water Ltd,Energy & Utilities,Offshore Wind,CC-110,PO-4576741,4423.42,GBP,CT-2025-161,,,
INV-503088,2025-12-30,Windrush Media PLC,Marketing & Events,Corporate,CC-900,,245.46,GBP,,,,
INV-500094,2025-12-31,Westerly Safety PLC,Safety & PPE,Marine Fleet,CC-330,PO-4577564,9524.09,GBP,CT-2025-101,"Safety boots, S3",163,58.43
INV-500308,2025-12-31,Anchorline Advisory PLC,Professional Services,Ports & Terminals,CC-220,PO-4590039,8445.09,GBP,CT-2025-105,,,
INV-500345,2025-12-31,Merrow Workwear Ltd,Safety & PPE,Corporate,CC-900,PO-4599107,7563.88,GBP,,"Hi-vis jacket, class 3",263,28.76
INV-501088,2025-12-31,Stonehaven Construction PLC,Construction & Civils,Offshore Wind,CC-110,PO-4554692,2727.48,GBP,CT-2024-118,,,
INV-501122,2025-12-31,Kingsway Fasteners PLC,MRO & Spare Parts,Marine Fleet,CC-330,PO-4534329,4288.05,GBP,CT-2025-119,Centrifugal pump seal kit,39,109.95
INV-501228,2025-12-31,Heathmere Cleaning Limited,Facilities Management,Marine Fleet,CC-330,PO-4585258,2078.71,GBP,CT-2024-120,,,
INV-501260,2025-12-31,Juniper Learning PLC,Training & Development,Ports & Terminals,CC-220,,2381.77,GBP,CT-2025-121,,,
INV-501345,2025-12-31,Coastway Logistics BV,Logistics & Freight,Marine Fleet,CC-330,PO-4552999,5185.98,EUR,CT-2024-122,,,
INV-502020,2025-12-31,Kingsway Facilities Ltd,Facilities Management,Corporate,CC-900,PO-4525228,1668.47,GBP,CT-2025-153,,,
INV-502327,2025-12-31,Pembury Diving Services Ltd,Marine Services,Ports & Terminals,CC-220,PO-4563769,4724.31,GBP,,,,
INV-502416,2025-12-31,Brightmoor PPE Supplies Ltd,Safety & PPE,Marine Fleet,CC-330,PO-4506301,21805.65,GBP,,"Ear defenders, SNR 30",1031,21.15
INV-502495,2025-12-31,Quarrymead Marine A/S,Marine Services,Marine Fleet,CC-330,PO-4553513,5322.69,EUR,,,,
INV-502937,2025-12-31,Yarrow Hospitality & Co,Catering & Hospitality,Corporate,CC-900,PO-4549776,525.73,GBP,,,,
INV-503043,2025-12-31,Ironbridge Build Ltd,Construction & Civils,Ports & Terminals,CC-220,PO-4528158,509.27,GBP,,,,
INV-503338,2025-12-31,Foxley Academy & Co,Training & Development,Corporate,CC-900,,37.51,GBP,,,,
INV-500289,2026-01-01,Anchorline Advisory PLC,Professional Services,Marine Fleet,CC-330,PO-4569085,21281.93,GBP,CT-2025-105,,,
INV-500547,2026-01-01,Coastway Fuels Inc,Fuel & Lubricants,Corporate,CC-900,PO-4597057,8432.48,USD,,,,
INV-500548,2026-01-01,Coastway Fuels Inc,Fuel & Lubricants,Corporate,CC-900,PO-4571917,14077.16,USD,CT-2025-109,,,
INV-500677,2026-01-01,Bayfront Hydraulics Ltd,MRO & Spare Parts,Marine Fleet,CC-330,PO-4573544,4175.66,GBP,,Ball bearing 6205-2RS,562,7.43
INV-502303,2026-01-01,Wavecrest Travel Limited,Travel & Accommodation,Offshore Wind,CC-110,PO-4544200,3551.45,GBP,,,,
INV-503027,2026-01-01,Merrow Energy & Co,Energy & Utilities,Corporate,CC-900,PO-4522481,509.15,GBP,,,,
INV-503177,2026-01-01,Blackwater Training Ltd,Training & Development,Corporate,CC-900,PO-4520275,1310.55,GBP,,,,
INV-503346,2026-01-01,Kingsway Recruitment PLC,Temporary Labour,Ports & Terminals,CC-220,PO-4508169,18,GBP,,,,
INV-500592,2026-01-02,Coastway Fuels Inc,Fuel & Lubricants,Corporate,CC-900,PO-4552036,9882.86,USD,CT-2025-109,,,
INV-500690,2026-01-02,Bayfront Hydraulics Ltd,MRO & Spare Parts,Offshore Wind,CC-110,PO-4596055,2827.62,GBP,,"Hydraulic hose 1/2in, per metre",207,13.66
INV-500898,2026-01-02,Shorewell Safety Ltd,Safety & PPE,Corporate,CC-900,PO-4554680,8196.6,GBP,,"Nitrile gloves, box of 100",1140,7.19
INV-501057,2026-01-02,Stonehaven Construction PLC,Construction & Civils,Corporate,CC-900,,3831.35,GBP,CT-2024-118,,,
INV-501367,2026-01-02,Coastway Logistics BV,Logistics & Freight,Ports & Terminals,CC-220,PO-4518481,4079.2,EUR,CT-2024-122,,,
INV-501424,2026-01-02,Merrow Events Ltd,Marketing & Events,Ports & Terminals,CC-220,PO-4559679,3406.49,GBP,,,,
INV-501884,2026-01-02,Solent Training Limited,Training & Development,Ports & Terminals,CC-220,PO-4596653,10316.58,GBP,,,,
INV-502181,2026-01-02,Westerly Water Ltd,Energy & Utilities,Ports & Terminals,CC-220,,2729.68,GBP,CT-2025-161,,,
INV-502387,2026-01-02,Wavecrest Logistics Ltd,Logistics & Freight,Corporate,CC-900,PO-4589079,4550.83,GBP,CT-2025-179,,,
INV-502916,2026-01-02,Keelson Towage Ltd,Marine Services,Marine Fleet,CC-330,PO-4552322,945.63,GBP,,,,
INV-503058,2026-01-02,Juniper Print Ltd,Marketing & Events,Offshore Wind,CC-110,PO-4566004,280.24,GBP,,,,
INV-503084,2026-01-02,Windrush Media PLC,Marketing & Events,Corporate,CC-900,PO-4540592,240.59,GBP,,,,
INV-500428,2026-01-03,Clearwater Facilities Ltd,Facilities Management,Ports & Terminals,CC-220,PO-4576977,8934.53,GBP,CT-2025-107,,,
INV-501058,2026-01-03,Stonehaven Construction PLC,Construction & Civils,Offshore Wind,CC-110,PO-4531794,5331.66,GBP,CT-2024-118,,,
INV-501110,2026-01-03,Kingsway Fasteners PLC,MRO & Spare Parts,Marine Fleet,CC-330,PO-4547449,4569.6,GBP,CT-2025-119,"Stainless bolts M12x50, box of 50",105,43.52
INV-501816,2026-01-03,Quarrymead Terminals A/S,Port & Terminal Services,Ports & Terminals,CC-220,,7157.6,EUR,,,,
INV-502011,2026-01-03,Kingsway Facilities Ltd,Facilities Management,Corporate,CC-900,PO-4510968,4520.49,GBP,CT-2025-153,,,
INV-502541,2026-01-03,Lowther Advisory Ltd,Professional Services,Marine Fleet,CC-330,,2901.43,GBP,,,,
INV-502970,2026-01-03,Greystone Media & Co,Marketing & Events,Offshore Wind,CC-110,PO-4540979,418.07,GBP,,,,
INV-503361,2026-01-03,Eastholme Consulting Ltd,Professional Services,Marine Fleet,CC-330,PO-4550658,18,GBP,,,,
INV-500329,2026-01-04,Anchorline Advisory PLC,Professional Services,Marine Fleet,CC-330,PO-4583012,5451.06,GBP,CT-2025-105,,,
INV-500410,2026-01-04,Clearwater Facilities Ltd,Facilities Management,Ports & Terminals,CC-220,PO-4507622,9391.34,GBP,CT-2025-107,,,
INV-500612,2026-01-04,Quarrymead Stevedoring A/S,Port & Terminal Services,Ports & Terminals,CC-220,PO-4571475,10775.85,EUR,CT-2024-110,,,
INV-501021,2026-01-04,Oakridge Valves PLC,MRO & Spare Parts,Offshore Wind,CC-110,PO-4561403,5294.7,GBP,CT-2024-116,Ball bearing 6205-2RS,795,6.66
INV-501485,2026-01-04,Coastway Property Care Limited,Facilities Management,Corporate,CC-900,PO-4580053,11143.27,GBP,CT-2025-125,,,
INV-501530,2026-01-04,Pembury Civils PLC,Construction & Civils,Ports & Terminals,CC-220,PO-4569628,8323.88,GBP,CT-2024-128,,,
INV-502765,2026-01-04,Quarrymead Partners PLC,Professional Services,Marine Fleet,CC-330,PO-4590671,500.73,GBP,,,,
INV-502837,2026-01-04,Yarrow Furniture Ltd,Office Supplies,Offshore Wind,CC-110,PO-4568155,1020.63,GBP,,"Toner cartridge, black, high yield",13,78.51
INV-502891,2026-01-04,Tarnside Hotels Ltd,Travel & Accommodation,Marine Fleet,CC-330,,987.78,GBP,,,,
INV-502910,2026-01-04,Wavecrest Creative & Co,Marketing & Events,Corporate,CC-900,PO-4522789,362.11,GBP,,,,
INV-503057,2026-01-04,Juniper Print Ltd,Marketing & Events,Offshore Wind,CC-110,PO-4528869,242.58,GBP,,,,
INV-503067,2026-01-04,Portland Legal & Co,Professional Services,Corporate,CC-900,,474.38,GBP,,,,
INV-500147,2026-01-05,Ravensworth Pumps Limited,MRO & Spare Parts,Marine Fleet,CC-330,PO-4564087,18761.22,GBP,CT-2024-102,Ball bearing 6205-2RS,2817,6.66
INV-500305,2026-01-05,Anchorline Advisory PLC,Professional Services,Marine Fleet,CC-330,PO-4515156,14487.61,GBP,,,,
INV-500520,2026-01-05,Castlegate Media Ltd,Marketing & Events,Offshore Wind,CC-110,PO-4541726,7555.58,GBP,CT-2024-108,,,
INV-500568,2026-01-05,Coastway Fuels Inc,Fuel & Lubricants,Corporate,CC-900,PO-4547895,4748.48,USD,CT-2025-109,,,
INV-501443,2026-01-05,Merrow Events Ltd,Marketing & Events,Ports & Terminals,CC-220,PO-4509814,4855.88,GBP,,,,
INV-502691,2026-01-05,Blackwater Advisory Ltd,Professional Services,Offshore Wind,CC-110,PO-4545315,969.17,GBP,,,,
INV-502694,2026-01-05,Blackwater Advisory Ltd,Professional Services,Offshore Wind,CC-110,,1029.24,GBP,,,,
INV-502827,2026-01-05,Portland Events & Co,Marketing & Events,Ports & Terminals,CC-220,PO-4551721,494.32,GBP,,,,
INV-502851,2026-01-05,Solent Terminals Ltd,Port & Terminal Services,Marine Fleet,CC-330,PO-4509480,782.73,GBP,,,,
INV-502974,2026-01-05,Starboard Training Ltd,Training & Development,Offshore Wind,CC-110,,1807.24,GBP,,,,
INV-501040,2026-01-06,Juniper Events & Co,Marketing & Events,Ports & Terminals,CC-220,PO-4597216,4951.24,GBP,CT-2025-117,,,
INV-501220,2026-01-06,Heathmere Cleaning Limited,Facilities Management,Marine Fleet,CC-330,PO-4507883,1620.13,GBP,CT-2024-120,,,
INV-502229,2026-01-06,Bayfront Partners & Co,Professional Services,Marine Fleet,CC-330,PO-4519828,2175.68,GBP,,,,
INV-502688,2026-01-06,Blackwater Advisory Ltd,Professional Services,Offshore Wind,CC-110,PO-4502031,1597.8,GBP,,,,
INV-503074,2026-01-06,Thistle Office Supplies Ltd,Office Supplies,Ports & Terminals,CC-220,,536.2,GBP,,"Lever arch files, pack of 10",35,15.32
INV-500035,2026-01-07,Wavecrest Bearings Ltd,MRO & Spare Parts,Corporate,CC-900,PO-4579358,21284.84,GBP,CT-2024-100,"Hydraulic hose 1/2in, per metre",1711,12.44
INV-500083,2026-01-07,Westerly Safety PLC,Safety & PPE,Marine Fleet,CC-330,PO-4531957,11472.48,GBP,CT-2025-101,"Nitrile gloves, box of 100",1542,7.44
INV-500123,2026-01-07,Ravensworth Pumps Limited,MRO & Spare Parts,Marine Fleet,CC-330,PO-4528159,22679.8,GBP,,Centrifugal pump seal kit,220,103.09
INV-500159,2026-01-07,Ravensworth Pumps Limited,MRO & Spare Parts,Marine Fleet,CC-330,PO-4599229,23998.43,GBP,CT-2024-102,Gate valve DN50 PN16,151,158.93
INV-500785,2026-01-07,Foxley Systems Inc,IT Hardware & Software,Corporate,CC-900,PO-4569120,13824.56,USD,CT-2024-112,"Laptop, 14in business",8,1728.07
INV-501196,2026-01-07,Heathmere Cleaning Limited,Facilities Management,Marine Fleet,CC-330,PO-4536873,4326.19,GBP,CT-2024-120,,,
INV-502139,2026-01-07,Saltmarsh Travel Limited,Travel & Accommodation,Offshore Wind,CC-110,PO-4593583,2119.29,GBP,,,,
INV-500034,2026-01-08,Wavecrest Bearings Ltd,MRO & Spare Parts,Offshore Wind,CC-110,PO-4597262,11469.68,GBP,CT-2024-100,"Hydraulic hose 1/2in, per metre",922,12.44
INV-500169,2026-01-08,Ironbridge Stationers Ltd,Office Supplies,Marine Fleet,CC-330,PO-4518006,19176.52,GBP,CT-2025-103,"Ballpoint pens, box of 50",2126,9.02
INV-500381,2026-01-08,Clearwater Facilities Ltd,Facilities Management,Ports & Terminals,CC-220,PO-4562252,3572.37,GBP,CT-2025-107,,,
INV-501181,2026-01-08,Heathmere Cleaning Limited,Facilities Management,Marine Fleet,CC-330,PO-4526327,4561.8,GBP,CT-2024-120,,,
INV-501246,2026-01-08,Heathmere Cleaning Limited,Facilities Management,Marine Fleet,CC-330,PO-4503470,2934.13,GBP,,,,
INV-501627,2026-01-08,Ironbridge Diving Services Limited,Marine Services,Offshore Wind,CC-110,PO-4502970,2574.28,GBP,CT-2025-133,,,
INV-501726,2026-01-08,Driftwood Industrial & Co,MRO & Spare Parts,Marine Fleet,CC-330,PO-4592062,12863.9,GBP,,Gate valve DN50 PN16,94,136.85
INV-501808,2026-01-08,Quarrymead Terminals A/S,Port & Terminal Services,Ports & Terminals,CC-220,PO-4564001,7042.55,EUR,,,,
INV-502044,2026-01-08,Clearwater Civils Ltd,Construction & Civils,Ports & Terminals,CC-220,PO-4559073,5637.08,GBP,,,,
INV-502777,2026-01-08,Wavecrest PPE Supplies & Co,Safety & PPE,Ports & Terminals,CC-220,PO-4598753,1178.94,GBP,,"Safety boots, S3",21,56.14
INV-502883,2026-01-08,Brightmoor Workwear Ltd,Safety & PPE,Offshore Wind,CC-110,PO-4571835,1088.64,GBP,,"Safety helmet, EN397",63,17.28
INV-502961,2026-01-08,Greystone Media & Co,Marketing & Events,Offshore Wind,CC-110,,658.41,GBP,,,,
INV-503191,2026-01-08,Thistle Diving Services PLC,Marine Services,Offshore Wind,CC-110,,143.8,GBP,,,,
INV-503331,2026-01-08,Solent Engineering Supplies PLC,MRO & Spare Parts,Offshore Wind,CC-110,PO-4571929,39.12,GBP,,"Stainless bolts M12x50, box of 50",1,39.12
INV-503371,2026-01-08,Eastholme Consulting Ltd,Professional Services,Ports & Terminals,CC-220,PO-4565061,18,GBP,,,,
CN-503382,2026-01-08,Anchorline Marine PLC,Marine Services,Ports & Terminals,CC-900,PO-4524197,-4016.93,GBP,,,,
CN-503387,2026-01-08,Blackwater Stationers & Co,Office Supplies,Offshore Wind,CC-900,PO-4543237,-1058.81,GBP,,,,
INV-500130,2026-01-09,Ravensworth Pumps Limited,MRO & Spare Parts,Marine Fleet,CC-330,PO-4569245,23792.23,GBP,CT-2024-102,"Stainless bolts M12x50, box of 50",583,40.81
INV-500394,2026-01-09,Clearwater Facilities Ltd,Facilities Management,Ports & Terminals,CC-220,PO-4522779,3742.47,GBP,CT-2025-107,,,
INV-500742,2026-01-09,Foxley Systems Inc,IT Hardware & Software,Corporate,CC-900,PO-4520599,15568.56,USD,CT-2024-112,Rugged tablet,7,2224.08
INV-500818,2026-01-09,Shorewell Digital LLC,IT Hardware & Software,Ports & Terminals,CC-220,PO-4520845,9230.76,USD,CT-2025-113,27in monitor,28,329.67
INV-500899,2026-01-09,Shorewell Safety Ltd,Safety & PPE,Corporate,CC-900,PO-4578163,6520.95,GBP,CT-2024-114,"Ear defenders, SNR 30",387,16.85
INV-503179,2026-01-09,Thistle Bearings Limited,MRO & Spare Parts,Ports & Terminals,CC-220,PO-4593575,449.44,GBP,,Centrifugal pump seal kit,4,112.36
INV-500466,2026-01-10,Castlegate Media Ltd,Marketing & Events,Offshore Wind,CC-110,PO-4528205,5938.66,GBP,CT-2024-108,,,
INV-500969,2026-01-10,Oakridge Valves PLC,MRO & Spare Parts,Offshore Wind,CC-110,PO-4519464,6027.3,GBP,CT-2024-116,Ball bearing 6205-2RS,905,6.66
INV-501136,2026-01-10,Kingsway Fasteners PLC,MRO & Spare Parts,Marine Fleet,CC-330,PO-4516374,5167.65,GBP,CT-2025-119,Centrifugal pump seal kit,47,109.95
INV-501479,2026-01-10,Coastway Property Care Limited,Facilities Management,Corporate,CC-900,PO-4531252,10893.27,GBP,CT-2025-125,,,
INV-502309,2026-01-10,Wavecrest Travel Limited,Travel & Accommodation,Ports & Terminals,CC-220,,4050.76,GBP,,,,
INV-502434,2026-01-10,Starboard Creative Limited,Marketing & Events,Ports & Terminals,CC-220,PO-4523144,2409.38,GBP,,,,
INV-502540,2026-01-10,Lowther Advisory Ltd,Professional Services,Ports & Terminals,CC-220,,3884.3,GBP,,,,
INV-503085,2026-01-10,Windrush Media PLC,Marketing & Events,Corporate,CC-900,PO-4567763,328.66,GBP,,,,
INV-503108,2026-01-10,Solent Academy Limited,Training & Development,Corporate,CC-900,PO-4599812,275.67,GBP,,,,
INV-503274,2026-01-10,Mariner Industrial PLC,MRO & Spare Parts,Marine Fleet,CC-330,,178.58,GBP,,Gate valve DN50 PN16,1,178.58
INV-503364,2026-01-10,Eastholme Consulting Ltd,Professional Services,Ports & Terminals,CC-220,PO-4575301,18,GBP,,,,
INV-500309,2026-01-11,Anchorline Advisory PLC,Professional Services,Marine Fleet,CC-330,PO-4555455,19704.16,GBP,CT-2025-105,,,
INV-500312,2026-01-11,Anchorline Advisory PLC,Professional Services,Marine Fleet,CC-330,PO-4542046,15527.49,GBP,,,,
INV-500901,2026-01-11,Shorewell Safety Ltd,Safety & PPE,Ports & Terminals,CC-220,PO-4501858,5593.82,GBP,CT-2024-114,"Nitrile gloves, box of 100",778,7.19
INV-500924,2026-01-11,Blackwater Travel PLC,Travel & Accommodation,Marine Fleet,CC-330,,15507.65,GBP,CT-2025-115,,,
INV-501184,2026-01-11,Heathmere Cleaning Limited,Facilities Management,Marine Fleet,CC-330,PO-4580102,4554.55,GBP,CT-2024-120,,,
INV-502272,2026-01-11,Juniper Staffing Limited,Temporary Labour,Corporate,CC-900,PO-4583857,2513.02,GBP,CT-2024-168,,,
INV-502440,2026-01-11,Stonehaven Legal Ltd,Professional Services,Offshore Wind,CC-110,,4592.74,GBP,,,,
INV-502520,2026-01-11,Deepwell Towage PLC,Marine Services,Corporate,CC-900,PO-4507692,2290.88,GBP,,,,
INV-502895,2026-01-11,Merrow Fasteners Ltd,MRO & Spare Parts,Marine Fleet,CC-330,PO-4583198,851.5,GBP,,Gate valve DN50 PN16,5,170.3
INV-503011,2026-01-11,Stonehaven Partners Limited,Professional Services,Offshore Wind,CC-110,PO-4554476,209.8,GBP,,,,
INV-503282,2026-01-11,Westerly Engineering Supplies Limited,MRO & Spare Parts,Offshore Wind,CC-110,,174.1,GBP,,Gate valve DN50 PN16,1,174.1
INV-500567,2026-01-12,Coastway Fuels Inc,Fuel & Lubricants,Corporate,CC-900,PO-4543580,18055.92,USD,CT-2025-109,,,
INV-501173,2026-01-12,Kingsway Fasteners PLC,MRO & Spare Parts,Marine Fleet,CC-330,PO-4551981,3394.56,GBP,CT-2025-119,"Stainless bolts M12x50, box of 50",78,43.52
INV-501420,2026-01-12,Merrow Events Ltd,Marketing & Events,Ports & Terminals,CC-220,PO-4504250,5536.69,GBP,CT-2024-124,,,
INV-502173,2026-01-12,Pembury Engineering Supplies Ltd,MRO & Spare Parts,Marine Fleet,CC-330,PO-4521808,2511.65,GBP,CT-2024-160,"Hydraulic hose 1/2in, per metre",191,13.15
INV-502438,2026-01-12,Starboard Creative Limited,Marketing & Events,Ports & Terminals,CC-220,PO-4520395,2696.73,GBP,,,,
INV-502964,2026-01-12,Greystone Media & Co,Marketing & Events,Offshore Wind,CC-110,PO-4595162,385.95,GBP,,,,
INV-503048,2026-01-12,Ironbridge Build Ltd,Construction & Civils,Corporate,CC-900,PO-4528857,333.19,GBP,,,,
INV-500382,2026-01-13,Clearwater Facilities Ltd,Facilities Management,Ports & Terminals,CC-220,PO-4559278,4703.98,GBP,CT-2025-107,,,
INV-500590,2026-01-13,Coastway Fuels Inc,Fuel & Lubricants,Corporate,CC-900,PO-4522388,17131.79,USD,CT-2025-109,,,
INV-501465,2026-01-13,Merrow Events Ltd,Marketing & Events,Ports & Terminals,CC-220,PO-4540866,3301.46,GBP,,,,
INV-501523,2026-01-13,Pembury Civils PLC,Construction & Civils,Ports & Terminals,CC-220,,6582.43,GBP,CT-2024-128,,,
INV-502244,2026-01-13,Lanyard Fasteners & Co,MRO & Spare Parts,Marine Fleet,CC-330,PO-4515242,5270.22,GBP,,"Stainless bolts M12x50, box of 50",134,39.33
INV-500084,2026-01-14,Westerly Safety PLC,Safety & PPE,Corporate,CC-900,PO-4577555,20561.58,GBP,,"Hi-vis jacket, class 3",909,22.62
INV-500968,2026-01-14,Oakridge Valves PLC,MRO & Spare Parts,Marine Fleet,CC-330,PO-4533169,2560.25,GBP,CT-2024-116,"Hydraulic hose 1/2in, per metre",209,12.25
INV-502076,2026-01-14,Deepwell Telecom Ltd,Telecoms,Marine Fleet,CC-330,PO-4502210,6698.45,GBP,,,,
INV-502268,2026-01-14,Harrowgate Stationers Ltd,Office Supplies,Offshore Wind,CC-110,PO-4562210,1896.2,GBP,CT-2025-167,"A4 copier paper, box of 5 reams",95,19.96
INV-502419,2026-01-14,Saltmarsh Cleaning & Co,Facilities Management,Ports & Terminals,CC-220,,4670.18,GBP,CT-2025-183,,,
INV-502551,2026-01-14,Windrush Print Ltd,Marketing & Events,Marine Fleet,CC-330,PO-4504729,5799.12,GBP,,,,
INV-502887,2026-01-14,Brightmoor Workwear Ltd,Safety & PPE,Ports & Terminals,CC-220,,503.88,GBP,,"Ear defenders, SNR 30",26,19.38
INV-503052,2026-01-14,Juniper Print Ltd,Marketing & Events,Offshore Wind,CC-110,PO-4527295,410.6,GBP,,,,
INV-503078,2026-01-14,Thistle Office Supplies Ltd,Office Supplies,Ports & Terminals,CC-220,PO-4584764,505.56,GBP,,"Lever arch files, pack of 10",33,15.32
INV-500070,2026-01-15,Westerly Safety PLC,Safety & PPE,Offshore Wind,CC-110,PO-4530679,34772.85,GBP,CT-2025-101,"Ear defenders, SNR 30",1995,17.43
INV-500174,2026-01-15,Ironbridge Stationers Ltd,Office Supplies,Marine Fleet,CC-330,PO-4537355,6863.66,GBP,CT-2025-103,"A4 copier paper, box of 5 reams",347,19.78
INV-502143,2026-01-15,Saltmarsh Travel Limited,Travel & Accommodation,Ports & Terminals,CC-220,PO-4584693,2465.8,GBP,,,,
INV-502218,2026-01-15,Merrow Office Supplies & Co,Office Supplies,Corporate,CC-900,PO-4557426,3231.95,GBP,,"Toner cartridge, black, high yield",37,87.35
INV-503046,2026-01-15,Ironbridge Build Ltd,Construction & Civils,Corporate,CC-900,PO-4587646,578.15,GBP,,,,
INV-500030,2026-01-16,Wavecrest Bearings Ltd,MRO & Spare Parts,Offshore Wind,CC-110,PO-4536562,28772.5,GBP,CT-2024-100,Ball bearing 6205-2RS,4250,6.77
INV-500686,2026-01-16,Bayfront Hydraulics Ltd,MRO & Spare Parts,Offshore Wind,CC-110,PO-4500231,8923.88,GBP,,"Stainless bolts M12x50, box of 50",196,45.53
INV-500867,2026-01-16,Shorewell Safety Ltd,Safety & PPE,Corporate,CC-900,PO-4558683,8786.7,GBP,CT-2024-114,"Safety helmet, EN397",585,15.02
INV-501641,2026-01-16,Ironbridge Diving Services Limited,Marine Services,Marine Fleet,CC-330,PO-4584921,5803.29,GBP,CT-2025-133,,,
INV-502454,2026-01-16,Oakridge Systems Ltd,IT Hardware & Software,Corporate,CC-900,PO-4596375,6542.7,GBP,,"Laptop, 14in business",5,1308.54
INV-502472,2026-01-16,Solent Couriers PLC,Logistics & Freight,Marine Fleet,CC-330,PO-4540592,3550.54,GBP,,,,
INV-502514,2026-01-16,Pembury Academy Ltd,Training & Development,Corporate,CC-900,PO-4507745,6340.95,GBP,CT-2024-196,,,
INV-500080,2026-01-17,Westerly Safety PLC,Safety & PPE,Offshore Wind,CC-110,PO-4579911,9983.1,GBP,CT-2025-101,"Safety helmet, EN397",642,15.55
INV-500355,2026-01-17,Merrow Workwear Ltd,Safety & PPE,Ports & Terminals,CC-220,PO-4529352,21926.13,GBP,CT-2024-106,"Ear defenders, SNR 30",989,22.17
INV-501186,2026-01-17,Heathmere Cleaning Limited,Facilities Management,Marine Fleet,CC-330,PO-4530415,3772.7,GBP,CT-2024-120,,,
INV-501369,2026-01-17,Coastway Logistics BV,Logistics & Freight,Marine Fleet,CC-330,PO-4574682,9210.91,EUR,CT-2024-122,,,
INV-501902,2026-01-17,Castlegate Utilities Ltd,Energy & Utilities,Offshore Wind,CC-110,PO-4563293,4683.75,GBP,,,,
INV-502103,2026-01-17,Driftwood Bearings & Co,MRO & Spare Parts,Corporate,CC-900,PO-4541449,1924.23,GBP,,Centrifugal pump seal kit,17,113.19
INV-502136,2026-01-17,Saltmarsh Travel Limited,Travel & Accommodation,Offshore Wind,CC-110,PO-4598556,1351.47,GBP,,,,
INV-502432,2026-01-17,Starboard Creative Limited,Marketing & Events,Marine Fleet,CC-330,PO-4570378,1197.29,GBP,,,,
INV-502479,2026-01-17,Solent Couriers PLC,Logistics & Freight,Offshore Wind,CC-110,PO-4553178,1204.13,GBP,,,,
INV-502030,2026-01-18,Kingsway Facilities Ltd,Facilities Management,Corporate,CC-900,PO-4513909,2949.74,GBP,CT-2025-153,,,
INV-502407,2026-01-18,Fairhaven Facilities Ltd,Facilities Management,Offshore Wind,CC-110,PO-4578496,4281.07,GBP,,,,
INV-502682,2026-01-18,Quarrymead Office Supplies Ltd,Office Supplies,Corporate,CC-900,PO-4546463,3356.17,GBP,,"A4 copier paper, box of 5 reams",163,20.59
INV-503161,2026-01-18,Lowther Pumps & Co,MRO & Spare Parts,Offshore Wind,CC-110,PO-4546584,254.1,GBP,,"Stainless bolts M12x50, box of 50",6,42.35
INV-500074,2026-01-19,Westerly Safety PLC,Safety & PPE,Offshore Wind,CC-110,PO-4587211,12276,GBP,CT-2025-101,"Nitrile gloves, box of 100",1650,7.44
INV-500389,2026-01-19,Clearwater Facilities Ltd,Facilities Management,Ports & Terminals,CC-220,PO-4556416,6573.35,GBP,CT-2025-107,,,
INV-500448,2026-01-19,Clearwater Facilities Ltd,Facilities Management,Marine Fleet,CC-330,PO-4527889,7892.09,GBP,,,,
INV-500712,2026-01-19,Bayfront Hydraulics Ltd,MRO & Spare Parts,Offshore Wind,CC-110,PO-4547295,5983.08,GBP,CT-2025-111,"Hydraulic hose 1/2in, per metre",438,13.66
INV-500728,2026-01-19,Bayfront Hydraulics Ltd,MRO & Spare Parts,Ports & Terminals,CC-220,PO-4512214,8646.78,GBP,CT-2025-111,"Hydraulic hose 1/2in, per metre",633,13.66
INV-501508,2026-01-19,Greystone Telecom Ltd,Telecoms,Corporate,CC-900,PO-4535670,9292.96,GBP,CT-2025-127,,,
INV-502045,2026-01-19,Clearwater Civils Ltd,Construction & Civils,Ports & Terminals,CC-220,PO-4575219,10048.51,GBP,,,,
INV-502400,2026-01-19,Shorewell Cleaning & Co,Facilities Management,Offshore Wind,CC-110,PO-4573911,3506.5,GBP,CT-2024-180,,,
INV-502710,2026-01-19,Deepwell Facilities PLC,Facilities Management,Marine Fleet,CC-330,PO-4570035,2276.14,GBP,,,,
INV-502957,2026-01-19,Galeforce Media PLC,Marketing & Events,Offshore Wind,CC-110,PO-4567247,679.16,GBP,,,,
INV-503000,2026-01-19,Clearwater Stevedoring Ltd,Port & Terminal Services,Ports & Terminals,CC-220,PO-4536501,231.76,GBP,,,,
INV-503098,2026-01-19,Foxley Pumps PLC,MRO & Spare Parts,Offshore Wind,CC-110,PO-4580425,919.5,GBP,,"Stainless bolts M12x50, box of 50",25,36.78
INV-503164,2026-01-19,Lowther Pumps & Co,MRO & Spare Parts,Offshore Wind,CC-110,PO-4589940,177.8,GBP,,"Hydraulic hose 1/2in, per metre",14,12.7
INV-500138,2026-01-20,Ravensworth Pumps Limited,MRO & Spare Parts,Marine Fleet,CC-330,PO-4585693,18972,GBP,CT-2024-102,"Hydraulic hose 1/2in, per metre",1550,12.24
INV-500215,2026-01-20,Ironbridge Stationers Ltd,Office Supplies,Marine Fleet,CC-330,PO-4554683,22676.28,GBP,CT-2025-103,"Ballpoint pens, box of 50",2514,9.02
INV-500474,2026-01-20,Castlegate Media Ltd,Marketing & Events,Offshore Wind,CC-110,PO-4535046,4430.64,GBP,CT-2024-108,,,
INV-501716,2026-01-20,Thistle Software LLC,IT Hardware & Software,Offshore Wind,CC-110,PO-4528740,8262.16,USD,,Rugged tablet,4,2065.54
INV-501918,2026-01-20,Castlegate Utilities Ltd,Energy & Utilities,Offshore Wind,CC-110,PO-4579878,2041.22,GBP,,,,
INV-501976,2026-01-20,Whitcombe Haulage SAS,Logistics & Freight,Offshore Wind,CC-110,PO-4501086,4483.43,EUR,,,,
INV-502316,2026-01-20,Stonehaven Build Ltd,Construction & Civils,Ports & Terminals,CC-220,,2872.73,GBP,,,,
INV-502962,2026-01-20,Greystone Media & Co,Marketing & Events,Offshore Wind,CC-110,PO-4548466,672.25,GBP,,,,
INV-502996,2026-01-20,Portland Freight PLC,Logistics & Freight,Marine Fleet,CC-330,PO-4599278,444.93,GBP,,,,
INV-503076,2026-01-20,Thistle Office Supplies Ltd,Office Supplies,Ports & Terminals,CC-220,PO-4510079,203.87,GBP,,Ergonomic office chair,1,203.87
INV-500799,2026-01-21,Shorewell Digital LLC,IT Hardware & Software,Ports & Terminals,CC-220,PO-4551134,11222.28,USD,,Rugged tablet,6,1870.38
INV-501376,2026-01-21,Coastway Logistics BV,Logistics & Freight,Ports & Terminals,CC-220,PO-4567165,3087.95,EUR,CT-2024-122,,,
INV-501647,2026-01-21,Ironbridge Diving Services Limited,Marine Services,Offshore Wind,CC-110,PO-4510676,4448.74,GBP,CT-2025-133,,,
INV-501821,2026-01-21,Quarrymead Terminals A/S,Port & Terminal Services,Ports & Terminals,CC-220,PO-4512968,5433.12,EUR,,,,
INV-502509,2026-01-21,Pembury Academy Ltd,Training & Development,Corporate,CC-900,PO-4583614,4562.21,GBP,CT-2024-196,,,
INV-502581,2026-01-21,Solent Pumps Ltd,MRO & Spare Parts,Marine Fleet,CC-330,PO-4594689,2047.92,GBP,,"Hydraulic hose 1/2in, per metre",161,12.72
INV-502854,2026-01-21,Solent Terminals Ltd,Port & Terminal Services,Marine Fleet,CC-330,PO-4571890,402.38,GBP,,,,
INV-503167,2026-01-21,Windrush Hydraulics SAS,MRO & Spare Parts,Corporate,CC-900,PO-4552481,1086.33,EUR,,"Stainless bolts M12x50, box of 50",21,51.73
INV-501551,2026-01-22,Juniper Recruitment Ltd,Temporary Labour,Marine Fleet,CC-330,PO-4593871,2515.3,GBP,CT-2025-129,,,
INV-501765,2026-01-22,Clearwater Catering Limited,Catering & Hospitality,Marine Fleet,CC-330,,13253.88,GBP,,,,
INV-502439,2026-01-22,Stonehaven Legal Ltd,Professional Services,Offshore Wind,CC-110,PO-4539174,5580.27,GBP,CT-2025-185,,,
INV-502468,2026-01-22,Solent Couriers PLC,Logistics & Freight,Marine Fleet,CC-330,PO-4584794,1518.44,GBP,,,,
INV-502617,2026-01-22,Coastway Transfers PLC,Travel & Accommodation,Ports & Terminals,CC-220,PO-4522337,4534.51,GBP,,,,
INV-502671,2026-01-22,Seacroft Facilities Ltd,Facilities Management,Ports & Terminals,CC-220,PO-4573111,1087.75,GBP,,,,
INV-502718,2026-01-22,Kingsway Hospitality PLC,Catering & Hospitality,Ports & Terminals,CC-220,PO-4592371,3963.24,GBP,,,,
INV-502769,2026-01-22,Quarrymead Partners PLC,Professional Services,Offshore Wind,CC-110,PO-4557072,695.3,GBP,,,,
INV-502842,2026-01-22,Keelson Lubricants LLC,Fuel & Lubricants,Marine Fleet,CC-330,PO-4566996,2338.49,USD,,,,
INV-503021,2026-01-22,Seacroft Civils PLC,Construction & Civils,Marine Fleet,CC-330,PO-4546346,940.52,GBP,,,,
INV-503081,2026-01-22,Windrush Media PLC,Marketing & Events,Corporate,CC-900,PO-4521167,353.29,GBP,,,,
INV-503247,2026-01-22,Yarrow Property Care Ltd,Facilities Management,Ports & Terminals,CC-220,PO-4557195,78.67,GBP,,,,
INV-500007,2026-01-23,Wavecrest Bearings Ltd,MRO & Spare Parts,Corporate,CC-900,PO-4515587,19547.55,GBP,CT-2024-100,Gate valve DN50 PN16,121,161.55
INV-500705,2026-01-23,Bayfront Hydraulics Ltd,MRO & Spare Parts,Offshore Wind,CC-110,PO-4523036,3141.57,GBP,CT-2025-111,"Stainless bolts M12x50, box of 50",69,45.53
INV-500706,2026-01-23,Bayfront Hydraulics Ltd,MRO & Spare Parts,Offshore Wind,CC-110,PO-4524779,7591.98,GBP,CT-2025-111,Centrifugal pump seal kit,66,115.03
INV-501157,2026-01-23,Kingsway Fasteners PLC,MRO & Spare Parts,Marine Fleet,CC-330,PO-4575219,4569.6,GBP,CT-2025-119,"Stainless bolts M12x50, box of 50",105,43.52
INV-501456,2026-01-23,Merrow Events Ltd,Marketing & Events,Ports & Terminals,CC-220,PO-4554505,3341.36,GBP,CT-2024-124,,,
INV-501707,2026-01-23,Thistle Software LLC,IT Hardware & Software,Offshore Wind,CC-110,PO-4524937,9101.75,USD,,27in monitor,25,364.07
INV-501865,2026-01-23,Greystone PPE Supplies PLC,Safety & PPE,Offshore Wind,CC-110,PO-4575876,6375.08,GBP,,"Safety boots, S3",94,67.82
INV-502284,2026-01-23,Juniper Staffing Limited,Temporary Labour,Corporate,CC-900,PO-4518787,2153,GBP,CT-2024-168,,,
INV-502325,2026-01-23,Pembury Diving Services Ltd,Marine Services,Offshore Wind,CC-110,PO-4542349,4386.06,GBP,,,,
INV-502326,2026-01-23,Pembury Diving Services Ltd,Marine Services,Offshore Wind,CC-110,PO-4541937,2603.03,GBP,,,,
INV-502840,2026-01-23,Keelson Lubricants LLC,Fuel & Lubricants,Marine Fleet,CC-330,PO-4516499,1373.19,USD,,,,
INV-500111,2026-01-24,Ravensworth Pumps Limited,MRO & Spare Parts,Marine Fleet,CC-330,PO-4537152,20927.27,GBP,CT-2024-102,Centrifugal pump seal kit,203,103.09
INV-500552,2026-01-24,Coastway Fuels Inc,Fuel & Lubricants,Marine Fleet,CC-330,PO-4514746,14409.43,USD,CT-2025-109,,,
INV-500597,2026-01-24,Coastway Fuels Inc,Fuel & Lubricants,Corporate,CC-900,PO-4557808,11837.48,USD,CT-2025-109,,,
INV-501234,2026-01-24,Heathmere Cleaning Limited,Facilities Management,Marine Fleet,CC-330,PO-4527588,2367.9,GBP,CT-2024-120,,,
INV-501386,2026-01-24,Starboard Pumps & Co,MRO & Spare Parts,Offshore Wind,CC-110,PO-4514313,3227.94,GBP,CT-2025-123,"Hydraulic hose 1/2in, per metre",237,13.62
INV-501486,2026-01-24,Coastway Property Care Limited,Facilities Management,Marine Fleet,CC-330,PO-4567215,13884.31,GBP,CT-2025-125,,,
INV-501969,2026-01-24,Whitcombe Haulage SAS,Logistics & Freight,Offshore Wind,CC-110,,3544.56,EUR,,,,
INV-501970,2026-01-24,Whitcombe Haulage SAS,Logistics & Freight,Offshore Wind,CC-110,PO-4573648,6492.42,EUR,,,,
INV-502973,2026-01-24,Starboard Training Ltd,Training & Development,Offshore Wind,CC-110,PO-4575727,1163.48,GBP,,,,
INV-503335,2026-01-24,Foxley Academy & Co,Training & Development,Corporate,CC-900,,18,GBP,,,,
INV-500367,2026-01-25,Merrow Workwear Ltd,Safety & PPE,Ports & Terminals,CC-220,PO-4597555,24738.57,GBP,CT-2024-106,"Safety boots, S3",333,74.29
INV-500637,2026-01-25,Quarrymead Stevedoring A/S,Port & Terminal Services,Offshore Wind,CC-110,PO-4595440,13060.57,EUR,CT-2024-110,,,
INV-501446,2026-01-25,Merrow Events Ltd,Marketing & Events,Ports & Terminals,CC-220,PO-4587580,4462.93,GBP,,,,
INV-501710,2026-01-25,Thistle Software LLC,IT Hardware & Software,Offshore Wind,CC-110,PO-4590906,11033.55,USD,,Docking station USB-C,45,245.19
INV-501767,2026-01-25,Clearwater Catering Limited,Catering & Hospitality,Corporate,CC-900,PO-4584600,8888.52,GBP,,,,
INV-501839,2026-01-25,Greystone Systems Inc,IT Hardware & Software,Marine Fleet,CC-330,PO-4546784,9589.2,USD,CT-2025-143,Docking station USB-C,40,239.73
INV-502429,2026-01-25,Starboard Creative Limited,Marketing & Events,Offshore Wind,CC-110,,3799.85,GBP,,,,
INV-502558,2026-01-25,Quarrymead Kitchens Ltd,Catering & Hospitality,Ports & Terminals,CC-220,PO-4596568,1742.06,GBP,,,,
INV-502582,2026-01-25,Solent Pumps Ltd,MRO & Spare Parts,Marine Fleet,CC-330,PO-4549855,1982.16,GBP,,Gate valve DN50 PN16,12,165.18
INV-502841,2026-01-25,Keelson Lubricants LLC,Fuel & Lubricants,Marine Fleet,CC-330,PO-4590322,1840.34,USD,,,,
INV-503206,2026-01-25,Keelson PPE Supplies Ltd,Safety & PPE,Ports & Terminals,CC-220,PO-4541152,131.52,GBP,,"Nitrile gloves, box of 100",16,8.22
INV-500221,2026-01-26,Ironbridge Stationers Ltd,Office Supplies,Marine Fleet,CC-330,PO-4522964,20872.28,GBP,,"Ballpoint pens, box of 50",2314,9.02
INV-500277,2026-01-26,Wavecrest Couriers SAS,Logistics & Freight,Corporate,CC-900,PO-4540178,8162.75,EUR,CT-2024-104,,,
INV-500940,2026-01-26,Blackwater Travel PLC,Travel & Accommodation,Marine Fleet,CC-330,PO-4523205,7421.77,GBP,CT-2025-115,,,
INV-502075,2026-01-26,Deepwell Telecom Ltd,Telecoms,Marine Fleet,CC-330,PO-4522535,2392.99,GBP,,,,
INV-502199,2026-01-26,Clearwater Staffing Ltd,Temporary Labour,Marine Fleet,CC-330,PO-4556935,4683.97,GBP,,,,
INV-502597,2026-01-26,Upton Build & Co,Construction & Civils,Offshore Wind,CC-110,PO-4568431,2814.81,GBP,,,,
INV-502918,2026-01-26,Keelson Towage Ltd,Marine Services,Marine Fleet,CC-330,PO-4550221,408.41,GBP,,,,
INV-503210,2026-01-26,Stonehaven Facilities & Co,Facilities Management,Offshore Wind,CC-110,PO-4573219,613.07,GBP,,,,
INV-503232,2026-01-26,Pembury PPE Supplies Ltd,Safety & PPE,Marine Fleet,CC-330,PO-4555134,112.19,GBP,,"Nitrile gloves, box of 100",13,8.63
INV-503292,2026-01-26,Northstar Legal PLC,Professional Services,Marine Fleet,CC-330,PO-4592544,528.59,GBP,,,,
INV-500373,2026-01-27,Merrow Workwear Ltd,Safety & PPE,Ports & Terminals,CC-220,PO-4582373,15472.88,GBP,,"Hi-vis jacket, class 3",538,28.76
INV-500436,2026-01-27,Clearwater Facilities Ltd,Facilities Management,Ports & Terminals,CC-220,PO-4598297,7180.99,GBP,CT-2025-107,,,
INV-500578,2026-01-27,Coastway Fuels Inc,Fuel & Lubricants,Ports & Terminals,CC-220,,9500.01,USD,CT-2025-109,,,
INV-501268,2026-01-27,Juniper Learning PLC,Training & Development,Ports & Terminals,CC-220,PO-4514150,2873.96,GBP,CT-2025-121,,,
INV-501379,2026-01-27,Starboard Pumps & Co,MRO & Spare Parts,Offshore Wind,CC-110,PO-4558676,5304.3,GBP,CT-2025-123,Gate valve DN50 PN16,30,176.81
INV-501891,2026-01-27,Solent Training Limited,Training & Development,Ports & Terminals,CC-220,PO-4541394,10080.51,GBP,,,,
INV-501955,2026-01-27,Tarnside Haulage PLC,Logistics & Freight,Ports & Terminals,CC-220,PO-4540982,5177.59,GBP,,,,
INV-502019,2026-01-27,Kingsway Facilities Ltd,Facilities Management,Corporate,CC-900,,1980.73,GBP,,,,
INV-502347,2026-01-27,Coastway Hotels & Co,Travel & Accommodation,Corporate,CC-900,PO-4578376,1724.13,GBP,,,,
INV-502422,2026-01-27,Saltmarsh Cleaning & Co,Facilities Management,Ports & Terminals,CC-220,PO-4568652,1806.83,GBP,,,,
INV-502819,2026-01-27,Portland Events & Co,Marketing & Events,Ports & Terminals,CC-220,PO-4584888,741.47,GBP,,,,
INV-502975,2026-01-27,Starboard Training Ltd,Training & Development,Offshore Wind,CC-110,PO-4587119,1883.3,GBP,,,,
INV-503357,2026-01-27,Deepwell Hotels Limited,Travel & Accommodation,Marine Fleet,CC-330,PO-4569938,22.67,GBP,,,,
INV-500043,2026-01-28,Wavecrest Bearings Ltd,MRO & Spare Parts,Ports & Terminals,CC-220,PO-4522076,21062.79,GBP,CT-2024-100,Centrifugal pump seal kit,201,104.79
INV-500095,2026-01-28,Westerly Safety PLC,Safety & PPE,Offshore Wind,CC-110,PO-4581702,14549.07,GBP,CT-2025-101,"Safety boots, S3",249,58.43
INV-500216,2026-01-28,Ironbridge Stationers Ltd,Office Supplies,Marine Fleet,CC-330,PO-4572084,8564.74,GBP,CT-2025-103,"A4 copier paper, box of 5 reams",433,19.78
INV-500458,2026-01-28,Castlegate Media Ltd,Marketing & Events,Offshore Wind,CC-110,PO-4507132,6109.47,GBP,CT-2024-108,,,
INV-501531,2026-01-28,Pembury Civils PLC,Construction & Civils,Ports & Terminals,CC-220,PO-4554696,9461.92,GBP,,,,
INV-501537,2026-01-28,Pembury Civils PLC,Construction & Civils,Offshore Wind,CC-110,PO-4565883,9552.89,GBP,,,,
INV-501889,2026-01-28,Solent Training Limited,Training & Development,Ports & Terminals,CC-220,PO-4521156,10818.46,GBP,,,,
INV-502141,2026-01-28,Saltmarsh Travel Limited,Travel & Accommodation,Offshore Wind,CC-110,,3157.39,GBP,,,,
INV-502459,2026-01-28,Stonehaven Digital LLC,IT Hardware & Software,Marine Fleet,CC-330,PO-4518790,8284.6,USD,CT-2024-188,27in monitor,23,360.2
INV-502627,2026-01-28,Oakridge Events & Co,Marketing & Events,Corporate,CC-900,,1413.7,GBP,,,,
INV-500296,2026-01-29,Anchorline Advisory PLC,Professional Services,Marine Fleet,CC-330,PO-4599071,8143.45,GBP,CT-2025-105,,,
INV-500835,2026-01-29,Shorewell Digital LLC,IT Hardware & Software,Ports & Terminals,CC-220,PO-4566068,11538.45,USD,CT-2025-113,27in monitor,35,329.67
INV-501359,2026-01-29,Coastway Logistics BV,Logistics & Freight,Corporate,CC-900,PO-4580207,8006.08,EUR,CT-2024-122,,,
INV-501739,2026-01-29,Starboard Maintenance Ltd,Facilities Management,Ports & Terminals,CC-220,PO-4563153,7352.97,GBP,,,,
INV-501782,2026-01-29,Tarnside Staffing Ltd,Temporary Labour,Marine Fleet,CC-330,PO-4545081,7307.69,GBP,,,,
INV-502894,2026-01-29,Eastholme Build Limited,Construction & Civils,Corporate,CC-900,,2955.45,GBP,,,,
INV-503082,2026-01-29,Windrush Media PLC,Marketing & Events,Corporate,CC-900,PO-4584458,168.24,GBP,,,,
INV-503329,2026-01-29,Solent Engineering Supplies PLC,MRO & Spare Parts,Offshore Wind,CC-110,,98.82,GBP,,Centrifugal pump seal kit,1,98.82
INV-500301,2026-01-30,Anchorline Advisory PLC,Professional Services,Marine Fleet,CC-330,PO-4548006,18774.63,GBP,CT-2025-105,,,
INV-500618,2026-01-30,Quarrymead Stevedoring A/S,Port & Terminal Services,Ports & Terminals,CC-220,PO-4542588,14240.94,EUR,CT-2024-110,,,
INV-500813,2026-01-30,Shorewell Digital LLC,IT Hardware & Software,Ports & Terminals,CC-220,PO-4544699,11626,USD,CT-2025-113,"Laptop, 14in business",8,1453.25
INV-501471,2026-01-30,Merrow Events Ltd,Marketing & Events,Ports & Terminals,CC-220,PO-4560204,4547.4,GBP,CT-2024-124,,,
INV-501638,2026-01-30,Ironbridge Diving Services Limited,Marine Services,Ports & Terminals,CC-220,PO-4581312,5982.57,GBP,CT-2025-133,,,
INV-501711,2026-01-30,Thistle Software LLC,IT Hardware & Software,Offshore Wind,CC-110,PO-4531700,5148.99,USD,,Docking station USB-C,21,245.19
INV-501753,2026-01-30,Anchorline Marine PLC,Marine Services,Ports & Terminals,CC-220,,8814.7,GBP,,,,
INV-501953,2026-01-30,Tarnside Haulage PLC,Logistics & Freight,Ports & Terminals,CC-220,PO-4585989,4560.34,GBP,,,,
INV-502307,2026-01-30,Wavecrest Travel Limited,Travel & Accommodation,Corporate,CC-900,PO-4507421,4544.07,GBP,,,,
INV-502357,2026-01-30,Quarrymead Events Ltd,Marketing & Events,Ports & Terminals,CC-220,PO-4501767,4663.46,GBP,,,,
INV-500031,2026-01-31,Wavecrest Bearings Ltd,MRO & Spare Parts,Corporate,CC-900,PO-4597700,24390.24,GBP,CT-2024-100,"Stainless bolts M12x50, box of 50",588,41.48
INV-500461,2026-01-31,Castlegate Media Ltd,Marketing & Events,Offshore Wind,CC-110,PO-4531433,6427.17,GBP,CT-2024-108,,,
INV-500826,2026-01-31,Shorewell Digital LLC,IT Hardware & Software,Corporate,CC-900,PO-4509769,11222.28,USD,CT-2025-113,Rugged tablet,6,1870.38
INV-500991,2026-01-31,Oakridge Valves PLC,MRO & Spare Parts,Ports & Terminals,CC-220,PO-4516852,5834.16,GBP,CT-2024-116,Ball bearing 6205-2RS,876,6.66
INV-501166,2026-01-31,Kingsway Fasteners PLC,MRO & Spare Parts,Marine Fleet,CC-330,PO-4544114,5424,GBP,CT-2025-119,Gate valve DN50 PN16,32,169.5
INV-502291,2026-01-31,Juniper Staffing Limited,Temporary Labour,Corporate,CC-900,PO-4595661,1250.46,GBP,CT-2024-168,,,
INV-501038,2026-02-01,Juniper Events & Co,Marketing & Events,Ports & Terminals,CC-220,PO-4522956,16250.82,GBP,CT-2025-117,,,
INV-502476,2026-02-01,Solent Couriers PLC,Logistics & Freight,Marine Fleet,CC-330,PO-4515857,1959.6,GBP,,,,
INV-502480,2026-02-01,Harrowgate Furniture Ltd,Office Supplies,Corporate,CC-900,PO-4529913,1497.58,GBP,,Ergonomic office chair,7,213.94
INV-502502,2026-02-01,Quarrymead Marine A/S,Marine Services,Marine Fleet,CC-330,,2382.98,EUR,,,,
INV-502615,2026-02-01,Coastway Transfers PLC,Travel & Accommodation,Ports & Terminals,CC-220,PO-4559661,1758.59,GBP,,,,
INV-502679,2026-02-01,Windrush Learning Ltd,Training & Development,Marine Fleet,CC-330,PO-4515804,6668.81,GBP,,,,
INV-503101,2026-02-01,Northstar Lubricants Inc,Fuel & Lubricants,Corporate,CC-900,PO-4592851,262.05,USD,,,,
INV-500192,2026-02-02,Ironbridge Stationers Ltd,Office Supplies,Marine Fleet,CC-330,PO-4544752,18039.36,GBP,CT-2025-103,"Toner cartridge, black, high yield",228,79.12
INV-500933,2026-02-02,Blackwater Travel PLC,Travel & Accommodation,Marine Fleet,CC-330,,5121.45,GBP,CT-2025-115,,,
INV-501189,2026-02-02,Heathmere Cleaning Limited,Facilities Management,Marine Fleet,CC-330,PO-4503795,5159.82,GBP,CT-2024-120,,,
INV-501362,2026-02-02,Coastway Logistics BV,Logistics & Freight,Corporate,CC-900,,8875.68,EUR,,,,
INV-501498,2026-02-02,Kingsway Staffing PLC,Temporary Labour,Ports & Terminals,CC-220,PO-4583780,15846.09,GBP,CT-2024-126,,,
INV-501604,2026-02-02,Upton Kitchens Ltd,Catering & Hospitality,Offshore Wind,CC-110,PO-4549284,4049.28,GBP,CT-2024-132,,,
INV-501623,2026-02-02,Upton Kitchens Ltd,Catering & Hospitality,Offshore Wind,CC-110,PO-4508457,8814.7,GBP,CT-2024-132,,,
INV-501673,2026-02-02,Merrow Facilities Ltd,Facilities Management,Corporate,CC-900,,5361.24,GBP,CT-2024-134,,,
INV-501926,2026-02-02,Blackwater Stationers & Co,Office Supplies,Offshore Wind,CC-110,PO-4590612,6626.76,GBP,,"Toner cartridge, black, high yield",69,96.04
INV-502054,2026-02-02,Keelson Diving Services & Co,Marine Services,Offshore Wind,CC-110,PO-4560646,4488.68,GBP,,,,
INV-500601,2026-02-03,Quarrymead Stevedoring A/S,Port & Terminal Services,Ports & Terminals,CC-220,PO-4541441,5621.35,EUR,CT-2024-110,,,
INV-500792,2026-02-03,Shorewell Digital LLC,IT Hardware & Software,Ports & Terminals,CC-220,PO-4504747,11222.28,USD,CT-2025-113,Rugged tablet,6,1870.38
INV-500919,2026-02-03,Shorewell Safety Ltd,Safety & PPE,Corporate,CC-900,PO-4537462,7210.5,GBP,CT-2024-114,"Hi-vis jacket, class 3",330,21.85
INV-501284,2026-02-03,Juniper Learning PLC,Training & Development,Ports & Terminals,CC-220,PO-4549849,4738.65,GBP,,,,
INV-501307,2026-02-03,Juniper Learning PLC,Training & Development,Ports & Terminals,CC-220,PO-4563147,5123.64,GBP,CT-2025-121,,,
INV-502374,2026-02-03,Fairhaven Events Ltd,Marketing & Events,Corporate,CC-900,PO-4590111,3255.7,GBP,,,,
INV-502484,2026-02-03,Harrowgate Furniture Ltd,Office Supplies,Corporate,CC-900,PO-4545133,2239.28,GBP,,"A4 copier paper, box of 5 reams",92,24.34
INV-502761,2026-02-03,Saltmarsh Systems LLC,IT Hardware & Software,Marine Fleet,CC-330,,2950.5,USD,,Docking station USB-C,14,210.75
INV-502768,2026-02-03,Quarrymead Partners PLC,Professional Services,Ports & Terminals,CC-220,PO-4580263,1484.05,GBP,,,,
INV-502820,2026-02-03,Portland Events & Co,Marketing & Events,Corporate,CC-900,PO-4517808,796.01,GBP,,,,
INV-502882,2026-02-03,Windrush Fasteners PLC,MRO & Spare Parts,Offshore Wind,CC-110,,503.2,GBP,,"Hydraulic hose 1/2in, per metre",40,12.58
INV-503143,2026-02-03,Keelson Training PLC,Training & Development,Ports & Terminals,CC-220,PO-4545278,365.88,GBP,,,,
INV-503284,2026-02-03,Westerly Engineering Supplies Limited,MRO & Spare Parts,Marine Fleet,CC-330,,131.22,GBP,,Ball bearing 6205-2RS,18,7.29
INV-500841,2026-02-04,Shorewell Digital LLC,IT Hardware & Software,Ports & Terminals,CC-220,PO-4584554,5604.39,USD,CT-2025-113,27in monitor,17,329.67
INV-501686,2026-02-04,Saltmarsh Kitchens PLC,Catering & Hospitality,Corporate,CC-900,PO-4576323,5812.7,GBP,,,,
INV-502281,2026-02-04,Juniper Staffing Limited,Temporary Labour,Corporate,CC-900,PO-4578203,1046.86,GBP,CT-2024-168,,,
INV-502519,2026-02-04,Deepwell Towage PLC,Marine Services,Corporate,CC-900,PO-4580917,1462.94,GBP,,,,
INV-502525,2026-02-04,Stonehaven Haulage BV,Logistics & Freight,Marine Fleet,CC-330,PO-4595964,4618.03,EUR,CT-2024-198,,,
INV-502566,2026-02-04,Quarrymead Kitchens Ltd,Catering & Hospitality,Corporate,CC-900,PO-4571393,1075.05,GBP,,,,
INV-502727,2026-02-04,Anchorline Maintenance & Co,Facilities Management,Marine Fleet,CC-330,PO-4560727,1591.14,GBP,,,,
INV-502872,2026-02-04,Oakridge Partners Ltd,Professional Services,Ports & Terminals,CC-220,PO-4535203,1783.09,GBP,,,,
INV-500770,2026-02-05,Foxley Systems Inc,IT Hardware & Software,Corporate,CC-900,PO-4551375,15552.63,USD,CT-2024-112,"Laptop, 14in business",9,1728.07
INV-501513,2026-02-05,Greystone Telecom Ltd,Telecoms,Corporate,CC-900,PO-4513575,20241.82,GBP,CT-2025-127,,,
INV-502086,2026-02-05,Driftwood Bearings & Co,MRO & Spare Parts,Corporate,CC-900,PO-4552875,1059.95,GBP,,Ball bearing 6205-2RS,145,7.31
INV-502945,2026-02-05,Keelson Kitchens Ltd,Catering & Hospitality,Ports & Terminals,CC-220,PO-4547071,2247.39,GBP,,,,
INV-503033,2026-02-05,Deepwell Furniture Ltd,Office Supplies,Marine Fleet,CC-330,PO-4577963,413.2,GBP,,"Toner cartridge, black, high yield",5,82.64
INV-503276,2026-02-05,Mariner Industrial PLC,MRO & Spare Parts,Marine Fleet,CC-330,PO-4553224,45.85,GBP,,"Stainless bolts M12x50, box of 50",1,45.85
INV-500417,2026-02-06,Clearwater Facilities Ltd,Facilities Management,Ports & Terminals,CC-220,PO-4543056,12732.8,GBP,CT-2025-107,,,
INV-500621,2026-02-06,Quarrymead Stevedoring A/S,Port & Terminal Services,Ports & Terminals,CC-220,PO-4535840,4162.89,EUR,CT-2024-110,,,
INV-500670,2026-02-06,Bayfront Hydraulics Ltd,MRO & Spare Parts,Offshore Wind,CC-110,PO-4575696,8696.23,GBP,CT-2025-111,"Stainless bolts M12x50, box of 50",191,45.53
INV-500724,2026-02-06,Bayfront Hydraulics Ltd,MRO & Spare Parts,Offshore Wind,CC-110,PO-4514166,7140.23,GBP,CT-2025-111,Ball bearing 6205-2RS,961,7.43
INV-501119,2026-02-06,Kingsway Fasteners PLC,MRO & Spare Parts,Marine Fleet,CC-330,PO-4538491,3699.2,GBP,,"Stainless bolts M12x50, box of 50",85,43.52
INV-501140,2026-02-06,Kingsway Fasteners PLC,MRO & Spare Parts,Marine Fleet,CC-330,PO-4546307,5396,GBP,CT-2025-119,Ball bearing 6205-2RS,760,7.1
INV-501168,2026-02-06,Kingsway Fasteners PLC,MRO & Spare Parts,Marine Fleet,CC-330,PO-4598239,3742.72,GBP,CT-2025-119,"Stainless bolts M12x50, box of 50",86,43.52
INV-501908,2026-02-06,Castlegate Utilities Ltd,Energy & Utilities,Offshore Wind,CC-110,PO-4586924,3677.63,GBP,,,,
INV-501999,2026-02-06,Bayfront Advisory Ltd,Professional Services,Marine Fleet,CC-330,,5508.76,GBP,,,,
INV-502033,2026-02-06,Kingsway Facilities Ltd,Facilities Management,Offshore Wind,CC-110,PO-4556761,3194.04,GBP,CT-2025-153,,,
INV-502294,2026-02-06,Juniper Staffing Limited,Temporary Labour,Corporate,CC-900,PO-4563414,2539.47,GBP,CT-2024-168,,,
INV-502423,2026-02-06,Saltmarsh Cleaning & Co,Facilities Management,Ports & Terminals,CC-220,PO-4501012,4604.1,GBP,CT-2025-183,,,
INV-503252,2026-02-06,Yarrow Property Care Ltd,Facilities Management,Ports & Terminals,CC-220,PO-4564531,95.68,GBP,,,,
INV-501908,2026-02-06,Castlegate Utilities Ltd,Energy & Utilities,Offshore Wind,CC-110,PO-4586924,3677.63,GBP,,,,
INV-500699,2026-02-07,Bayfront Hydraulics Ltd,MRO & Spare Parts,Offshore Wind,CC-110,PO-4522316,3997.34,GBP,CT-2025-111,Ball bearing 6205-2RS,538,7.43
INV-500707,2026-02-07,Bayfront Hydraulics Ltd,MRO & Spare Parts,Corporate,CC-900,,9432.46,GBP,CT-2025-111,Centrifugal pump seal kit,82,115.03
INV-500766,2026-02-07,Foxley Systems Inc,IT Hardware & Software,Corporate,CC-900,PO-4562805,15288.39,USD,CT-2024-112,27in monitor,39,392.01
INV-500800,2026-02-07,Shorewell Digital LLC,IT Hardware & Software,Ports & Terminals,CC-220,PO-4523803,7481.52,USD,CT-2025-113,Rugged tablet,4,1870.38
INV-500862,2026-02-07,Shorewell Safety Ltd,Safety & PPE,Corporate,CC-900,PO-4528022,7161.25,GBP,CT-2024-114,"Ear defenders, SNR 30",425,16.85
INV-501090,2026-02-07,Stonehaven Construction PLC,Construction & Civils,Offshore Wind,CC-110,PO-4585335,6759.29,GBP,CT-2024-118,,,
INV-501163,2026-02-07,Kingsway Fasteners PLC,MRO & Spare Parts,Marine Fleet,CC-330,PO-4504288,3599.7,GBP,CT-2025-119,Ball bearing 6205-2RS,507,7.1
INV-501515,2026-02-07,Greystone Telecom Ltd,Telecoms,Corporate,CC-900,PO-4548816,5494.9,GBP,CT-2025-127,,,
INV-501547,2026-02-07,Pembury Civils PLC,Construction & Civils,Ports & Terminals,CC-220,PO-4560319,6466.44,GBP,CT-2024-128,,,
INV-501783,2026-02-07,Tarnside Staffing Ltd,Temporary Labour,Marine Fleet,CC-330,PO-4570966,7627.67,GBP,,,,
INV-501836,2026-02-07,Greystone Systems Inc,IT Hardware & Software,Marine Fleet,CC-330,PO-4501490,6058.71,USD,CT-2025-143,Rugged tablet,3,2019.57
INV-501854,2026-02-07,Deepwell Diving Services PLC,Marine Services,Marine Fleet,CC-330,PO-4545991,7657.16,GBP,,,,
INV-503012,2026-02-07,Stonehaven Partners Limited,Professional Services,Offshore Wind,CC-110,PO-4542150,806.45,GBP,,,,
INV-503064,2026-02-07,Saltmarsh Safety Limited,Safety & PPE,Ports & Terminals,CC-220,,1825.28,GBP,,"Hi-vis jacket, class 3",64,28.52
INV-503169,2026-02-07,Harrowgate Networks Inc,IT Hardware & Software,Corporate,CC-900,PO-4534892,212.53,USD,,Docking station USB-C,1,212.53
INV-500085,2026-02-08,Westerly Safety PLC,Safety & PPE,Offshore Wind,CC-110,PO-4542498,11919.72,GBP,CT-2025-101,"Safety boots, S3",204,58.43
INV-500211,2026-02-08,Ironbridge Stationers Ltd,Office Supplies,Corporate,CC-900,PO-4544322,24863.41,GBP,CT-2025-103,Ergonomic office chair,143,173.87
INV-500660,2026-02-08,Quarrymead Stevedoring A/S,Port & Terminal Services,Corporate,CC-900,PO-4558391,4294.06,EUR,CT-2024-110,,,
INV-500716,2026-02-08,Bayfront Hydraulics Ltd,MRO & Spare Parts,Corporate,CC-900,PO-4587118,8104.34,GBP,CT-2025-111,"Stainless bolts M12x50, box of 50",178,45.53
INV-500866,2026-02-08,Shorewell Safety Ltd,Safety & PPE,Corporate,CC-900,PO-4581361,5695.3,GBP,CT-2024-114,"Ear defenders, SNR 30",338,16.85
INV-500985,2026-02-08,Oakridge Valves PLC,MRO & Spare Parts,Offshore Wind,CC-110,PO-4538955,2372.91,GBP,CT-2024-116,Centrifugal pump seal kit,23,103.17
INV-501385,2026-02-08,Starboard Pumps & Co,MRO & Spare Parts,Offshore Wind,CC-110,PO-4524543,4472.91,GBP,CT-2025-123,Centrifugal pump seal kit,39,114.69
INV-501458,2026-02-08,Merrow Events Ltd,Marketing & Events,Ports & Terminals,CC-220,PO-4586061,3481.3,GBP,CT-2024-124,,,
INV-501934,2026-02-08,Lanyard Kitchens Ltd,Catering & Hospitality,Offshore Wind,CC-110,PO-4597140,4901.67,GBP,CT-2025-149,,,
INV-502639,2026-02-08,Stonehaven PPE Supplies A/S,Safety & PPE,Marine Fleet,CC-330,,2992.59,EUR,,"Safety boots, S3",41,72.99
INV-502946,2026-02-08,Keelson Kitchens Ltd,Catering & Hospitality,Marine Fleet,CC-330,PO-4576875,927.6,GBP,,,,
INV-503040,2026-02-08,Oakridge Creative Ltd,Marketing & Events,Marine Fleet,CC-330,PO-4581367,764.16,GBP,,,,
INV-503394,2026-02-08,Juniper Staffing Limited,Temporary Labour,Corporate,CC-900,PO-4563414,2539.47,GBP,CT-2024-168,,,
INV-500207,2026-02-09,Ironbridge Stationers Ltd,Office Supplies,Marine Fleet,CC-330,PO-4590249,25022.96,GBP,CT-2025-103,"Lever arch files, pack of 10",1916,13.06
INV-501215,2026-02-09,Heathmere Cleaning Limited,Facilities Management,Marine Fleet,CC-330,,2840.93,GBP,CT-2024-120,,,
INV-502506,2026-02-09,Coastway Freight Limited,Logistics & Freight,Ports & Terminals,CC-220,PO-4583890,6473.48,GBP,,,,
INV-502689,2026-02-09,Blackwater Advisory Ltd,Professional Services,Offshore Wind,CC-110,PO-4590956,2265.52,GBP,,,,
INV-503014,2026-02-09,Heathmere Partners Limited,Professional Services,Corporate,CC-900,PO-4506426,1205.45,GBP,,,,
INV-500645,2026-02-10,Quarrymead Stevedoring A/S,Port & Terminal Services,Marine Fleet,CC-330,PO-4526257,8113.14,EUR,CT-2024-110,,,
INV-501060,2026-02-10,Stonehaven Construction PLC,Construction & Civils,Offshore Wind,CC-110,PO-4519388,8392.5,GBP,CT-2024-118,,,
INV-501395,2026-02-10,Starboard Pumps & Co,MRO & Spare Parts,Offshore Wind,CC-110,,10785.41,GBP,CT-2025-123,Gate valve DN50 PN16,61,176.81
INV-501699,2026-02-10,Thistle Software LLC,IT Hardware & Software,Offshore Wind,CC-110,PO-4554551,10922.1,USD,,27in monitor,30,364.07
INV-502162,2026-02-10,Pembury Engineering Supplies Ltd,MRO & Spare Parts,Offshore Wind,CC-110,PO-4560854,2077.7,GBP,CT-2024-160,"Hydraulic hose 1/2in, per metre",158,13.15
INV-502168,2026-02-10,Pembury Engineering Supplies Ltd,MRO & Spare Parts,Marine Fleet,CC-330,,2867.15,GBP,CT-2024-160,Ball bearing 6205-2RS,401,7.15
INV-502494,2026-02-10,Quarrymead Marine A/S,Marine Services,Marine Fleet,CC-330,PO-4505032,4431.87,EUR,,,,
INV-502528,2026-02-10,Stonehaven Haulage BV,Logistics & Freight,Offshore Wind,CC-110,,3483.73,EUR,,,,
INV-502749,2026-02-10,Galeforce Bearings Ltd,MRO & Spare Parts,Marine Fleet,CC-330,PO-4503751,3356.5,GBP,,Gate valve DN50 PN16,25,134.26
INV-502838,2026-02-10,Yarrow Furniture Ltd,Office Supplies,Offshore Wind,CC-110,PO-4506756,725.76,GBP,,"Lever arch files, pack of 10",56,12.96
INV-502994,2026-02-10,Portland Freight PLC,Logistics & Freight,Marine Fleet,CC-330,PO-4546133,263.08,GBP,,,,
INV-500523,2026-02-11,Castlegate Media Ltd,Marketing & Events,Offshore Wind,CC-110,PO-4568959,9388.55,GBP,CT-2024-108,,,
INV-500923,2026-02-11,Shorewell Safety Ltd,Safety & PPE,Corporate,CC-900,PO-4545253,2766.05,GBP,CT-2024-114,"Safety boots, S3",49,56.45
INV-500983,2026-02-11,Oakridge Valves PLC,MRO & Spare Parts,Offshore Wind,CC-110,PO-4569565,3144.68,GBP,CT-2024-116,"Stainless bolts M12x50, box of 50",77,40.84
INV-501145,2026-02-11,Kingsway Fasteners PLC,MRO & Spare Parts,Marine Fleet,CC-330,PO-4551089,2089.05,GBP,CT-2025-119,Centrifugal pump seal kit,19,109.95
INV-501211,2026-02-11,Heathmere Cleaning Limited,Facilities Management,Marine Fleet,CC-330,PO-4500995,5424.58,GBP,CT-2024-120,,,
INV-501542,2026-02-11,Pembury Civils PLC,Construction & Civils,Ports & Terminals,CC-220,PO-4522522,6346.28,GBP,CT-2024-128,,,
INV-502091,2026-02-11,Driftwood Bearings & Co,MRO & Spare Parts,Corporate,CC-900,PO-4588761,2150.61,GBP,,Centrifugal pump seal kit,19,113.19
INV-502471,2026-02-11,Solent Couriers PLC,Logistics & Freight,Marine Fleet,CC-330,PO-4540936,2453.8,GBP,,,,
INV-503118,2026-02-11,Fairhaven Bunkering Limited,Fuel & Lubricants,Offshore Wind,CC-110,,355.23,GBP,,,,
INV-500502,2026-02-12,Castlegate Media Ltd,Marketing & Events,Offshore Wind,CC-110,PO-4500497,5559.15,GBP,CT-2024-108,,,
INV-501161,2026-02-12,Kingsway Fasteners PLC,MRO & Spare Parts,Marine Fleet,CC-330,PO-4536715,5937.3,GBP,CT-2025-119,Centrifugal pump seal kit,54,109.95
INV-501169,2026-02-12,Kingsway Fasteners PLC,MRO & Spare Parts,Marine Fleet,CC-330,PO-4572666,5502.5,GBP,CT-2025-119,Ball bearing 6205-2RS,775,7.1
INV-501532,2026-02-12,Pembury Civils PLC,Construction & Civils,Ports & Terminals,CC-220,PO-4598851,8625.02,GBP,CT-2024-128,,,
INV-501823,2026-02-12,Quarrymead Terminals A/S,Port & Terminal Services,Ports & Terminals,CC-220,PO-4537215,2893.85,EUR,,,,
INV-502010,2026-02-12,Bayfront Advisory Ltd,Professional Services,Marine Fleet,CC-330,PO-4520664,5459.33,GBP,,,,
INV-502123,2026-02-12,Windrush Travel A/S,Travel & Accommodation,Marine Fleet,CC-330,PO-4554839,4656.59,EUR,,,,
INV-502383,2026-02-12,Thistle Facilities Limited,Facilities Management,Corporate,CC-900,PO-4586120,1679.16,GBP,CT-2024-178,,,
INV-502449,2026-02-12,Oakridge Systems Ltd,IT Hardware & Software,Offshore Wind,CC-110,PO-4526478,5052.42,GBP,,Rugged tablet,3,1684.14
INV-500157,2026-02-13,Ravensworth Pumps Limited,MRO & Spare Parts,Marine Fleet,CC-330,PO-4574777,17833.97,GBP,CT-2024-102,"Stainless bolts M12x50, box of 50",437,40.81
INV-500361,2026-02-13,Merrow Workwear Ltd,Safety & PPE,Ports & Terminals,CC-220,PO-4523157,19707.07,GBP,CT-2024-106,"Nitrile gloves, box of 100",2081,9.47
INV-500602,2026-02-13,Quarrymead Stevedoring A/S,Port & Terminal Services,Offshore Wind,CC-110,PO-4558712,8945.09,EUR,CT-2024-110,,,
INV-500879,2026-02-13,Shorewell Safety Ltd,Safety & PPE,Ports & Terminals,CC-220,PO-4557338,7314.74,GBP,CT-2024-114,"Safety helmet, EN397",487,15.02
INV-501106,2026-02-13,Kingsway Fasteners PLC,MRO & Spare Parts,Marine Fleet,CC-330,PO-4564051,2577.3,GBP,CT-2025-119,Ball bearing 6205-2RS,363,7.1
INV-501129,2026-02-13,Kingsway Fasteners PLC,MRO & Spare Parts,Marine Fleet,CC-330,PO-4511239,4576.5,GBP,,Gate valve DN50 PN16,27,169.5
INV-501343,2026-02-13,Coastway Logistics BV,Logistics & Freight,Corporate,CC-900,PO-4551857,8861.14,EUR,CT-2024-122,,,
INV-502619,2026-02-13,Seacroft Partners Ltd,Professional Services,Marine Fleet,CC-330,PO-4526928,5626.58,GBP,,,,
INV-503115,2026-02-13,Solent Academy Limited,Training & Development,Marine Fleet,CC-330,PO-4519588,253.51,GBP,,,,
INV-500797,2026-02-14,Shorewell Digital LLC,IT Hardware & Software,Ports & Terminals,CC-220,PO-4562731,7481.52,USD,CT-2025-113,Rugged tablet,4,1870.38
INV-501080,2026-02-14,Stonehaven Construction PLC,Construction & Civils,Offshore Wind,CC-110,PO-4545875,2579.8,GBP,CT-2024-118,,,
INV-501712,2026-02-14,Thistle Software LLC,IT Hardware & Software,Marine Fleet,CC-330,,11769.12,USD,,Docking station USB-C,48,245.19
INV-502119,2026-02-14,Windrush Travel A/S,Travel & Accommodation,Marine Fleet,CC-330,PO-4592101,3017.53,EUR,,,,
INV-502367,2026-02-14,Stonehaven Property Care Ltd,Facilities Management,Marine Fleet,CC-330,PO-4581811,1742.6,GBP,,,,
INV-502464,2026-02-14,Harrowgate Maintenance Ltd,Facilities Management,Marine Fleet,CC-330,PO-4580064,6552.04,GBP,CT-2025-189,,,
INV-502857,2026-02-14,Juniper Stationers Ltd,Office Supplies,Marine Fleet,CC-330,,890.4,GBP,,"A4 copier paper, box of 5 reams",40,22.26
INV-500119,2026-02-15,Ravensworth Pumps Limited,MRO & Spare Parts,Marine Fleet,CC-330,PO-4574118,17937.66,GBP,CT-2024-102,Centrifugal pump seal kit,174,103.09
INV-500958,2026-02-15,Oakridge Valves PLC,MRO & Spare Parts,Offshore Wind,CC-110,PO-4550165,7742,GBP,CT-2024-116,"Hydraulic hose 1/2in, per metre",632,12.25
INV-501769,2026-02-15,Clearwater Catering Limited,Catering & Hospitality,Marine Fleet,CC-330,PO-4521681,7571.3,GBP,,,,
INV-501781,2026-02-15,Tarnside Staffing Ltd,Temporary Labour,Marine Fleet,CC-330,,5686.91,GBP,,,,
INV-502667,2026-02-15,Westerly Comms Ltd,Telecoms,Offshore Wind,CC-110,PO-4545616,2384.03,GBP,,,,
INV-502831,2026-02-15,Yarrow Furniture Ltd,Office Supplies,Offshore Wind,CC-110,,471.06,GBP,,"Toner cartridge, black, high yield",6,78.51
INV-503107,2026-02-15,Lowther Freight Ltd,Logistics & Freight,Offshore Wind,CC-110,PO-4572220,3087.28,GBP,,,,
INV-500181,2026-02-16,Ironbridge Stationers Ltd,Office Supplies,Marine Fleet,CC-330,PO-4512784,11997.03,GBP,CT-2025-103,Ergonomic office chair,69,173.87
INV-500346,2026-02-16,Merrow Workwear Ltd,Safety & PPE,Ports & Terminals,CC-220,PO-4571319,12257.4,GBP,CT-2024-106,"Safety helmet, EN397",620,19.77
INV-501355,2026-02-16,Coastway Logistics BV,Logistics & Freight,Corporate,CC-900,PO-4573668,4370.95,EUR,,,,
INV-500023,2026-02-17,Wavecrest Bearings Ltd,MRO & Spare Parts,Corporate,CC-900,PO-4589085,18126.76,GBP,CT-2024-100,"Stainless bolts M12x50, box of 50",437,41.48
INV-501112,2026-02-17,Kingsway Fasteners PLC,MRO & Spare Parts,Marine Fleet,CC-330,PO-4564142,2528.85,GBP,CT-2025-119,Centrifugal pump seal kit,23,109.95
INV-501534,2026-02-17,Pembury Civils PLC,Construction & Civils,Ports & Terminals,CC-220,,7590.38,GBP,CT-2024-128,,,
INV-501570,2026-02-17,Juniper Recruitment Ltd,Temporary Labour,Ports & Terminals,CC-220,PO-4559602,8299.51,GBP,CT-2025-129,,,
INV-501610,2026-02-17,Upton Kitchens Ltd,Catering & Hospitality,Offshore Wind,CC-110,PO-4534734,6138.8,GBP,CT-2024-132,,,
INV-502360,2026-02-17,Stonehaven Property Care Ltd,Facilities Management,Offshore Wind,CC-110,PO-4532305,4791.73,GBP,,,,
INV-502522,2026-02-17,Deepwell Towage PLC,Marine Services,Marine Fleet,CC-330,PO-4528504,4109.8,GBP,,,,
INV-503172,2026-02-17,Harrowgate Networks Inc,IT Hardware & Software,Corporate,CC-900,PO-4570805,212.53,USD,,Docking station USB-C,1,212.53
INV-500451,2026-02-18,Clearwater Facilities Ltd,Facilities Management,Ports & Terminals,CC-220,PO-4576510,10810.81,GBP,CT-2025-107,,,
INV-500459,2026-02-18,Castlegate Media Ltd,Marketing & Events,Ports & Terminals,CC-220,PO-4520519,3286.77,GBP,CT-2024-108,,,
INV-501167,2026-02-18,Kingsway Fasteners PLC,MRO & Spare Parts,Ports & Terminals,CC-220,PO-4522157,1998.18,GBP,CT-2025-119,"Hydraulic hose 1/2in, per metre",153,13.06
INV-501271,2026-02-18,Juniper Learning PLC,Training & Development,Ports & Terminals,CC-220,PO-4585269,2256.85,GBP,CT-2025-121,,,
INV-501727,2026-02-18,Driftwood Industrial & Co,MRO & Spare Parts,Corporate,CC-900,PO-4590821,9168.95,GBP,,Gate valve DN50 PN16,67,136.85
INV-502006,2026-02-18,Bayfront Advisory Ltd,Professional Services,Marine Fleet,CC-330,,2482.88,GBP,,,,
INV-502121,2026-02-18,Windrush Travel A/S,Travel & Accommodation,Marine Fleet,CC-330,PO-4520934,4823.25,EUR,,,,
INV-502547,2026-02-18,Blackwater Property Care Limited,Facilities Management,Marine Fleet,CC-330,,6866.35,GBP,,,,
INV-502570,2026-02-18,Ironbridge Hotels PLC,Travel & Accommodation,Marine Fleet,CC-330,PO-4520204,2205.78,GBP,,,,
INV-500929,2026-02-19,Blackwater Travel PLC,Travel & Accommodation,Marine Fleet,CC-330,,8512.43,GBP,CT-2025-115,,,
INV-501179,2026-02-19,Heathmere Cleaning Limited,Facilities Management,Marine Fleet,CC-330,PO-4597481,4534.79,GBP,CT-2024-120,,,
INV-501888,2026-02-19,Solent Training Limited,Training & Development,Ports & Terminals,CC-220,,7657.92,GBP,,,,
INV-500400,2026-02-20,Clearwater Facilities Ltd,Facilities Management,Ports & Terminals,CC-220,PO-4523875,3855.4,GBP,CT-2025-107,,,
INV-500762,2026-02-20,Foxley Systems Inc,IT Hardware & Software,Corporate,CC-900,PO-4570050,12096.49,USD,CT-2024-112,"Laptop, 14in business",7,1728.07
INV-501258,2026-02-20,Juniper Learning PLC,Training & Development,Ports & Terminals,CC-220,PO-4562684,2212.32,GBP,CT-2025-121,,,
INV-501317,2026-02-20,Juniper Learning PLC,Training & Development,Ports & Terminals,CC-220,PO-4548017,1765.44,GBP,CT-2025-121,,,
INV-501719,2026-02-20,Driftwood Industrial & Co,MRO & Spare Parts,Corporate,CC-900,PO-4594044,8193.9,GBP,,Ball bearing 6205-2RS,1430,5.73
INV-503130,2026-02-20,Kingsway Stationers Ltd,Office Supplies,Ports & Terminals,CC-220,PO-4532208,173.94,GBP,,"Toner cartridge, black, high yield",2,86.97
INV-500441,2026-02-21,Clearwater Facilities Ltd,Facilities Management,Ports & Terminals,CC-220,PO-4522988,7415.45,GBP,CT-2025-107,,,
INV-500971,2026-02-21,Oakridge Valves PLC,MRO & Spare Parts,Offshore Wind,CC-110,PO-4536117,7325.07,GBP,CT-2024-116,Centrifugal pump seal kit,71,103.17
INV-501002,2026-02-21,Oakridge Valves PLC,MRO & Spare Parts,Offshore Wind,CC-110,PO-4570751,5820.84,GBP,CT-2024-116,Ball bearing 6205-2RS,874,6.66
INV-501435,2026-02-21,Merrow Events Ltd,Marketing & Events,Ports & Terminals,CC-220,PO-4556539,3596.82,GBP,CT-2024-124,,,
INV-501669,2026-02-21,Merrow Facilities Ltd,Facilities Management,Corporate,CC-900,PO-4541560,8149.16,GBP,CT-2024-134,,,
INV-501725,2026-02-21,Driftwood Industrial & Co,MRO & Spare Parts,Marine Fleet,CC-330,PO-4509984,11362.56,GBP,,Centrifugal pump seal kit,128,88.77
INV-501784,2026-02-21,Tarnside Staffing Ltd,Temporary Labour,Marine Fleet,CC-330,PO-4548250,2165.84,GBP,,,,
INV-502701,2026-02-21,Ironbridge Software Ltd,IT Hardware & Software,Marine Fleet,CC-330,PO-4515734,1949.01,GBP,,27in monitor,7,278.43
INV-503032,2026-02-21,Deepwell Furniture Ltd,Office Supplies,Marine Fleet,CC-330,PO-4508148,413.2,GBP,,"Toner cartridge, black, high yield",5,82.64
INV-503038,2026-02-21,Oakridge Creative Ltd,Marketing & Events,Marine Fleet,CC-330,,981.24,GBP,,,,
INV-503051,2026-02-21,Juniper Print Ltd,Marketing & Events,Offshore Wind,CC-110,PO-4529923,398.58,GBP,,,,
INV-503228,2026-02-21,Pembury PPE Supplies Ltd,Safety & PPE,Marine Fleet,CC-330,PO-4575570,43.15,GBP,,"Nitrile gloves, box of 100",5,8.63
INV-503269,2026-02-21,Mariner Industrial PLC,MRO & Spare Parts,Marine Fleet,CC-330,,82.28,GBP,,Ball bearing 6205-2RS,11,7.48
INV-500018,2026-02-22,Wavecrest Bearings Ltd,MRO & Spare Parts,Corporate,CC-900,PO-4514678,25686.45,GBP,CT-2024-100,Gate valve DN50 PN16,159,161.55
INV-500208,2026-02-22,Ironbridge Stationers Ltd,Office Supplies,Marine Fleet,CC-330,PO-4554952,21896.46,GBP,CT-2025-103,"A4 copier paper, box of 5 reams",1107,19.78
INV-500593,2026-02-22,Coastway Fuels Inc,Fuel & Lubricants,Ports & Terminals,CC-220,PO-4530459,8089.37,USD,,,,
INV-500795,2026-02-22,Shorewell Digital LLC,IT Hardware & Software,Ports & Terminals,CC-220,PO-4556288,10549.44,USD,CT-2025-113,27in monitor,32,329.67
INV-500882,2026-02-22,Shorewell Safety Ltd,Safety & PPE,Corporate,CC-900,PO-4589676,5408.85,GBP,CT-2024-114,"Ear defenders, SNR 30",321,16.85
INV-500903,2026-02-22,Shorewell Safety Ltd,Safety & PPE,Corporate,CC-900,PO-4568043,3740.7,GBP,CT-2024-114,"Ear defenders, SNR 30",222,16.85
INV-501591,2026-02-22,Starboard Fasteners BV,MRO & Spare Parts,Ports & Terminals,CC-220,PO-4564240,17245.4,EUR,CT-2024-130,"Stainless bolts M12x50, box of 50",326,52.9
INV-501895,2026-02-22,Castlegate Utilities Ltd,Energy & Utilities,Offshore Wind,CC-110,PO-4570688,4905.65,GBP,,,,
INV-502194,2026-02-22,Westerly Water Ltd,Energy & Utilities,Ports & Terminals,CC-220,PO-4554706,2468.18,GBP,CT-2025-161,,,
INV-502548,2026-02-22,Blackwater Property Care Limited,Facilities Management,Ports & Terminals,CC-220,,2915.52,GBP,,,,
INV-502602,2026-02-22,Upton Build & Co,Construction & Civils,Offshore Wind,CC-110,,1283.1,GBP,,,,
INV-503185,2026-02-22,Thistle Diving Services PLC,Marine Services,Offshore Wind,CC-110,,84.58,GBP,,,,
INV-503239,2026-02-22,Seacroft Kitchens & Co,Catering & Hospitality,Ports & Terminals,CC-220,PO-4534003,842.02,GBP,,,,
INV-500033,2026-02-23,Wavecrest Bearings Ltd,MRO & Spare Parts,Corporate,CC-900,PO-4505894,16333.72,GBP,CT-2024-100,"Hydraulic hose 1/2in, per metre",1313,12.44
INV-500158,2026-02-23,Ravensworth Pumps Limited,MRO & Spare Parts,Marine Fleet,CC-330,PO-4504165,25710.3,GBP,CT-2024-102,"Stainless bolts M12x50, box of 50",630,40.81
INV-500522,2026-02-23,Castlegate Media Ltd,Marketing & Events,Corporate,CC-900,PO-4574645,10386.48,GBP,CT-2024-108,,,
INV-501300,2026-02-23,Juniper Learning PLC,Training & Development,Ports & Terminals,CC-220,PO-4593208,2654.21,GBP,CT-2025-121,,,
INV-502017,2026-02-23,Kingsway Facilities Ltd,Facilities Management,Marine Fleet,CC-330,,4225.45,GBP,CT-2025-153,,,
INV-502457,2026-02-23,Stonehaven Digital LLC,IT Hardware & Software,Marine Fleet,CC-330,,10218.05,USD,CT-2024-188,Rugged tablet,5,2043.61
INV-502750,2026-02-23,Galeforce Bearings Ltd,MRO & Spare Parts,Marine Fleet,CC-330,PO-4502722,1798.4,GBP,,Ball bearing 6205-2RS,320,5.62
INV-503068,2026-02-23,Portland Legal & Co,Professional Services,Corporate,CC-900,PO-4543879,325.12,GBP,,,,
INV-500077,2026-02-24,Westerly Safety PLC,Safety & PPE,Offshore Wind,CC-110,PO-4598663,32857.15,GBP,CT-2025-101,"Safety helmet, EN397",2113,15.55
INV-500167,2026-02-24,Ravensworth Pumps Limited,MRO & Spare Parts,Marine Fleet,CC-330,PO-4574204,15654.96,GBP,CT-2024-102,"Hydraulic hose 1/2in, per metre",1279,12.24
INV-500274,2026-02-24,Wavecrest Couriers SAS,Logistics & Freight,Marine Fleet,CC-330,PO-4530414,20797.46,EUR,CT-2024-104,,,
INV-500689,2026-02-24,Bayfront Hydraulics Ltd,MRO & Spare Parts,Offshore Wind,CC-110,PO-4559118,3824.52,GBP,CT-2025-111,"Stainless bolts M12x50, box of 50",84,45.53
INV-500889,2026-02-24,Shorewell Safety Ltd,Safety & PPE,Corporate,CC-900,,5842.78,GBP,CT-2024-114,"Safety helmet, EN397",389,15.02
INV-501444,2026-02-24,Merrow Events Ltd,Marketing & Events,Offshore Wind,CC-110,PO-4579501,4991.04,GBP,CT-2024-124,,,
INV-501708,2026-02-24,Thistle Software LLC,IT Hardware & Software,Offshore Wind,CC-110,PO-4537171,12378.38,USD,,27in monitor,34,364.07
INV-501848,2026-02-24,Deepwell Diving Services PLC,Marine Services,Marine Fleet,CC-330,PO-4577698,6999.48,GBP,,,,
INV-502238,2026-02-24,Lanyard Fasteners & Co,MRO & Spare Parts,Offshore Wind,CC-110,PO-4578871,5335.02,GBP,,Ball bearing 6205-2RS,831,6.42
INV-503016,2026-02-24,Heathmere Partners Limited,Professional Services,Offshore Wind,CC-110,PO-4522551,569.34,GBP,,,,
INV-503323,2026-02-24,Coastway Fasteners Limited,MRO & Spare Parts,Marine Fleet,CC-330,PO-4560078,172.47,GBP,,Gate valve DN50 PN16,1,172.47
INV-500045,2026-02-25,Wavecrest Bearings Ltd,MRO & Spare Parts,Corporate,CC-900,,25510.2,GBP,CT-2024-100,"Stainless bolts M12x50, box of 50",615,41.48
INV-500108,2026-02-25,Westerly Safety PLC,Safety & PPE,Offshore Wind,CC-110,PO-4590370,27573.78,GBP,CT-2025-101,"Hi-vis jacket, class 3",1219,22.62
INV-500229,2026-02-25,Wavecrest Couriers SAS,Logistics & Freight,Marine Fleet,CC-330,PO-4524553,27385.41,EUR,CT-2024-104,,,
INV-500996,2026-02-25,Oakridge Valves PLC,MRO & Spare Parts,Offshore Wind,CC-110,PO-4548555,5261.67,GBP,CT-2024-116,Centrifugal pump seal kit,51,103.17
INV-501671,2026-02-25,Merrow Facilities Ltd,Facilities Management,Corporate,CC-900,PO-4582741,2137.07,GBP,CT-2024-134,,,
INV-501931,2026-02-25,Lanyard Kitchens Ltd,Catering & Hospitality,Offshore Wind,CC-110,,2892.05,GBP,CT-2025-149,,,
INV-501959,2026-02-25,Tarnside Haulage PLC,Logistics & Freight,Ports & Terminals,CC-220,PO-4574902,4263.27,GBP,,,,
INV-501996,2026-02-25,Bayfront Advisory Ltd,Professional Services,Marine Fleet,CC-330,PO-4566866,5540.2,GBP,,,,
INV-502323,2026-02-25,Upton Property Care Ltd,Facilities Management,Offshore Wind,CC-110,PO-4578258,19455.33,GBP,,,,
INV-502729,2026-02-25,Lanyard Software Ltd,IT Hardware & Software,Marine Fleet,CC-330,PO-4594616,1772.21,GBP,,Docking station USB-C,11,161.11
INV-502803,2026-02-25,Stonehaven Diving Services A/S,Marine Services,Marine Fleet,CC-330,PO-4540185,1485.88,EUR,,,,
INV-500135,2026-02-26,Ravensworth Pumps Limited,MRO & Spare Parts,Marine Fleet,CC-330,PO-4553351,8582.22,GBP,CT-2024-102,Gate valve DN50 PN16,54,158.93
INV-500427,2026-02-26,Clearwater Facilities Ltd,Facilities Management,Offshore Wind,CC-110,PO-4534462,3779.3,GBP,CT-2025-107,,,
INV-500481,2026-02-26,Castlegate Media Ltd,Marketing & Events,Offshore Wind,CC-110,PO-4523591,10404.38,GBP,CT-2024-108,,,
INV-500876,2026-02-26,Shorewell Safety Ltd,Safety & PPE,Corporate,CC-900,PO-4575583,3529.7,GBP,CT-2024-114,"Safety helmet, EN397",235,15.02
INV-501075,2026-02-26,Stonehaven Construction PLC,Construction & Civils,Offshore Wind,CC-110,PO-4527310,6900.89,GBP,CT-2024-118,,,
INV-501368,2026-02-26,Coastway Logistics BV,Logistics & Freight,Corporate,CC-900,PO-4573571,5768.61,EUR,CT-2024-122,,,
INV-501377,2026-02-26,Coastway Logistics BV,Logistics & Freight,Corporate,CC-900,PO-4596591,3265.09,EUR,CT-2024-122,,,
INV-501603,2026-02-26,Upton Kitchens Ltd,Catering & Hospitality,Offshore Wind,CC-110,PO-4535032,4572.4,GBP,CT-2024-132,,,
INV-501663,2026-02-26,Merrow Facilities Ltd,Facilities Management,Offshore Wind,CC-110,,3742.33,GBP,CT-2024-134,,,
INV-501940,2026-02-26,Lanyard Kitchens Ltd,Catering & Hospitality,Offshore Wind,CC-110,PO-4583791,2721.28,GBP,CT-2025-149,,,
INV-502580,2026-02-26,Solent Pumps Ltd,MRO & Spare Parts,Corporate,CC-900,PO-4566317,2808.06,GBP,,Gate valve DN50 PN16,17,165.18
INV-503305,2026-02-26,Blackwater Furniture Ltd,Office Supplies,Offshore Wind,CC-110,,30.54,GBP,,"Lever arch files, pack of 10",2,15.27
INV-500240,2026-02-27,Wavecrest Couriers SAS,Logistics & Freight,Marine Fleet,CC-330,PO-4529760,25663.64,EUR,CT-2024-104,,,
INV-500350,2026-02-27,Merrow Workwear Ltd,Safety & PPE,Ports & Terminals,CC-220,PO-4547919,11506.14,GBP,CT-2024-106,"Safety helmet, EN397",582,19.77
INV-500482,2026-02-27,Castlegate Media Ltd,Marketing & Events,Offshore Wind,CC-110,PO-4572150,8361.73,GBP,CT-2024-108,,,
INV-500989,2026-02-27,Oakridge Valves PLC,MRO & Spare Parts,Offshore Wind,CC-110,PO-4535574,7944.09,GBP,CT-2024-116,Centrifugal pump seal kit,77,103.17
INV-501014,2026-02-27,Oakridge Valves PLC,MRO & Spare Parts,Offshore Wind,CC-110,PO-4577264,3301.44,GBP,CT-2024-116,Centrifugal pump seal kit,32,103.17
INV-501152,2026-02-27,Kingsway Fasteners PLC,MRO & Spare Parts,Corporate,CC-900,PO-4504674,3729,GBP,CT-2025-119,Gate valve DN50 PN16,22,169.5
INV-502353,2026-02-27,Quarrymead Events Ltd,Marketing & Events,Ports & Terminals,CC-220,PO-4521812,4854.19,GBP,,,,
INV-502850,2026-02-27,Solent Terminals Ltd,Port & Terminal Services,Marine Fleet,CC-330,PO-4580028,583.86,GBP,,,,
INV-500900,2026-02-28,Shorewell Safety Ltd,Safety & PPE,Corporate,CC-900,PO-4508539,5823.9,GBP,CT-2024-114,"Nitrile gloves, box of 100",810,7.19
INV-501139,2026-02-28,Kingsway Fasteners PLC,MRO & Spare Parts,Marine Fleet,CC-330,PO-4528777,2598.94,GBP,CT-2025-119,"Hydraulic hose 1/2in, per metre",199,13.06
INV-502125,2026-02-28,Windrush Travel A/S,Travel & Accommodation,Marine Fleet,CC-330,,5568.26,EUR,,,,
INV-502264,2026-02-28,Harrowgate Stationers Ltd,Office Supplies,Offshore Wind,CC-110,PO-4582433,4331.6,GBP,,"Ballpoint pens, box of 50",476,9.1
INV-502501,2026-02-28,Quarrymead Marine A/S,Marine Services,Marine Fleet,CC-330,,4991.22,EUR,,,,
INV-503106,2026-02-28,Northstar Lubricants Inc,Fuel & Lubricants,Corporate,CC-900,,248.21,USD,,,,
INV-503374,2026-02-28,Ironbridge Fasteners Ltd,MRO & Spare Parts,Corporate,CC-900,,94.5,GBP,,Centrifugal pump seal kit,1,94.5
INV-500820,2026-03-01,Shorewell Digital LLC,IT Hardware & Software,Ports & Terminals,CC-220,PO-4546748,5611.14,USD,CT-2025-113,Rugged tablet,3,1870.38
INV-500917,2026-03-01,Shorewell Safety Ltd,Safety & PPE,Corporate,CC-900,PO-4599468,5678.45,GBP,CT-2024-114,"Ear defenders, SNR 30",337,16.85
INV-501947,2026-03-01,Lanyard Kitchens Ltd,Catering & Hospitality,Ports & Terminals,CC-220,,1734.74,GBP,CT-2025-149,,,
INV-502085,2026-03-01,Driftwood Bearings & Co,MRO & Spare Parts,Corporate,CC-900,PO-4560455,3141.18,GBP,,Gate valve DN50 PN16,18,174.51
INV-502394,2026-03-01,Shorewell Cleaning & Co,Facilities Management,Offshore Wind,CC-110,PO-4536529,1745.95,GBP,CT-2024-180,,,
INV-502421,2026-03-01,Saltmarsh Cleaning & Co,Facilities Management,Ports & Terminals,CC-220,,2234.99,GBP,CT-2025-183,,,
INV-502518,2026-03-01,Deepwell Towage PLC,Marine Services,Corporate,CC-900,PO-4598975,3347.03,GBP,,,,
INV-502557,2026-03-01,Mariner Partners Ltd,Professional Services,Corporate,CC-900,PO-4544933,26495.56,GBP,,,,
INV-502572,2026-03-01,Ironbridge Hotels PLC,Travel & Accommodation,Corporate,CC-900,PO-4579533,3188.65,GBP,,,,
INV-502979,2026-03-01,Stonehaven Networks & Co,IT Hardware & Software,Marine Fleet,CC-330,,497.54,GBP,,27in monitor,2,248.77
INV-500512,2026-03-02,Castlegate Media Ltd,Marketing & Events,Offshore Wind,CC-110,PO-4563354,9557.93,GBP,CT-2024-108,,,
INV-500730,2026-03-02,Bayfront Hydraulics Ltd,MRO & Spare Parts,Offshore Wind,CC-110,PO-4504971,7253.46,GBP,CT-2025-111,"Hydraulic hose 1/2in, per metre",531,13.66
INV-500853,2026-03-02,Shorewell Digital LLC,IT Hardware & Software,Ports & Terminals,CC-220,PO-4534360,3552.32,USD,CT-2025-113,Docking station USB-C,16,222.02
INV-500981,2026-03-02,Oakridge Valves PLC,MRO & Spare Parts,Ports & Terminals,CC-220,PO-4510076,5674.32,GBP,CT-2024-116,Ball bearing 6205-2RS,852,6.66
INV-501396,2026-03-02,Starboard Pumps & Co,MRO & Spare Parts,Corporate,CC-900,PO-4528724,7654.53,GBP,CT-2025-123,Ball bearing 6205-2RS,1033,7.41
INV-501961,2026-03-02,Tarnside Haulage PLC,Logistics & Freight,Ports & Terminals,CC-220,PO-4512699,2011.23,GBP,,,,
INV-503024,2026-03-02,Merrow Energy & Co,Energy & Utilities,Ports & Terminals,CC-220,,459.16,GBP,,,,
INV-503042,2026-03-02,Ironbridge Build Ltd,Construction & Civils,Corporate,CC-900,PO-4514912,454.99,GBP,,,,
INV-500268,2026-03-03,Wavecrest Couriers SAS,Logistics & Freight,Marine Fleet,CC-330,PO-4575757,25151.6,EUR,CT-2024-104,,,
INV-500634,2026-03-03,Quarrymead Stevedoring A/S,Port & Terminal Services,Ports & Terminals,CC-220,,14387.14,EUR,CT-2024-110,,,
INV-500823,2026-03-03,Shorewell Digital LLC,IT Hardware & Software,Ports & Terminals,CC-220,PO-4576650,11767.06,USD,CT-2025-113,Docking station USB-C,53,222.02
INV-500909,2026-03-03,Shorewell Safety Ltd,Safety & PPE,Corporate,CC-900,,9419.15,GBP,,"Ear defenders, SNR 30",559,16.85
INV-501216,2026-03-03,Heathmere Cleaning Limited,Facilities Management,Marine Fleet,CC-330,PO-4573955,4309.12,GBP,CT-2024-120,,,
INV-501652,2026-03-03,Merrow Facilities Ltd,Facilities Management,Corporate,CC-900,PO-4525130,2985.17,GBP,,,,
INV-501994,2026-03-03,Bayfront Advisory Ltd,Professional Services,Marine Fleet,CC-330,PO-4598917,5734.45,GBP,,,,
INV-502240,2026-03-03,Lanyard Fasteners & Co,MRO & Spare Parts,Marine Fleet,CC-330,,4018.92,GBP,,Ball bearing 6205-2RS,626,6.42
INV-502441,2026-03-03,Stonehaven Legal Ltd,Professional Services,Offshore Wind,CC-110,PO-4534686,5650.83,GBP,CT-2025-185,,,
INV-502708,2026-03-03,Shorewell Networks LLC,IT Hardware & Software,Offshore Wind,CC-110,,2151.89,USD,,Rugged tablet,1,2151.89
INV-502738,2026-03-03,Lanyard Software Ltd,IT Hardware & Software,Marine Fleet,CC-330,PO-4595990,2109.08,GBP,,"Laptop, 14in business",2,1054.54
INV-503197,2026-03-03,Ironbridge Workwear Ltd,Safety & PPE,Corporate,CC-900,PO-4543826,79.08,GBP,,"Safety helmet, EN397",4,19.77
INV-503211,2026-03-03,Stonehaven Facilities & Co,Facilities Management,Offshore Wind,CC-110,PO-4527158,565.77,GBP,,,,
INV-500300,2026-03-04,Anchorline Advisory PLC,Professional Services,Marine Fleet,CC-330,PO-4519032,15627.17,GBP,CT-2025-105,,,
INV-500449,2026-03-04,Clearwater Facilities Ltd,Facilities Management,Ports & Terminals,CC-220,PO-4592776,3881.44,GBP,CT-2025-107,,,
INV-500796,2026-03-04,Shorewell Digital LLC,IT Hardware & Software,Corporate,CC-900,PO-4548937,2906.5,USD,CT-2025-113,"Laptop, 14in business",2,1453.25
INV-500846,2026-03-04,Shorewell Digital LLC,IT Hardware & Software,Ports & Terminals,CC-220,PO-4564929,8214.74,USD,CT-2025-113,Docking station USB-C,37,222.02
INV-500888,2026-03-04,Shorewell Safety Ltd,Safety & PPE,Corporate,CC-900,PO-4546361,2766.05,GBP,CT-2024-114,"Safety boots, S3",49,56.45
INV-500938,2026-03-04,Blackwater Travel PLC,Travel & Accommodation,Marine Fleet,CC-330,PO-4559450,15214.78,GBP,CT-2025-115,,,
INV-501573,2026-03-04,Juniper Recruitment Ltd,Temporary Labour,Offshore Wind,CC-110,PO-4574892,7659.65,GBP,CT-2025-129,,,
INV-501581,2026-03-04,Starboard Fasteners BV,MRO & Spare Parts,Ports & Terminals,CC-220,PO-4551542,13124.49,EUR,CT-2024-130,"Hydraulic hose 1/2in, per metre",827,15.87
INV-501742,2026-03-04,Starboard Maintenance Ltd,Facilities Management,Ports & Terminals,CC-220,,5658.78,GBP,,,,
INV-501777,2026-03-04,Tarnside Staffing Ltd,Temporary Labour,Marine Fleet,CC-330,,5885.04,GBP,,,,
INV-502313,2026-03-04,Eastholme Partners Ltd,Professional Services,Offshore Wind,CC-110,PO-4593153,7877.8,GBP,,,,
INV-502804,2026-03-04,Stonehaven Diving Services A/S,Marine Services,Marine Fleet,CC-330,PO-4584415,813.98,EUR,,,,
INV-502992,2026-03-04,Bayfront Maintenance Ltd,Facilities Management,Corporate,CC-900,PO-4580559,935.93,GBP,,,,
INV-503029,2026-03-04,Merrow Energy & Co,Energy & Utilities,Corporate,CC-900,,169.66,GBP,,,,
INV-501723,2026-03-05,Driftwood Industrial & Co,MRO & Spare Parts,Corporate,CC-900,PO-4523809,7660.52,GBP,,"Stainless bolts M12x50, box of 50",218,35.14
INV-501791,2026-03-05,Tarnside Staffing Ltd,Temporary Labour,Marine Fleet,CC-330,PO-4577704,6593.78,GBP,,,,
INV-503301,2026-03-05,Blackwater Furniture Ltd,Office Supplies,Offshore Wind,CC-110,PO-4517081,21.08,GBP,,"Ballpoint pens, box of 50",2,10.54
INV-500640,2026-03-06,Quarrymead Stevedoring A/S,Port & Terminal Services,Offshore Wind,CC-110,PO-4583381,10584.67,EUR,CT-2024-110,,,
INV-500817,2026-03-06,Shorewell Digital LLC,IT Hardware & Software,Ports & Terminals,CC-220,PO-4505580,10879.11,USD,CT-2025-113,27in monitor,33,329.67
INV-500887,2026-03-06,Shorewell Safety Ltd,Safety & PPE,Corporate,CC-900,PO-4545380,4702.26,GBP,CT-2024-114,"Nitrile gloves, box of 100",654,7.19
INV-501701,2026-03-06,Thistle Software LLC,IT Hardware & Software,Offshore Wind,CC-110,PO-4594418,6419.52,USD,,"Laptop, 14in business",4,1604.88
INV-501870,2026-03-06,Greystone PPE Supplies PLC,Safety & PPE,Offshore Wind,CC-110,,6982.5,GBP,CT-2025-145,"Hi-vis jacket, class 3",266,26.25
INV-502071,2026-03-06,Deepwell Telecom Ltd,Telecoms,Marine Fleet,CC-330,,7651.98,GBP,,,,
INV-502092,2026-03-06,Driftwood Bearings & Co,MRO & Spare Parts,Corporate,CC-900,PO-4514370,2443.14,GBP,,Gate valve DN50 PN16,14,174.51
INV-502196,2026-03-06,Westerly Water Ltd,Energy & Utilities,Ports & Terminals,CC-220,PO-4576922,1220.24,GBP,CT-2025-161,,,
INV-502328,2026-03-06,Pembury Diving Services Ltd,Marine Services,Offshore Wind,CC-110,,1741.56,GBP,,,,
INV-500584,2026-03-07,Coastway Fuels Inc,Fuel & Lubricants,Corporate,CC-900,PO-4550668,7702.14,USD,,,,
INV-500782,2026-03-07,Foxley Systems Inc,IT Hardware & Software,Corporate,CC-900,PO-4500101,13344.48,USD,CT-2024-112,Rugged tablet,6,2224.08
INV-501319,2026-03-07,Juniper Learning PLC,Training & Development,Marine Fleet,CC-330,PO-4538396,4226.38,GBP,CT-2025-121,,,
INV-501774,2026-03-07,Tarnside Staffing Ltd,Temporary Labour,Marine Fleet,CC-330,,5435.89,GBP,,,,
INV-502379,2026-03-07,Thistle Facilities Limited,Facilities Management,Corporate,CC-900,,2902.54,GBP,CT-2024-178,,,
INV-502864,2026-03-07,Kingsway Cleaning PLC,Facilities Management,Marine Fleet,CC-330,PO-4514613,1270.16,GBP,,,,
INV-503090,2026-03-07,Whitcombe Port Services Ltd,Port & Terminal Services,Corporate,CC-900,PO-4598113,540.03,GBP,,,,
INV-503242,2026-03-07,Windrush Legal Ltd,Professional Services,Corporate,CC-900,PO-4511228,353.22,GBP,,,,
INV-503295,2026-03-07,Mariner Logistics A/S,Logistics & Freight,Marine Fleet,CC-330,,554.57,EUR,,,,
INV-500228,2026-03-08,Wavecrest Couriers SAS,Logistics & Freight,Marine Fleet,CC-330,PO-4596722,20813.09,EUR,CT-2024-104,,,
INV-500477,2026-03-08,Castlegate Media Ltd,Marketing & Events,Corporate,CC-900,PO-4582253,7765.41,GBP,CT-2024-108,,,
INV-500896,2026-03-08,Shorewell Safety Ltd,Safety & PPE,Corporate,CC-900,PO-4513163,5309.55,GBP,CT-2024-114,"Hi-vis jacket, class 3",243,21.85
INV-500995,2026-03-08,Oakridge Valves PLC,MRO & Spare Parts,Offshore Wind,CC-110,PO-4507800,4165.68,GBP,CT-2024-116,"Stainless bolts M12x50, box of 50",102,40.84
INV-501115,2026-03-08,Kingsway Fasteners PLC,MRO & Spare Parts,Marine Fleet,CC-330,PO-4517501,2825.8,GBP,CT-2025-119,Ball bearing 6205-2RS,398,7.1
INV-501262,2026-03-08,Juniper Learning PLC,Training & Development,Corporate,CC-900,PO-4509781,3783.43,GBP,CT-2025-121,,,
INV-501344,2026-03-08,Coastway Logistics BV,Logistics & Freight,Corporate,CC-900,PO-4576686,8757.53,EUR,CT-2024-122,,,
INV-501584,2026-03-08,Starboard Fasteners BV,MRO & Spare Parts,Offshore Wind,CC-110,PO-4510426,5169.37,EUR,CT-2024-130,Ball bearing 6205-2RS,599,8.63
INV-501624,2026-03-08,Ironbridge Diving Services Limited,Marine Services,Offshore Wind,CC-110,PO-4534436,7842.98,GBP,CT-2025-133,,,
INV-501794,2026-03-08,Tarnside Staffing Ltd,Temporary Labour,Marine Fleet,CC-330,PO-4598732,7253.68,GBP,,,,
INV-502137,2026-03-08,Saltmarsh Travel Limited,Travel & Accommodation,Offshore Wind,CC-110,PO-4506030,2941.73,GBP,,,,
INV-502187,2026-03-08,Westerly Water Ltd,Energy & Utilities,Ports & Terminals,CC-220,PO-4558192,1593.54,GBP,CT-2025-161,,,
INV-502921,2026-03-08,Keelson Towage Ltd,Marine Services,Marine Fleet,CC-330,PO-4575004,437.31,GBP,,,,
INV-503087,2026-03-08,Windrush Media PLC,Marketing & Events,Corporate,CC-900,,260.55,GBP,,,,
INV-503221,2026-03-08,Westerly Media Ltd,Marketing & Events,Ports & Terminals,CC-220,PO-4568192,105.55,GBP,,,,
INV-503266,2026-03-08,Keelson Hydraulics Ltd,MRO & Spare Parts,Marine Fleet,CC-330,PO-4534394,78.52,GBP,,"Stainless bolts M12x50, box of 50",2,39.26
INV-500299,2026-03-09,Anchorline Advisory PLC,Professional Services,Marine Fleet,CC-330,PO-4511966,13462.51,GBP,,,,
INV-500950,2026-03-09,Blackwater Travel PLC,Travel & Accommodation,Marine Fleet,CC-330,PO-4500510,12731.02,GBP,CT-2025-115,,,
INV-501434,2026-03-09,Merrow Events Ltd,Marketing & Events,Ports & Terminals,CC-220,PO-4598436,5573.42,GBP,CT-2024-124,,,
INV-501543,2026-03-09,Pembury Civils PLC,Construction & Civils,Ports & Terminals,CC-220,PO-4513737,6049.9,GBP,CT-2024-128,,,
INV-501846,2026-03-09,Greystone Systems Inc,IT Hardware & Software,Marine Fleet,CC-330,PO-4555510,4707.48,USD,CT-2025-143,"Laptop, 14in business",3,1569.16
INV-502135,2026-03-09,Saltmarsh Travel Limited,Travel & Accommodation,Offshore Wind,CC-110,PO-4569804,1978.83,GBP,,,,
INV-502711,2026-03-09,Deepwell Facilities PLC,Facilities Management,Marine Fleet,CC-330,PO-4535387,2417.49,GBP,,,,
INV-503079,2026-03-09,Windrush Media PLC,Marketing & Events,Marine Fleet,CC-330,PO-4502040,156.37,GBP,,,,
INV-503253,2026-03-09,Yarrow Property Care Ltd,Facilities Management,Marine Fleet,CC-330,,142.85,GBP,,,,
INV-500133,2026-03-10,Ravensworth Pumps Limited,MRO & Spare Parts,Marine Fleet,CC-330,PO-4544156,22782.89,GBP,CT-2024-102,Centrifugal pump seal kit,221,103.09
INV-500914,2026-03-10,Shorewell Safety Ltd,Safety & PPE,Offshore Wind,CC-110,PO-4540679,6140.26,GBP,CT-2024-114,"Nitrile gloves, box of 100",854,7.19
INV-501128,2026-03-10,Kingsway Fasteners PLC,MRO & Spare Parts,Marine Fleet,CC-330,PO-4532941,5424,GBP,CT-2025-119,Gate valve DN50 PN16,32,169.5
INV-501494,2026-03-10,Coastway Property Care Limited,Facilities Management,Corporate,CC-900,PO-4544772,16703.21,GBP,CT-2025-125,,,
INV-501620,2026-03-10,Upton Kitchens Ltd,Catering & Hospitality,Offshore Wind,CC-110,PO-4539360,10156.77,GBP,CT-2024-132,,,
INV-501706,2026-03-10,Thistle Software LLC,IT Hardware & Software,Offshore Wind,CC-110,PO-4511768,9629.28,USD,,"Laptop, 14in business",6,1604.88
INV-502452,2026-03-10,Oakridge Systems Ltd,IT Hardware & Software,Corporate,CC-900,PO-4537484,3562.2,GBP,,27in monitor,12,296.85
INV-502703,2026-03-10,Ironbridge Software Ltd,IT Hardware & Software,Marine Fleet,CC-330,PO-4569176,2454.68,GBP,,"Laptop, 14in business",2,1227.34
CN-503379,2026-03-10,Keelson Diving Services & Co,Marine Services,Offshore Wind,CC-900,PO-4535703,-5077.06,GBP,,,,
INV-500891,2026-03-11,Shorewell Safety Ltd,Safety & PPE,Corporate,CC-900,PO-4534098,8587.05,GBP,CT-2024-114,"Hi-vis jacket, class 3",393,21.85
INV-501273,2026-03-11,Juniper Learning PLC,Training & Development,Corporate,CC-900,PO-4521197,5273.76,GBP,,,,
INV-501636,2026-03-11,Ironbridge Diving Services Limited,Marine Services,Offshore Wind,CC-110,,7449.92,GBP,CT-2025-133,,,
INV-501840,2026-03-11,Greystone Systems Inc,IT Hardware & Software,Ports & Terminals,CC-220,PO-4548967,12102.98,USD,CT-2025-143,27in monitor,34,355.97
INV-501877,2026-03-11,Greystone PPE Supplies PLC,Safety & PPE,Offshore Wind,CC-110,,2073.75,GBP,CT-2025-145,"Hi-vis jacket, class 3",79,26.25
INV-502539,2026-03-11,Lowther Advisory Ltd,Professional Services,Ports & Terminals,CC-220,,2588.44,GBP,,,,
INV-503097,2026-03-11,Foxley Pumps PLC,MRO & Spare Parts,Offshore Wind,CC-110,PO-4589067,573,GBP,,Gate valve DN50 PN16,4,143.25
INV-500319,2026-03-12,Anchorline Advisory PLC,Professional Services,Marine Fleet,CC-330,PO-4569624,10534.43,GBP,CT-2025-105,,,
INV-500460,2026-03-12,Castlegate Media Ltd,Marketing & Events,Offshore Wind,CC-110,PO-4580667,4649.63,GBP,CT-2024-108,,,
INV-500727,2026-03-12,Bayfront Hydraulics Ltd,MRO & Spare Parts,Offshore Wind,CC-110,PO-4522811,3220.84,GBP,CT-2025-111,Centrifugal pump seal kit,28,115.03
INV-500810,2026-03-12,Shorewell Digital LLC,IT Hardware & Software,Corporate,CC-900,PO-4551188,10434.94,USD,CT-2025-113,Docking station USB-C,47,222.02
INV-500937,2026-03-12,Blackwater Travel PLC,Travel & Accommodation,Marine Fleet,CC-330,PO-4550243,10678.27,GBP,CT-2025-115,,,
INV-500943,2026-03-12,Blackwater Travel PLC,Travel & Accommodation,Marine Fleet,CC-330,PO-4576001,15016.12,GBP,CT-2025-115,,,
INV-501044,2026-03-12,Juniper Events & Co,Marketing & Events,Marine Fleet,CC-330,PO-4551384,12206.43,GBP,CT-2025-117,,,
INV-501203,2026-03-12,Heathmere Cleaning Limited,Facilities Management,Marine Fleet,CC-330,PO-4502064,3850.08,GBP,,,,
INV-502844,2026-03-12,Keelson Lubricants LLC,Fuel & Lubricants,Offshore Wind,CC-110,PO-4554503,2349.42,USD,,,,
INV-503053,2026-03-12,Juniper Print Ltd,Marketing & Events,Marine Fleet,CC-330,PO-4501670,340.12,GBP,,,,
INV-500711,2026-03-13,Bayfront Hydraulics Ltd,MRO & Spare Parts,Offshore Wind,CC-110,PO-4510687,9202.4,GBP,CT-2025-111,Centrifugal pump seal kit,80,115.03
INV-500932,2026-03-13,Blackwater Travel PLC,Travel & Accommodation,Marine Fleet,CC-330,PO-4522115,14810.19,GBP,CT-2025-115,,,
INV-501079,2026-03-13,Stonehaven Construction PLC,Construction & Civils,Offshore Wind,CC-110,PO-4509621,9057.3,GBP,CT-2024-118,,,
INV-501105,2026-03-13,Kingsway Fasteners PLC,MRO & Spare Parts,Marine Fleet,CC-330,PO-4524375,2481.4,GBP,CT-2025-119,"Hydraulic hose 1/2in, per metre",190,13.06
INV-501250,2026-03-13,Heathmere Cleaning Limited,Facilities Management,Marine Fleet,CC-330,PO-4500952,2642.65,GBP,CT-2024-120,,,
INV-502963,2026-03-13,Greystone Media & Co,Marketing & Events,Offshore Wind,CC-110,PO-4529784,449.02,GBP,,,,
INV-502967,2026-03-13,Greystone Media & Co,Marketing & Events,Offshore Wind,CC-110,PO-4537035,208.09,GBP,,,,
INV-500761,2026-03-14,Foxley Systems Inc,IT Hardware & Software,Corporate,CC-900,PO-4565439,5184.21,USD,CT-2024-112,"Laptop, 14in business",3,1728.07
INV-501008,2026-03-14,Oakridge Valves PLC,MRO & Spare Parts,Offshore Wind,CC-110,PO-4523025,6779.88,GBP,CT-2024-116,Ball bearing 6205-2RS,1018,6.66
INV-501296,2026-03-14,Juniper Learning PLC,Training & Development,Ports & Terminals,CC-220,PO-4524713,3588.47,GBP,CT-2025-121,,,
INV-501461,2026-03-14,Merrow Events Ltd,Marketing & Events,Corporate,CC-900,PO-4515422,3798.22,GBP,CT-2024-124,,,
INV-501693,2026-03-14,Saltmarsh Kitchens PLC,Catering & Hospitality,Corporate,CC-900,PO-4535566,4265.41,GBP,,,,
INV-501815,2026-03-14,Quarrymead Terminals A/S,Port & Terminal Services,Ports & Terminals,CC-220,PO-4541841,2778.02,EUR,,,,
INV-501869,2026-03-14,Greystone PPE Supplies PLC,Safety & PPE,Offshore Wind,CC-110,PO-4512536,5407.5,GBP,CT-2025-145,"Hi-vis jacket, class 3",206,26.25
INV-502003,2026-03-14,Bayfront Advisory Ltd,Professional Services,Marine Fleet,CC-330,,2152.47,GBP,,,,
INV-502867,2026-03-14,Kingsway Cleaning PLC,Facilities Management,Marine Fleet,CC-330,PO-4582984,743.03,GBP,,,,
INV-503233,2026-03-14,Pembury PPE Supplies Ltd,Safety & PPE,Ports & Terminals,CC-220,PO-4552817,138.08,GBP,,"Nitrile gloves, box of 100",16,8.63
INV-500615,2026-03-15,Quarrymead Stevedoring A/S,Port & Terminal Services,Ports & Terminals,CC-220,PO-4501918,13310.96,EUR,CT-2024-110,,,
INV-501116,2026-03-15,Kingsway Fasteners PLC,MRO & Spare Parts,Marine Fleet,CC-330,PO-4508246,5048.32,GBP,CT-2025-119,"Stainless bolts M12x50, box of 50",116,43.52
INV-501665,2026-03-15,Merrow Facilities Ltd,Facilities Management,Corporate,CC-900,PO-4533349,7989.25,GBP,CT-2024-134,,,
INV-501801,2026-03-15,Quarrymead Terminals A/S,Port & Terminal Services,Ports & Terminals,CC-220,,5090.38,EUR,,,,
INV-501980,2026-03-15,Whitcombe Haulage SAS,Logistics & Freight,Offshore Wind,CC-110,PO-4509077,6946.44,EUR,,,,
INV-501990,2026-03-15,Bayfront Advisory Ltd,Professional Services,Marine Fleet,CC-330,PO-4598835,4673.59,GBP,,,,
INV-502023,2026-03-15,Kingsway Facilities Ltd,Facilities Management,Corporate,CC-900,,2937,GBP,CT-2025-153,,,
INV-502814,2026-03-15,Deepwell Workwear Ltd,Safety & PPE,Offshore Wind,CC-110,PO-4536963,2436.84,GBP,,"Safety boots, S3",36,67.69
INV-500122,2026-03-16,Ravensworth Pumps Limited,MRO & Spare Parts,Marine Fleet,CC-330,,22091.27,GBP,CT-2024-102,Gate valve DN50 PN16,139,158.93
INV-500450,2026-03-16,Clearwater Facilities Ltd,Facilities Management,Ports & Terminals,CC-220,PO-4513732,7529.76,GBP,CT-2025-107,,,
INV-500559,2026-03-16,Coastway Fuels Inc,Fuel & Lubricants,Corporate,CC-900,PO-4506523,11648.84,USD,,,,
INV-500626,2026-03-16,Quarrymead Stevedoring A/S,Port & Terminal Services,Ports & Terminals,CC-220,PO-4532341,9605.09,EUR,CT-2024-110,,,
INV-500693,2026-03-16,Bayfront Hydraulics Ltd,MRO & Spare Parts,Marine Fleet,CC-330,PO-4515026,8972.34,GBP,CT-2025-111,Centrifugal pump seal kit,78,115.03
INV-500772,2026-03-16,Foxley Systems Inc,IT Hardware & Software,Corporate,CC-900,PO-4583406,4448.16,USD,CT-2024-112,Rugged tablet,2,2224.08
INV-501073,2026-03-16,Stonehaven Construction PLC,Construction & Civils,Offshore Wind,CC-110,PO-4518652,3307.57,GBP,CT-2024-118,,,
INV-501429,2026-03-16,Merrow Events Ltd,Marketing & Events,Ports & Terminals,CC-220,PO-4567106,2548.17,GBP,CT-2024-124,,,
INV-501662,2026-03-16,Merrow Facilities Ltd,Facilities Management,Corporate,CC-900,,7318.45,GBP,CT-2024-134,,,
INV-502503,2026-03-16,Coastway Freight Limited,Logistics & Freight,Offshore Wind,CC-110,,2926.94,GBP,,,,
INV-502705,2026-03-16,Shorewell Networks LLC,IT Hardware & Software,Offshore Wind,CC-110,,2655.03,USD,,27in monitor,7,379.29
INV-503050,2026-03-16,Juniper Print Ltd,Marketing & Events,Offshore Wind,CC-110,PO-4560167,158.47,GBP,,,,
INV-503089,2026-03-16,Windrush Media PLC,Marketing & Events,Offshore Wind,CC-110,PO-4592250,109.25,GBP,,,,
INV-500378,2026-03-17,Merrow Workwear Ltd,Safety & PPE,Ports & Terminals,CC-220,PO-4520611,22346.52,GBP,CT-2024-106,"Hi-vis jacket, class 3",777,28.76
INV-500504,2026-03-17,Castlegate Media Ltd,Marketing & Events,Offshore Wind,CC-110,PO-4534146,12068.1,GBP,CT-2024-108,,,
INV-501100,2026-03-17,Stonehaven Construction PLC,Construction & Civils,Corporate,CC-900,PO-4582225,3084.83,GBP,CT-2024-118,,,
INV-501141,2026-03-17,Kingsway Fasteners PLC,MRO & Spare Parts,Marine Fleet,CC-330,PO-4561990,1695,GBP,CT-2025-119,Gate valve DN50 PN16,10,169.5
INV-502202,2026-03-17,Clearwater Staffing Ltd,Temporary Labour,Marine Fleet,CC-330,PO-4563434,3900.18,GBP,,,,
INV-502322,2026-03-17,Upton Property Care Ltd,Facilities Management,Offshore Wind,CC-110,PO-4530374,26222.58,GBP,,,,
INV-502435,2026-03-17,Starboard Creative Limited,Marketing & Events,Ports & Terminals,CC-220,,1521.21,GBP,,,,
INV-503019,2026-03-17,Seacroft Civils PLC,Construction & Civils,Marine Fleet,CC-330,PO-4574213,1110.86,GBP,,,,
INV-503139,2026-03-17,Kingsway Stationers Ltd,Office Supplies,Ports & Terminals,CC-220,PO-4586843,108.7,GBP,,"A4 copier paper, box of 5 reams",5,21.74
INV-500142,2026-03-18,Ravensworth Pumps Limited,MRO & Spare Parts,Marine Fleet,CC-330,PO-4533224,14144.77,GBP,CT-2024-102,Gate valve DN50 PN16,89,158.93
INV-500201,2026-03-18,Ironbridge Stationers Ltd,Office Supplies,Offshore Wind,CC-110,PO-4599877,7946.62,GBP,CT-2025-103,"Ballpoint pens, box of 50",881,9.02
INV-501003,2026-03-18,Oakridge Valves PLC,MRO & Spare Parts,Offshore Wind,CC-110,PO-4571063,7015.56,GBP,CT-2024-116,Centrifugal pump seal kit,68,103.17
INV-501143,2026-03-18,Kingsway Fasteners PLC,MRO & Spare Parts,Marine Fleet,CC-330,PO-4557461,4407,GBP,CT-2025-119,Gate valve DN50 PN16,26,169.5
INV-501682,2026-03-18,Saltmarsh Kitchens PLC,Catering & Hospitality,Corporate,CC-900,PO-4545347,11896.78,GBP,,,,
INV-501964,2026-03-18,Tarnside Haulage PLC,Logistics & Freight,Ports & Terminals,CC-220,PO-4532294,4252.38,GBP,,,,
INV-502191,2026-03-18,Westerly Water Ltd,Energy & Utilities,Ports & Terminals,CC-220,PO-4558811,3498.13,GBP,,,,
INV-502488,2026-03-18,Harrowgate Furniture Ltd,Office Supplies,Corporate,CC-900,,3551.47,GBP,,"Lever arch files, pack of 10",221,16.07
INV-500957,2026-03-19,Blackwater Travel PLC,Travel & Accommodation,Marine Fleet,CC-330,PO-4560060,4811.37,GBP,CT-2025-115,,,
INV-501077,2026-03-19,Stonehaven Construction PLC,Construction & Civils,Offshore Wind,CC-110,PO-4596334,9376.97,GBP,CT-2024-118,,,
INV-501388,2026-03-19,Starboard Pumps & Co,MRO & Spare Parts,Offshore Wind,CC-110,PO-4598442,5061.03,GBP,CT-2025-123,Ball bearing 6205-2RS,683,7.41
INV-501518,2026-03-19,Greystone Telecom Ltd,Telecoms,Corporate,CC-900,PO-4572644,15063.18,GBP,CT-2025-127,,,
INV-501917,2026-03-19,Castlegate Utilities Ltd,Energy & Utilities,Corporate,CC-900,PO-4579473,4888.1,GBP,,,,
INV-502725,2026-03-19,Anchorline Maintenance & Co,Facilities Management,Marine Fleet,CC-330,,843.83,GBP,,,,
INV-502810,2026-03-19,Stonehaven Diving Services A/S,Marine Services,Corporate,CC-900,PO-4518140,746.09,EUR,,,,
INV-503010,2026-03-19,Stonehaven Partners Limited,Professional Services,Offshore Wind,CC-110,PO-4554585,564.62,GBP,,,,
INV-503196,2026-03-19,Ironbridge Workwear Ltd,Safety & PPE,Corporate,CC-900,PO-4521074,177.93,GBP,,"Safety helmet, EN397",9,19.77
INV-503397,2026-03-19,Stonehaven Construction PLC,Construction & Civils,Corporate,CC-900,PO-4582225,3084.83,GBP,CT-2024-118,,,
INV-500297,2026-03-20,Anchorline Advisory PLC,Professional Services,Marine Fleet,CC-330,PO-4573291,20643.64,GBP,,,,
INV-500506,2026-03-20,Castlegate Media Ltd,Marketing & Events,Offshore Wind,CC-110,PO-4542365,11025.06,GBP,CT-2024-108,,,
INV-500533,2026-03-20,Coastway Fuels Inc,Fuel & Lubricants,Corporate,CC-900,,4969.12,USD,CT-2025-109,,,
INV-500649,2026-03-20,Quarrymead Stevedoring A/S,Port & Terminal Services,Ports & Terminals,CC-220,PO-4560459,4274.45,EUR,CT-2024-110,,,
INV-501880,2026-03-20,Greystone PPE Supplies PLC,Safety & PPE,Offshore Wind,CC-110,PO-4523978,2816.64,GBP,CT-2025-145,"Nitrile gloves, box of 100",326,8.64
INV-502152,2026-03-20,Saltmarsh Travel Limited,Travel & Accommodation,Offshore Wind,CC-110,PO-4518736,2768.43,GBP,,,,
INV-502179,2026-03-20,Westerly Water Ltd,Energy & Utilities,Ports & Terminals,CC-220,PO-4548918,4070.37,GBP,CT-2025-161,,,
INV-503128,2026-03-20,Anchorline Build & Co,Construction & Civils,Marine Fleet,CC-330,,679.29,GBP,,,,
INV-503199,2026-03-20,Ironbridge Workwear Ltd,Safety & PPE,Corporate,CC-900,,155.19,GBP,,"Ear defenders, SNR 30",7,22.17
INV-503334,2026-03-20,Foxley Academy & Co,Training & Development,Corporate,CC-900,PO-4543277,27.68,GBP,,,,
INV-500847,2026-03-21,Shorewell Digital LLC,IT Hardware & Software,Ports & Terminals,CC-220,PO-4578498,7104.64,USD,,Docking station USB-C,32,222.02
INV-501614,2026-03-21,Upton Kitchens Ltd,Catering & Hospitality,Offshore Wind,CC-110,PO-4523492,8362.55,GBP,,,,
INV-502109,2026-03-21,Driftwood Bearings & Co,MRO & Spare Parts,Corporate,CC-900,,2553.6,GBP,,"Hydraulic hose 1/2in, per metre",190,13.44
INV-502288,2026-03-21,Juniper Staffing Limited,Temporary Labour,Corporate,CC-900,PO-4554414,2754.52,GBP,CT-2024-168,,,
INV-503396,2026-03-21,Quarrymead Stevedoring A/S,Port & Terminal Services,Ports & Terminals,CC-220,PO-4560459,4274.45,EUR,CT-2024-110,,,
INV-500980,2026-03-22,Oakridge Valves PLC,MRO & Spare Parts,Offshore Wind,CC-110,,5089.6,GBP,CT-2024-116,Gate valve DN50 PN16,32,159.05
INV-501017,2026-03-22,Oakridge Valves PLC,MRO & Spare Parts,Corporate,CC-900,PO-4572590,7472.52,GBP,CT-2024-116,Ball bearing 6205-2RS,1122,6.66
INV-501170,2026-03-22,Kingsway Fasteners PLC,MRO & Spare Parts,Marine Fleet,CC-330,PO-4503387,3970.24,GBP,CT-2025-119,"Hydraulic hose 1/2in, per metre",304,13.06
INV-501387,2026-03-22,Starboard Pumps & Co,MRO & Spare Parts,Offshore Wind,CC-110,PO-4595300,9724.55,GBP,CT-2025-123,Gate valve DN50 PN16,55,176.81
INV-501694,2026-03-22,Saltmarsh Kitchens PLC,Catering & Hospitality,Corporate,CC-900,,9421.88,GBP,,,,
INV-501757,2026-03-22,Anchorline Marine PLC,Marine Services,Offshore Wind,CC-110,PO-4533831,13349.57,GBP,,,,
INV-501764,2026-03-22,Clearwater Catering Limited,Catering & Hospitality,Marine Fleet,CC-330,PO-4548530,6702.6,GBP,,,,
INV-502016,2026-03-22,Kingsway Facilities Ltd,Facilities Management,Corporate,CC-900,PO-4543334,3238.32,GBP,CT-2025-153,,,
INV-502079,2026-03-22,Deepwell Telecom Ltd,Telecoms,Marine Fleet,CC-330,PO-4544519,2363.36,GBP,,,,
INV-502463,2026-03-22,Harrowgate Maintenance Ltd,Facilities Management,Marine Fleet,CC-330,PO-4527620,8451.17,GBP,,,,
INV-500092,2026-03-23,Westerly Safety PLC,Safety & PPE,Offshore Wind,CC-110,PO-4583060,23251.62,GBP,CT-2025-101,"Ear defenders, SNR 30",1334,17.43
INV-501051,2026-03-23,Juniper Events & Co,Marketing & Events,Ports & Terminals,CC-220,PO-4527235,12797.16,GBP,CT-2025-117,,,
INV-501190,2026-03-23,Heathmere Cleaning Limited,Facilities Management,Offshore Wind,CC-110,PO-4570882,5166.35,GBP,CT-2024-120,,,
INV-501363,2026-03-23,Coastway Logistics BV,Logistics & Freight,Corporate,CC-900,PO-4578366,5589.23,EUR,CT-2024-122,,,
INV-501730,2026-03-23,Driftwood Industrial & Co,MRO & Spare Parts,Corporate,CC-900,PO-4563003,11580.33,GBP,,Ball bearing 6205-2RS,2021,5.73
INV-501771,2026-03-23,Clearwater Catering Limited,Catering & Hospitality,Ports & Terminals,CC-220,PO-4546669,6421.13,GBP,,,,
INV-501856,2026-03-23,Deepwell Diving Services PLC,Marine Services,Marine Fleet,CC-330,PO-4508099,9007.93,GBP,,,,
INV-501905,2026-03-23,Castlegate Utilities Ltd,Energy & Utilities,Offshore Wind,CC-110,PO-4534760,2704.08,GBP,,,,
INV-502845,2026-03-23,Keelson Lubricants LLC,Fuel & Lubricants,Marine Fleet,CC-330,PO-4556535,2524.21,USD,,,,
INV-500156,2026-03-24,Ravensworth Pumps Limited,MRO & Spare Parts,Marine Fleet,CC-330,PO-4580559,20205.64,GBP,CT-2024-102,Centrifugal pump seal kit,196,103.09
INV-500429,2026-03-24,Clearwater Facilities Ltd,Facilities Management,Ports & Terminals,CC-220,PO-4536317,12364.58,GBP,,,,
INV-500778,2026-03-24,Foxley Systems Inc,IT Hardware & Software,Marine Fleet,CC-330,PO-4518378,13824.56,USD,CT-2024-112,"Laptop, 14in business",8,1728.07
INV-501138,2026-03-24,Kingsway Fasteners PLC,MRO & Spare Parts,Corporate,CC-900,PO-4508824,2181.02,GBP,CT-2025-119,"Hydraulic hose 1/2in, per metre",167,13.06
INV-501236,2026-03-24,Heathmere Cleaning Limited,Facilities Management,Marine Fleet,CC-330,PO-4506990,4972.23,GBP,CT-2024-120,,,
INV-503207,2026-03-24,Keelson PPE Supplies Ltd,Safety & PPE,Ports & Terminals,CC-220,,258.12,GBP,,"Safety boots, S3",4,64.53
INV-503208,2026-03-24,Upton Pumps Limited,MRO & Spare Parts,Ports & Terminals,CC-220,PO-4553666,909.24,GBP,,Gate valve DN50 PN16,6,151.54
INV-500044,2026-03-25,Wavecrest Bearings Ltd,MRO & Spare Parts,Corporate,CC-900,PO-4574301,33266.96,GBP,,"Stainless bolts M12x50, box of 50",802,41.48
INV-500508,2026-03-25,Castlegate Media Ltd,Marketing & Events,Offshore Wind,CC-110,PO-4545388,9804.95,GBP,CT-2024-108,,,
INV-500805,2026-03-25,Shorewell Digital LLC,IT Hardware & Software,Ports & Terminals,CC-220,PO-4521707,3296.7,USD,CT-2025-113,27in monitor,10,329.67
INV-501078,2026-03-25,Stonehaven Construction PLC,Construction & Civils,Offshore Wind,CC-110,PO-4517306,4881.42,GBP,CT-2024-118,,,
INV-501219,2026-03-25,Heathmere Cleaning Limited,Facilities Management,Marine Fleet,CC-330,PO-4518754,2723.95,GBP,CT-2024-120,,,
INV-501346,2026-03-25,Coastway Logistics BV,Logistics & Freight,Corporate,CC-900,PO-4578805,6265.01,EUR,,,,
INV-501555,2026-03-25,Juniper Recruitment Ltd,Temporary Labour,Ports & Terminals,CC-220,PO-4517687,3342.9,GBP,CT-2025-129,,,
INV-502081,2026-03-25,Deepwell Telecom Ltd,Telecoms,Ports & Terminals,CC-220,PO-4579210,4813.59,GBP,,,,
INV-502690,2026-03-25,Blackwater Advisory Ltd,Professional Services,Offshore Wind,CC-110,,684.4,GBP,,,,
INV-502832,2026-03-25,Yarrow Furniture Ltd,Office Supplies,Offshore Wind,CC-110,PO-4532237,549.57,GBP,,"Toner cartridge, black, high yield",7,78.51
INV-503086,2026-03-25,Windrush Media PLC,Marketing & Events,Corporate,CC-900,,189.42,GBP,,,,
INV-503237,2026-03-25,Galeforce Construction Ltd,Construction & Civils,Marine Fleet,CC-330,PO-4562439,196.62,GBP,,,,
INV-503369,2026-03-25,Eastholme Consulting Ltd,Professional Services,Ports & Terminals,CC-220,PO-4549358,18,GBP,,,,
INV-500057,2026-03-26,Wavecrest Bearings Ltd,MRO & Spare Parts,Corporate,CC-900,PO-4582259,13203.54,GBP,CT-2024-100,Centrifugal pump seal kit,126,104.79
INV-500143,2026-03-26,Ravensworth Pumps Limited,MRO & Spare Parts,Ports & Terminals,CC-220,,23521.64,GBP,,Gate valve DN50 PN16,148,158.93
INV-500347,2026-03-26,Merrow Workwear Ltd,Safety & PPE,Marine Fleet,CC-330,PO-4557638,16968.4,GBP,CT-2024-106,"Hi-vis jacket, class 3",590,28.76
INV-500364,2026-03-26,Merrow Workwear Ltd,Safety & PPE,Corporate,CC-900,PO-4589301,12140.54,GBP,CT-2024-106,"Nitrile gloves, box of 100",1282,9.47
INV-500651,2026-03-26,Quarrymead Stevedoring A/S,Port & Terminal Services,Ports & Terminals,CC-220,PO-4592240,7428.06,EUR,CT-2024-110,,,
INV-501381,2026-03-26,Starboard Pumps & Co,MRO & Spare Parts,Offshore Wind,CC-110,PO-4566603,10623.6,GBP,CT-2025-123,"Stainless bolts M12x50, box of 50",234,45.4
INV-502159,2026-03-26,Pembury Engineering Supplies Ltd,MRO & Spare Parts,Corporate,CC-900,,3484.75,GBP,CT-2024-160,"Hydraulic hose 1/2in, per metre",265,13.15
INV-503126,2026-03-26,Anchorline Build & Co,Construction & Civils,Offshore Wind,CC-110,PO-4594426,853.62,GBP,,,,
INV-503267,2026-03-26,Keelson Hydraulics Ltd,MRO & Spare Parts,Marine Fleet,CC-330,PO-4545437,129.58,GBP,,"Hydraulic hose 1/2in, per metre",11,11.78
INV-500555,2026-03-27,Coastway Fuels Inc,Fuel & Lubricants,Corporate,CC-900,PO-4527832,5520.06,USD,,,,
INV-501667,2026-03-27,Merrow Facilities Ltd,Facilities Management,Corporate,CC-900,PO-4589408,4049.33,GBP,CT-2024-134,,,
INV-501814,2026-03-27,Quarrymead Terminals A/S,Port & Terminal Services,Ports & Terminals,CC-220,PO-4561074,4309.79,EUR,,,,
INV-502384,2026-03-27,Thistle Facilities Limited,Facilities Management,Corporate,CC-900,PO-4567520,2297.07,GBP,CT-2024-178,,,
INV-502683,2026-03-27,Quarrymead Office Supplies Ltd,Office Supplies,Corporate,CC-900,,2388.15,GBP,,"Toner cartridge, black, high yield",29,82.35
INV-502716,2026-03-27,Kingsway Hospitality PLC,Catering & Hospitality,Ports & Terminals,CC-220,PO-4510184,4230.75,GBP,,,,
INV-500437,2026-03-28,Clearwater Facilities Ltd,Facilities Management,Ports & Terminals,CC-220,PO-4543603,10859.12,GBP,CT-2025-107,,,
INV-500556,2026-03-28,Coastway Fuels Inc,Fuel & Lubricants,Corporate,CC-900,PO-4580298,10888.83,USD,CT-2025-109,,,
INV-500575,2026-03-28,Coastway Fuels Inc,Fuel & Lubricants,Corporate,CC-900,PO-4542149,13889.65,USD,CT-2025-109,,,
INV-500966,2026-03-28,Oakridge Valves PLC,MRO & Spare Parts,Offshore Wind,CC-110,PO-4530583,4434.5,GBP,CT-2024-116,"Hydraulic hose 1/2in, per metre",362,12.25
INV-501193,2026-03-28,Heathmere Cleaning Limited,Facilities Management,Marine Fleet,CC-330,PO-4525380,5454.82,GBP,CT-2024-120,,,
INV-501278,2026-03-28,Juniper Learning PLC,Training & Development,Ports & Terminals,CC-220,PO-4551652,4736.81,GBP,CT-2025-121,,,
INV-501496,2026-03-28,Coastway Property Care Limited,Facilities Management,Corporate,CC-900,PO-4546678,7271.34,GBP,CT-2025-125,,,
INV-501655,2026-03-28,Merrow Facilities Ltd,Facilities Management,Corporate,CC-900,PO-4579389,7642.2,GBP,CT-2024-134,,,
INV-501748,2026-03-28,Anchorline Marine PLC,Marine Services,Marine Fleet,CC-330,,9579.58,GBP,,,,
INV-502027,2026-03-28,Kingsway Facilities Ltd,Facilities Management,Corporate,CC-900,,2161.24,GBP,CT-2025-153,,,
INV-502369,2026-03-28,Fairhaven Events Ltd,Marketing & Events,Corporate,CC-900,,5600.88,GBP,,,,
INV-502477,2026-03-28,Solent Couriers PLC,Logistics & Freight,Marine Fleet,CC-330,,3233.62,GBP,,,,
INV-502549,2026-03-28,Windrush Print Ltd,Marketing & Events,Marine Fleet,CC-330,PO-4581865,5878.56,GBP,,,,
INV-503173,2026-03-28,Harrowgate Networks Inc,IT Hardware & Software,Corporate,CC-900,PO-4558182,425.06,USD,,Docking station USB-C,2,212.53
INV-500483,2026-03-29,Castlegate Media Ltd,Marketing & Events,Marine Fleet,CC-330,,11749.52,GBP,CT-2024-108,,,
INV-500750,2026-03-29,Foxley Systems Inc,IT Hardware & Software,Corporate,CC-900,PO-4592378,15312.58,USD,CT-2024-112,Docking station USB-C,58,264.01
INV-501159,2026-03-29,Kingsway Fasteners PLC,MRO & Spare Parts,Marine Fleet,CC-330,PO-4592940,4743.68,GBP,,"Stainless bolts M12x50, box of 50",109,43.52
INV-501247,2026-03-29,Heathmere Cleaning Limited,Facilities Management,Marine Fleet,CC-330,PO-4550981,4677.48,GBP,CT-2024-120,,,
INV-501538,2026-03-29,Pembury Civils PLC,Construction & Civils,Corporate,CC-900,PO-4553944,5585.83,GBP,CT-2024-128,,,
INV-501670,2026-03-29,Merrow Facilities Ltd,Facilities Management,Corporate,CC-900,,5707.9,GBP,CT-2024-134,,,
INV-501845,2026-03-29,Greystone Systems Inc,IT Hardware & Software,Ports & Terminals,CC-220,PO-4538483,6276.64,USD,CT-2025-143,"Laptop, 14in business",4,1569.16
INV-501949,2026-03-29,Lanyard Kitchens Ltd,Catering & Hospitality,Offshore Wind,CC-110,,2144.54,GBP,CT-2025-149,,,
INV-502043,2026-03-29,Clearwater Civils Ltd,Construction & Civils,Offshore Wind,CC-110,PO-4533211,2803.8,GBP,,,,
INV-502784,2026-03-29,Keelson Stationers PLC,Office Supplies,Ports & Terminals,CC-220,PO-4526976,1698.27,GBP,,"Toner cartridge, black, high yield",21,80.87
INV-503290,2026-03-29,Yarrow Consulting & Co,Professional Services,Offshore Wind,CC-110,PO-4527751,329.63,GBP,,,,
INV-500514,2026-03-30,Castlegate Media Ltd,Marketing & Events,Offshore Wind,CC-110,PO-4582247,10585,GBP,CT-2024-108,,,
INV-501074,2026-03-30,Stonehaven Construction PLC,Construction & Civils,Offshore Wind,CC-110,PO-4530075,6305.09,GBP,CT-2024-118,,,
INV-502654,2026-03-30,Windrush Digital & Co,IT Hardware & Software,Marine Fleet,CC-330,,2342.88,GBP,,27in monitor,9,260.32
INV-503241,2026-03-30,Windrush Legal Ltd,Professional Services,Corporate,CC-900,PO-4593788,304.62,GBP,,,,
INV-503312,2026-03-30,Vantage Media PLC,Marketing & Events,Ports & Terminals,CC-220,PO-4576789,113.92,GBP,,,,
INV-500774,2026-03-31,Foxley Systems Inc,IT Hardware & Software,Corporate,CC-900,PO-4584840,10368.42,USD,CT-2024-112,"Laptop, 14in business",6,1728.07
INV-500973,2026-03-31,Oakridge Valves PLC,MRO & Spare Parts,Offshore Wind,CC-110,PO-4521617,7472.5,GBP,,"Hydraulic hose 1/2in, per metre",610,12.25
INV-501921,2026-03-31,Blackwater Stationers & Co,Office Supplies,Corporate,CC-900,,6581.9,GBP,,"Lever arch files, pack of 10",415,15.86
INV-501943,2026-03-31,Lanyard Kitchens Ltd,Catering & Hospitality,Offshore Wind,CC-110,PO-4531662,3994.57,GBP,CT-2025-149,,,
INV-501991,2026-03-31,Bayfront Advisory Ltd,Professional Services,Marine Fleet,CC-330,PO-4586118,3397.25,GBP,,,,
INV-502051,2026-03-31,Keelson Diving Services & Co,Marine Services,Offshore Wind,CC-110,PO-4590962,1761.9,GBP,,,,
INV-502508,2026-03-31,Juniper Consulting Ltd,Professional Services,Ports & Terminals,CC-220,PO-4536290,14041.18,GBP,,,,
INV-502914,2026-03-31,Wavecrest Creative & Co,Marketing & Events,Ports & Terminals,CC-220,PO-4547107,458.6,GBP,,,,
INV-503300,2026-03-31,Windrush Bunkering LLC,Fuel & Lubricants,Ports & Terminals,CC-220,PO-4563718,594.82,USD,,,,
